id,company_id,year,net_profit_margin_pct,operating_profit_margin_pct,return_on_equity_pct,debt_to_equity,interest_coverage,asset_turnover,free_cash_flow_cr,capex_cr,earnings_per_share,book_value_per_share,dividend_payout_ratio_pct,total_debt_cr,cash_from_operations_cr,revenue_cagr_5yr,pat_cagr_5yr,eps_cagr_5yr,composite_quality_score,broad_sector,market_cap_crore,pe_ratio,pb_ratio,dividend_yield_pct,sales,net_profit,dividend_payout,peer_group_name,is_benchmark,return_on_equity_pct_percentile,net_profit_margin_pct_percentile,asset_turnover_percentile,free_cash_flow_cr_percentile,revenue_cagr_5yr_percentile,pat_cagr_5yr_percentile,debt_to_equity_percentile,interest_coverage_percentile,benchmark_score,score_difference
1,ABB,Dec 2012,8.77,12.0,22.41,0.0,,1.8225,42.0,59.0,68.0,3.081,25.0,0.0,101.0,,,,,Industrials,,,,,1653.0,145.0,25.0,Industrial Equipment,0,52.083333333333336,70.83333333333334,8.333333333333332,62.5,,,29.166666666666668,,,
3,ABB,Mar 2014,8.7,12.0,25.13,0.0,,1.9982,0.0,0.0,93.0,3.7524,25.0,0.0,0.0,,,,,Industrials,,,,,2276.0,198.0,25.0,Industrial Equipment,0,25.0,75.0,4.166666666666666,66.66666666666666,,,29.166666666666668,,,
5,ABB,Mar 2015,10.0,14.0,24.44,0.0,,1.6659,-1899.0,1864.0,108.0,4.4619,29.0,0.0,-35.0,,,,,Industrials,,,,,2289.0,229.0,29.0,Industrial Equipment,0,29.166666666666668,54.166666666666664,12.5,100.0,,,29.166666666666668,,,
7,ABB,Mar 2016,9.76,14.0,21.34,0.0,138.3333,1.6176,728.0,816.0,120.0,5.6905,29.0,0.0,1544.0,,,,,Industrials,,,,,2614.0,255.0,29.0,Industrial Equipment,0,58.333333333333336,58.333333333333336,16.666666666666664,37.5,,,29.166666666666668,42.857142857142854,,
9,ABB,Mar 2017,9.54,14.0,19.97,0.0,227.5,1.4051,459.0,1730.0,130.0,6.6048,31.0,0.0,2189.0,,,,,Industrials,,,,,2903.0,277.0,31.0,Industrial Equipment,0,62.5,66.66666666666666,20.833333333333336,45.83333333333333,,,29.166666666666668,19.047619047619047,,
11,ABB,Mar 2018,12.16,16.0,23.69,0.0,160.5,1.3651,-994.0,3192.0,189.0,8.0619,29.0,0.0,2198.0,14.81,22.56,22.68,20.02,Industrials,,,,,3298.0,401.0,29.0,Industrial Equipment,0,37.5,37.5,25.0,95.83333333333334,7.142857142857142,14.285714285714285,29.166666666666668,28.57142857142857,,
13,ABB,Mar 2019,12.23,16.0,22.41,0.0,359.0,1.2509,-459.0,3050.0,212.0,9.5619,31.0,0.0,2591.0,10.08,17.84,17.92,15.28,Industrials,844312.98,19.29,14.26,0.84,3679.0,450.0,31.0,Industrial Equipment,0,52.083333333333336,29.166666666666668,29.166666666666668,83.33333333333334,50.0,57.14285714285714,29.166666666666668,9.523809523809524,,
15,ABB,Mar 2020,14.49,18.0,24.39,0.072,96.7778,1.1539,-206.0,5643.0,279.0,11.5762,90.0,175.0,5437.0,12.33,20.96,20.9,18.06,Industrials,923674.33,67.54,13.03,3.9,4093.0,593.0,90.0,Industrial Equipment,0,33.33333333333333,25.0,45.83333333333333,75.0,14.285714285714285,35.714285714285715,100.0,52.38095238095239,,
17,ABB,Mar 2021,16.03,21.0,26.56,0.0588,55.7222,1.1224,-225.0,4009.0,325.0,12.3905,85.0,153.0,3784.0,10.52,22.06,22.05,18.21,Industrials,1020674.09,62.63,6.67,1.58,4310.0,691.0,85.0,Industrial Equipment,0,20.833333333333336,20.833333333333336,54.166666666666664,79.16666666666666,35.714285714285715,21.428571428571427,95.83333333333334,90.47619047619048,,
19,ABB,Mar 2022,16.26,22.0,28.33,0.0539,61.3158,1.1631,161.0,3936.0,376.0,13.4286,73.0,152.0,4097.0,11.1,23.6,23.67,19.46,Industrials,1185994.82,18.68,4.75,3.35,4913.0,799.0,73.0,Industrial Equipment,0,16.666666666666664,16.666666666666664,41.66666666666667,54.166666666666664,28.57142857142857,7.142857142857142,91.66666666666666,80.95238095238095,,
21,ABB,Mar 2023,17.74,23.0,29.77,0.0354,85.0,1.1741,-922.0,4699.0,447.0,15.181,73.0,113.0,3777.0,10.16,18.8,18.79,15.92,Industrials,1161513.28,58.34,12.72,1.05,5349.0,949.0,73.0,Industrial Equipment,0,12.5,12.5,37.5,87.5,42.857142857142854,50.0,87.5,57.14285714285714,,
23,ABB,Mar 2024,20.53,25.0,32.47,0.0224,141.75,1.1263,1095.0,4943.0,565.0,17.6143,73.0,83.0,6038.0,9.72,21.69,21.66,17.69,Industrials,1536236.24,75.58,4.48,0.96,5849.0,1201.0,73.0,Industrial Equipment,0,8.333333333333332,8.333333333333332,50.0,20.833333333333336,57.14285714285714,28.57142857142857,83.33333333333334,38.095238095238095,,
24,ADANIENSOL,Mar 2014,,,0.0,0.0,,,0.0,0.0,0.0,0.1,,0.0,0.0,,,,,Energy,,,,,0.0,0.0,,Renewable Energy,0,90.9090909090909,,,45.45454545454545,,,9.090909090909092,,,
25,ADANIENSOL,Mar 2015,-5.34,78.0,-0.65,8.9575,1.4247,0.0114,-1899.0,1864.0,0.0,0.0994,0.0,9701.0,-35.0,,,,,Energy,,,,,131.0,-7.0,0.0,Renewable Energy,0,100.0,100.0,100.0,100.0,,,100.0,100.0,,
26,ADANIENSOL,Mar 2016,16.77,88.0,13.77,3.2129,2.0867,0.1868,728.0,816.0,3.0,0.2429,0.0,8585.0,1544.0,,,,,Energy,,,,,2194.0,368.0,0.0,Renewable Energy,0,36.36363636363637,20.0,90.0,18.181818181818183,,,90.9090909090909,80.0,,
27,ADANIENSOL,Mar 2017,14.46,69.0,14.12,3.0455,2.2179,0.2245,459.0,1730.0,4.0,0.2679,0.0,8975.0,2189.0,,,,,Energy,,,,,2876.0,416.0,0.0,Renewable Energy,0,27.27272727272727,30.0,70.0,27.27272727272727,,,81.81818181818183,60.0,,
28,ADANIENSOL,Mar 2018,28.98,72.0,18.87,1.7216,3.3149,0.2284,-994.0,3192.0,10.0,0.5506,0.0,10428.0,2198.0,,,,,Energy,,,,,3944.0,1143.0,0.0,Renewable Energy,0,9.090909090909092,10.0,60.0,90.9090909090909,,,18.181818181818183,10.0,,
29,ADANIENSOL,Mar 2019,7.649999999999999,38.0,6.950000000000001,2.5037,2.2387,0.2244,-459.0,3050.0,5.0,0.7312,0.0,20137.0,2591.0,,,,0.0,Energy,171905.69,76.72,12.85,2.97,7305.0,559.0,0.0,Renewable Energy,0,81.81818181818183,70.0,80.0,72.72727272727273,,,27.27272727272727,50.0,,
30,ADANIENSOL,Mar 2020,6.18,37.0,8.309999999999999,2.8528,2.0192,0.2875,-206.0,5643.0,7.0,0.7726,0.0,24246.0,5437.0,144.37,,,48.12,Energy,217135.25,35.93,9.79,2.97,11416.0,706.0,0.0,Renewable Energy,0,72.72727272727273,90.0,10.0,54.54545454545454,20.0,,36.36363636363637,90.0,,
31,ADANIENSOL,Mar 2021,13.0,40.0,14.46,3.0379,2.3925,0.2296,-225.0,4009.0,11.0,0.8108,0.0,27095.0,3784.0,35.24,28.51,29.67,31.14,Energy,275655.59,59.65,14.71,4.17,9926.0,1290.0,0.0,Renewable Energy,0,18.181818181818183,40.0,50.0,63.63636363636363,40.0,25.0,72.72727272727273,20.0,,
32,ADANIENSOL,Mar 2022,10.98,37.0,12.47,3.0164,2.3222,0.2372,161.0,3936.0,11.0,0.9012,0.0,29902.0,4097.0,31.38,24.33,22.42,26.04,Energy,306303.52,71.21,6.44,2.37,11258.0,1236.0,0.0,Renewable Energy,0,45.45454545454545,50.0,40.0,36.36363636363637,60.0,50.0,63.63636363636363,30.0,,
33,ADANIENSOL,Mar 2023,9.64,34.0,10.9,2.9168,2.1938,0.2465,-922.0,4699.0,11.0,1.0537,0.0,34270.0,3777.0,27.51,2.31,1.92,10.58,Energy,263283.51,28.96,13.96,2.07,13293.0,1281.0,0.0,Renewable Energy,0,54.54545454545454,60.0,30.0,81.81818181818183,80.0,100.0,45.45454545454545,70.0,,
34,ADANIENSOL,Mar 2024,7.199999999999999,30.0,9.46,2.9325,2.2848,0.2837,1095.0,4943.0,10.0,1.1337,0.0,37070.0,6038.0,17.85,16.43,14.87,16.38,Energy,348517.36,58.5,9.05,1.65,16607.0,1196.0,0.0,Renewable Energy,0,63.63636363636363,80.0,20.0,9.090909090909092,100.0,75.0,54.54545454545454,40.0,,
35,ADANIENT,Mar 2013,2.63,13.0,5.69,3.2404,2.2325,0.4145,-7124.0,14790.0,15.0,19.4509,10.0,69332.0,7666.0,,,,,Industrials,,,,,46375.0,1218.0,10.0,Diversified Conglomerates,1,75.0,50.0,100.0,83.33333333333334,,,91.66666666666666,25.0,,
36,ADANIENT,Mar 2014,4.82,17.0,11.14,3.0298,1.8482,0.4653,221.0,8007.0,20.0,21.5973,7.0,71980.0,8228.0,,,,,Industrials,,,,,54947.0,2646.0,7.0,Diversified Conglomerates,1,8.333333333333332,8.333333333333332,91.66666666666666,41.66666666666667,,,83.33333333333334,91.66666666666666,,
37,ADANIENT,Mar 2015,3.56,19.0,8.93,3.2483,1.8767,0.4932,-2933.0,11465.0,18.0,23.3891,8.0,83571.0,8532.0,,,,,Industrials,,,,,64465.0,2298.0,8.0,Diversified Conglomerates,1,16.666666666666664,16.666666666666664,83.33333333333334,58.333333333333336,,,100.0,75.0,,
38,ADANIENT,Mar 2016,2.94,5.0,7.470000000000001,1.4329,2.0103,0.816,3287.0,1825.0,9.0,12.1618,4.0,19169.0,5112.0,,,,,Industrials,,,,,34008.0,1000.0,4.0,Diversified Conglomerates,1,33.33333333333333,33.33333333333333,33.33333333333333,16.666666666666664,,,41.66666666666667,58.333333333333336,,
39,ADANIENT,Mar 2017,2.53,5.0,6.54,1.4747,2.109,0.7673,-686.0,1460.0,9.0,12.8509,4.0,20846.0,774.0,,,,,Industrials,,,,,36533.0,925.0,4.0,Diversified Conglomerates,1,50.0,58.333333333333336,41.66666666666667,50.0,,,50.0,41.66666666666667,,
40,ADANIENT,Mar 2018,1.65,6.0,3.94,1.1689,1.9208,0.6369,-4707.0,7649.0,7.0,13.7173,6.0,17637.0,2942.0,-4.98,-13.38,-14.14,-10.83,Industrials,,,,,35924.0,594.0,6.0,Diversified Conglomerates,1,83.33333333333334,83.33333333333334,66.66666666666666,75.0,71.42857142857143,71.42857142857143,33.33333333333333,66.66666666666666,-10.83,0.0
41,ADANIENT,Mar 2019,1.25,5.0,3.43,0.7619,1.5218,0.9493,5723.0,2487.0,7.0,13.4145,6.0,11243.0,3236.0,-5.98,-28.17,-18.94,-17.7,Industrials,173718.83,56.08,5.69,2.5,40379.0,506.0,6.0,Diversified Conglomerates,1,100.0,91.66666666666666,8.333333333333332,8.333333333333332,85.71428571428571,100.0,16.666666666666664,100.0,-17.7,0.0
42,ADANIENT,Mar 2020,2.4,5.0,6.140000000000001,0.7328,2.014,0.9259,1372.0,1082.0,10.0,15.4064,10.0,12419.0,2454.0,-7.61,-14.66,-11.09,-11.12,Industrials,217309.44,36.71,2.39,2.72,43403.0,1040.0,10.0,Diversified Conglomerates,1,58.333333333333336,66.66666666666666,16.666666666666664,33.33333333333333,100.0,85.71428571428571,8.333333333333332,50.0,-11.12,0.0
43,ADANIENT,Mar 2021,2.65,6.0,6.1,0.9457,2.1786,0.766,-4568.0,8611.0,8.0,15.5991,12.0,16227.0,4043.0,3.06,0.9,-2.33,0.54,Industrials,205258.66,72.59,8.25,0.24,39537.0,1046.0,12.0,Diversified Conglomerates,1,66.66666666666666,41.66666666666667,50.0,66.66666666666666,57.14285714285714,42.857142857142854,25.0,33.33333333333333,0.54,0.0
44,ADANIENT,Mar 2022,1.14,5.0,3.54,1.8693,1.8709,0.6834,-15656.0,17041.0,7.0,20.2336,14.0,41604.0,1385.0,13.7,-3.16,-4.9,1.88,Industrials,186771.02,56.13,9.8,2.85,69420.0,788.0,14.0,Diversified Conglomerates,1,91.66666666666666,100.0,58.333333333333336,100.0,42.857142857142854,57.14285714285714,75.0,83.33333333333334,1.88,0.0
45,ADANIENT,Mar 2023,1.9,7.0,7.33,1.6096,2.4318,0.9028,2167.0,15459.0,22.0,28.9921,6.0,53200.0,17626.0,28.84,32.46,25.74,29.01,Industrials,196563.95,65.7,5.32,3.93,127540.0,2422.0,6.0,Diversified Conglomerates,1,41.66666666666667,75.0,25.0,25.0,14.285714285714285,28.57142857142857,58.333333333333336,16.666666666666664,29.01,0.0
46,ADANIENT,Mar 2024,3.46,12.0,8.53,1.6714,2.7493,0.6004,-8455.0,18767.0,28.0,34.2772,5.0,65310.0,10312.0,19.02,45.81,31.95,32.26,Industrials,187927.97,58.87,10.41,0.83,96421.0,3335.0,5.0,Diversified Conglomerates,1,25.0,25.0,75.0,91.66666666666666,28.57142857142857,14.285714285714285,66.66666666666666,8.333333333333332,32.26,0.0
47,ADANIGREEN,Mar 2017,-9.36,80.0,-3.91,3.6135,1.4461,0.0815,-1483.0,1511.0,0.0,0.0944,0.0,4347.0,28.0,,,,,Energy,,,,,502.0,-47.0,0.0,Power & Utilities,0,88.75,95.0,100.0,80.0,,,78.75,87.5,,
48,ADANIGREEN,Mar 2018,-9.32,57.0,-10.29,7.3557,1.6033,0.0942,-3779.0,4428.0,-1.0,0.0857,0.0,9864.0,649.0,,,,,Energy,,,,,1480.0,-138.0,0.0,Power & Utilities,0,91.25,93.75,97.5,86.25,,,90.0,83.75,-0.87,
49,ADANIGREEN,Mar 2019,-23.08,74.0,-24.57,5.7641,1.4264,0.1404,-1041.0,2666.0,-3.0,0.1236,0.0,11142.0,1625.0,,,,,Energy,485373.12,29.07,10.49,0.27,2058.0,-475.0,0.0,Power & Utilities,0,95.0,97.5,69.375,75.0,,,82.5,88.75,4.15,
50,ADANIGREEN,Mar 2020,-2.67,57.0,-2.89,6.3072,1.3457,0.1384,-1778.0,3743.0,0.0,0.1507,0.0,14866.0,1965.0,,,,,Energy,517543.72,72.14,14.91,0.21,2549.0,-68.0,0.0,Power & Utilities,0,87.5,88.75,71.25,81.25,,,85.0,91.25,4.58,
51,ADANIGREEN,Mar 2021,5.83,72.0,8.27,11.0041,1.3477,0.1089,-7536.0,9137.0,1.0,0.1407,0.0,24209.0,1601.0,,,,,Energy,519085.0,17.73,4.85,2.14,3124.0,182.0,0.0,Power & Utilities,0,68.75,72.5,92.5,93.75,,,96.25,90.0,7.3,
52,ADANIGREEN,Mar 2022,9.53,68.0,18.71,20.2112,1.5357,0.0871,-15603.0,18730.0,3.0,0.1671,0.0,52832.0,3127.0,59.2,,,19.73,Energy,495446.05,37.61,5.59,3.37,5133.0,489.0,0.0,Power & Utilities,0,6.25,63.74999999999999,98.75,100.0,2.2222222222222223,,98.75,86.25,9.6,10.13
53,ADANIGREEN,Mar 2023,12.51,64.0,13.32,7.4237,1.9364,0.1162,3408.0,3857.0,6.0,0.4611,0.0,54223.0,7265.0,39.35,,,13.12,Energy,449015.01,9.89,6.92,4.31,7776.0,973.0,0.0,Power & Utilities,0,26.25,52.5,86.25,37.5,4.444444444444445,,91.25,78.75,11.42,1.6999999999999993
54,ADANIGREEN,Mar 2024,13.67,79.0,12.81,6.5953,1.7139,0.1047,-13347.0,21060.0,7.0,0.6208,0.0,64858.0,7713.0,34.98,,,11.66,Energy,510512.78,45.26,6.24,0.89,9220.0,1260.0,0.0,Power & Utilities,0,35.0,46.25,93.75,98.75,6.666666666666667,,86.25,82.5,9.8,1.8599999999999994
67,ADANIPORTS,Mar 2013,45.82,67.0,25.63,1.8173,5.0295,0.17,-3757.0,5136.0,8.0,1.5945,12.0,11620.0,1379.0,-22.2,-20.15,-20.38,-20.91,Industrials,,,,,3577.0,1639.0,12.0,Ports & Logistics,1,8.333333333333332,16.666666666666664,91.66666666666666,83.33333333333334,83.33333333333334,100.0,100.0,41.66666666666667,-20.91,0.0
68,ADANIPORTS,Mar 2014,36.05,60.0,19.86,1.4808,3.6888,0.1957,-1378.0,2510.0,8.0,2.1171,12.0,12979.0,1132.0,-22.36,-18.87,-19.04,-20.09,Industrials,,,,,4830.0,1741.0,12.0,Ports & Logistics,1,41.66666666666667,58.333333333333336,25.0,66.66666666666666,91.66666666666666,91.66666666666666,75.0,100.0,-20.09,0.0
69,ADANIPORTS,Mar 2015,37.78,63.0,21.59,1.6513,3.9047,0.1918,572.0,2485.0,11.0,2.6002,10.0,17776.0,3057.0,-21.66,-15.49,-15.14,-17.43,Industrials,,,,,6152.0,2324.0,10.0,Ports & Logistics,1,25.0,41.66666666666667,54.166666666666664,58.333333333333336,75.0,66.66666666666666,83.33333333333334,91.66666666666666,-17.43,0.0
70,ADANIPORTS,Mar 2016,40.17,64.0,21.15,1.6544,4.7215,0.1852,-1772.0,4153.0,14.0,3.2621,8.0,22342.0,2381.0,-23.26,-18.83,-18.1,-20.06,Industrials,,,,,7109.0,2856.0,8.0,Ports & Logistics,1,33.33333333333333,33.33333333333333,70.83333333333334,75.0,100.0,83.33333333333334,91.66666666666666,66.66666666666666,-20.06,0.0
71,ADANIPORTS,Mar 2017,46.23999999999999,64.0,22.26,1.2675,5.7841,0.1946,1434.0,2629.0,19.0,4.2333,7.0,22214.0,4063.0,-21.57,-16.72,-15.84,-18.04,Industrials,,,,,8439.0,3902.0,7.0,Ports & Logistics,1,16.666666666666664,8.333333333333332,33.33333333333333,50.0,66.66666666666666,75.0,66.66666666666666,16.666666666666664,-18.04,0.0
72,ADANIPORTS,Mar 2018,32.59,63.0,17.65,1.0702,5.0671,0.2397,1762.0,3846.0,18.0,5.049,11.0,22370.0,5608.0,25.92,17.62,17.61,20.38,Industrials,,,,,11323.0,3690.0,11.0,Ports & Logistics,1,50.0,66.66666666666666,8.333333333333332,33.33333333333333,8.333333333333332,16.666666666666664,16.666666666666664,33.33333333333333,20.38,0.0
73,ADANIPORTS,Mar 2019,37.03,60.0,16.6,1.137,5.6931,0.194,1661.0,4368.0,19.0,5.887,1.0,27712.0,6029.0,17.73,18.37,18.89,18.33,Industrials,697221.18,50.76,1.64,2.77,10925.0,4045.0,1.0,Ports & Logistics,1,58.333333333333336,50.0,41.66666666666667,41.66666666666667,25.0,8.333333333333332,25.0,25.0,18.33,0.0
74,ADANIPORTS,Mar 2020,31.88,50.0,14.87,1.188,4.0364,0.1918,6653.0,749.0,19.0,6.2702,17.0,30242.0,7402.0,14.05,10.25,11.55,11.95,Industrials,702836.27,53.52,5.91,0.16,11873.0,3785.0,17.0,Ports & Logistics,1,83.33333333333334,75.0,54.166666666666664,16.666666666666664,41.66666666666667,41.66666666666667,58.333333333333336,83.33333333333334,11.95,0.0
75,ADANIPORTS,Mar 2021,40.23,69.0,16.59,1.1779,4.7251,0.1683,-6508.0,14064.0,25.0,7.4978,20.0,35855.0,7556.0,12.04,12.07,12.3,12.14,Industrials,611152.14,77.47,0.9,1.0,12550.0,5049.0,20.0,Ports & Logistics,1,66.66666666666666,25.0,100.0,100.0,58.333333333333336,33.33333333333333,50.0,58.333333333333336,12.14,0.0
76,ADANIPORTS,Mar 2022,28.93,56.0,11.84,1.1462,4.4654,0.1741,4927.0,5493.0,23.0,9.9102,22.0,47935.0,10420.0,15.2,4.89,3.9,8.0,Industrials,733808.16,15.26,3.96,0.2,17119.0,4953.0,22.0,Ports & Logistics,1,100.0,91.66666666666666,83.33333333333334,25.0,33.33333333333333,58.333333333333336,33.33333333333333,75.0,8.0,0.0
77,ADANIPORTS,Mar 2023,25.85,52.0,11.88,1.1772,4.7711,0.1852,-4816.0,16716.0,25.0,10.5067,20.0,53434.0,11900.0,12.99,7.88,6.79,9.22,Industrials,634603.85,29.48,7.65,2.23,20852.0,5391.0,20.0,Ports & Logistics,1,91.66666666666666,100.0,70.83333333333334,91.66666666666666,50.0,50.0,41.66666666666667,50.0,9.22,0.0
78,ADANIPORTS,Mar 2024,30.34,58.0,15.35,0.9373,5.9495,0.2283,8250.0,6768.0,38.0,12.2171,16.0,49470.0,15018.0,19.58,14.91,14.87,16.45,Industrials,675598.01,48.9,2.31,1.16,26711.0,8104.0,16.0,Ports & Logistics,1,75.0,83.33333333333334,16.666666666666664,8.333333333333332,16.666666666666664,25.0,8.333333333333332,8.333333333333332,16.45,0.0
79,ADANIPOWER,Mar 2013,-34.29,14.0,-53.45999999999999,9.7356,0.69,0.1224,-1063.0,4064.0,-10.0,0.1794,0.0,41795.0,3001.0,,,,,Energy,,,,,6692.0,-2295.0,0.0,Power & Utilities,0,97.5,100.0,82.5,76.25,,,95.0,98.75,,
80,ADANIPOWER,Mar 2014,-1.9,30.0,-4.45,6.7477,1.1365,0.261,-1462.0,4700.0,-1.0,0.2278,0.0,44150.0,3238.0,,,,,Energy,,,,,15328.0,-291.0,0.0,Power & Utilities,0,90.0,87.5,56.25,78.75,,,87.5,96.25,,
81,ADANIPOWER,Mar 2015,-4.37,25.0,-14.25,7.8152,1.206,0.3195,1087.0,4737.0,-3.0,0.1993,0.0,44742.0,5824.0,,,,,Energy,,,,,18683.0,-816.0,0.0,Power & Utilities,0,93.75,91.25,41.25,58.75,,,92.5,93.75,,
82,ADANIPOWER,Mar 2016,2.17,35.0,7.380000000000001,7.0607,1.5469,0.3348,2565.0,2692.0,2.0,0.224,0.0,52729.0,5257.0,,,,,Energy,,,,,25377.0,551.0,0.0,Power & Utilities,0,72.5,81.25,30.0,48.75,,,88.75,85.0,,
83,ADANIPOWER,Mar 2017,-27.3,26.0,-205.8,17.4947,0.3921,0.3163,3513.0,1212.0,-16.0,0.0778,0.0,52484.0,4725.0,,,,,Energy,,,,,22616.0,-6174.0,0.0,Power & Utilities,0,98.75,98.75,43.75,35.0,,,97.5,100.0,,
84,ADANIPOWER,Mar 2018,-10.36,27.0,-236.56,59.4319,1.1113,0.292,4581.0,520.0,-5.0,0.023,0.0,52835.0,5101.0,24.85,,,8.28,Energy,,,,,20304.0,-2103.0,0.0,Power & Utilities,0,100.0,96.25,47.5,27.500000000000004,8.88888888888889,,100.0,97.5,-0.87,9.149999999999999
85,ADANIPOWER,Mar 2019,-4.12,21.0,-12.76,6.0918,1.3136,0.3513,4626.0,984.0,-3.0,0.1999,0.0,46980.0,5610.0,9.28,,,3.09,Energy,1188256.85,27.22,4.37,0.06,23884.0,-984.0,0.0,Power & Utilities,0,92.5,90.0,26.25,26.25,37.77777777777778,,83.75,92.5,4.15,-1.0600000000000005
86,ADANIPOWER,Mar 2020,-8.6,22.0,-35.09999999999999,8.517,1.1396,0.3528,3294.0,2304.0,-6.0,0.168,0.0,55199.0,5598.0,7.21,,,2.4,Energy,1117866.08,66.83,5.7,2.51,26468.0,-2275.0,0.0,Power & Utilities,0,96.25,92.5,23.75,38.75,46.666666666666664,,93.75,95.0,4.58,-2.18
87,ADANIPOWER,Mar 2021,4.84,33.0,9.69,4.0051,2.0754,0.3327,4826.0,2188.0,3.0,0.34,0.0,52519.0,7014.0,0.66,18.18,8.45,9.1,Energy,986259.76,66.6,14.89,2.97,26221.0,1270.0,0.0,Power & Utilities,0,57.49999999999999,75.0,32.5,25.0,84.44444444444444,19.444444444444446,81.25,73.75,7.3,1.7999999999999998
88,ADANIPOWER,Mar 2022,17.73,36.0,26.61,2.6627,3.3673,0.338,11007.0,774.0,13.0,0.4785,0.0,49145.0,10233.0,4.15,,,1.38,Energy,1042747.57,52.23,2.28,1.18,27711.0,4912.0,0.0,Power & Utilities,0,3.75,35.0,28.749999999999996,12.5,64.44444444444444,,71.25,51.24999999999999,9.6,-8.219999999999999
89,ADANIPOWER,Mar 2023,27.67,26.0,35.91,1.4175,4.2927,0.4518,9976.0,1545.0,28.0,0.7746,0.0,42350.0,8431.0,13.81,,,4.6,Energy,1074636.56,33.86,8.51,2.86,38773.0,10727.0,0.0,Power & Utilities,0,2.5,30.0,6.25,13.750000000000002,28.888888888888886,,36.25,38.75,11.42,-6.82
90,ADANIPOWER,Mar 2024,41.37,36.0,48.28,0.8023,8.2972,0.5472,17651.0,3481.0,54.0,1.1186,0.0,34616.0,14170.0,16.09,,,5.36,Energy,1372183.55,44.57,9.91,1.65,50351.0,20829.0,0.0,Power & Utilities,0,1.25,3.75,1.25,10.0,17.77777777777778,,17.5,8.75,9.8,-4.44
91,AMBUJACEM,Dec 2012,13.25,25.0,14.69,0.0068,32.5897,0.7897,1472.0,388.0,8.0,2.8562,43.0,60.0,1860.0,,,,,Materials,,,,,9749.0,1292.0,43.0,Cement,0,26.47058823529412,35.294117647058826,8.823529411764707,50.0,,,23.52941176470588,11.76470588235294,,
92,AMBUJACEM,Dec 2013,13.95,18.0,13.51,0.0051,30.7313,0.7071,771.0,496.0,8.0,3.0621,44.0,48.0,1267.0,,,,,Materials,,,,,9161.0,1278.0,44.0,Cement,0,38.23529411764706,20.588235294117645,26.47058823529412,70.58823529411765,,,20.588235294117645,14.705882352941178,,
93,AMBUJACEM,Dec 2014,14.94,19.0,14.77,0.0034,35.6515,0.7173,1219.0,456.0,10.0,3.2484,46.0,34.0,1675.0,,,,,Materials,,,,,9955.0,1487.0,46.0,Cement,0,20.588235294117645,11.76470588235294,23.52941176470588,55.88235294117647,,,16.176470588235293,8.823529411764707,,
94,AMBUJACEM,Dec 2015,8.559999999999999,16.0,7.870000000000001,0.0034,20.5978,0.6677,1474.0,83.0,5.0,3.3132,54.0,35.0,1557.0,,,,,Materials,,,,,9437.0,808.0,54.0,Cement,0,91.17647058823529,73.52941176470588,47.05882352941176,47.05882352941176,,,16.176470588235293,35.294117647058826,,
95,AMBUJACEM,Dec 2016,7.140000000000001,16.0,7.23,0.0015,23.6732,0.6122,-1355.0,4165.0,6.0,4.9927,50.0,29.0,2810.0,,,,,Materials,,,,,20094.0,1434.0,50.0,Cement,0,97.05882352941177,94.11764705882352,79.41176470588235,91.17647058823529,,,5.88235294117647,26.47058823529412,,
96,AMBUJACEM,Dec 2017,8.24,16.0,9.41,0.0012,20.3544,0.6649,2678.0,738.0,8.0,5.2071,47.0,24.0,3416.0,19.35,8.53,0.0,9.29,Materials,,,,,23609.0,1945.0,47.0,Cement,0,76.47058823529412,82.35294117647058,50.0,26.47058823529412,25.0,75.0,2.941176470588235,41.17647058823529,,
97,AMBUJACEM,Dec 2018,11.42,15.0,13.29,0.0018,24.9588,0.6965,938.0,765.0,11.0,5.6348,14.0,40.0,1703.0,23.24,18.39,6.58,16.07,Materials,,,,,26041.0,2973.0,14.0,Cement,0,41.17647058823529,52.94117647058824,32.35294117647059,64.70588235294117,5.0,35.0,11.76470588235294,23.52941176470588,,
98,AMBUJACEM,Dec 2019,10.27,17.0,11.56,0.0017,30.5765,0.6746,3548.0,1191.0,11.0,6.065,14.0,41.0,4739.0,22.18,13.35,1.92,12.48,Materials,833955.32,46.35,0.8,2.94,27104.0,2783.0,14.0,Cement,0,58.82352941176471,61.76470588235294,44.11764705882353,17.647058823529413,10.0,55.00000000000001,8.823529411764707,17.647058823529413,,
99,AMBUJACEM,Dec 2020,12.67,20.0,13.65,0.0207,37.8143,0.6173,3515.0,1317.0,12.0,5.7322,151.0,471.0,4832.0,21.04,30.91,19.14,23.7,Materials,1025434.68,79.32,9.29,1.12,24516.0,3107.0,151.0,Cement,0,35.294117647058826,44.11764705882353,73.52941176470588,20.588235294117645,15.0,5.0,32.35294117647059,5.88235294117647,,
100,AMBUJACEM,Dec 2021,12.81,21.0,14.64,0.0188,44.2603,0.6407,3302.0,2007.0,14.0,6.3864,45.0,477.0,5309.0,7.59,20.95,18.47,15.67,Materials,1165353.63,45.48,10.09,1.75,28965.0,3711.0,45.0,Cement,0,29.411764705882355,41.17647058823529,61.76470588235294,23.52941176470588,95.0,30.0,29.411764705882355,2.941176470588235,,
101,AMBUJACEM,Mar 2024,14.29,19.0,11.43,0.0169,28.2645,0.5081,-3295.0,8941.0,16.0,9.4218,12.0,699.0,5646.0,4.95,9.77,7.78,7.5,Materials,1281411.04,55.62,9.21,3.1,33160.0,4738.0,12.0,Cement,0,61.76470588235294,14.705882352941178,100.0,100.0,100.0,70.0,26.47058823529412,20.588235294117645,19.25,-11.75
102,APOLLOHOSP,Mar 2013,8.04,16.0,11.03,0.4416,6.2621,0.7829,-290.0,733.0,22.0,3.9243,25.0,1213.0,443.0,,,,,Healthcare,,,,,3769.0,303.0,25.0,Hospitals,1,41.66666666666667,8.333333333333332,100.0,83.33333333333334,,,8.333333333333332,25.0,,
103,APOLLOHOSP,Mar 2014,7.23,16.0,10.58,0.4515,5.8319,0.8144,17.0,356.0,23.0,4.2529,25.0,1344.0,373.0,,,,,Healthcare,,,,,4357.0,315.0,25.0,Hospitals,1,50.0,25.0,83.33333333333334,66.66666666666666,,,16.666666666666664,33.33333333333333,,
104,APOLLOHOSP,Mar 2015,6.529999999999999,14.0,10.56,0.628,6.6441,0.7941,-289.0,759.0,24.0,4.5314,24.0,1992.0,470.0,,,,,Healthcare,,,,,5129.0,335.0,24.0,Hospitals,1,58.333333333333336,33.33333333333333,91.66666666666666,75.0,,,25.0,16.666666666666664,,
105,APOLLOHOSP,Mar 2016,3.82,11.0,7.049999999999999,0.8505,4.3111,0.8356,-291.0,888.0,17.0,4.76,35.0,2834.0,597.0,,,,,Healthcare,,,,,6150.0,235.0,35.0,Hospitals,1,66.66666666666666,66.66666666666666,75.0,91.66666666666666,,,58.333333333333336,58.333333333333336,,
106,APOLLOHOSP,Mar 2017,1.81,10.0,3.95,0.943,3.0895,0.8955,-529.0,1152.0,16.0,4.7343,38.0,3125.0,623.0,,,,,Healthcare,,,,,7256.0,131.0,38.0,Hospitals,1,83.33333333333334,83.33333333333334,66.66666666666666,100.0,,,75.0,83.33333333333334,,
107,APOLLOHOSP,Mar 2018,0.73,10.0,1.85,1.0538,2.7966,0.9589,132.0,405.0,8.0,4.6457,59.0,3427.0,537.0,16.94,-27.67,-18.32,-9.68,Healthcare,,,,,8243.0,60.0,59.0,Hospitals,1,100.0,100.0,50.0,58.333333333333336,42.857142857142854,100.0,83.33333333333334,91.66666666666666,-9.68,0.0
108,APOLLOHOSP,Mar 2019,2.08,11.0,6.0,1.1017,3.3517,1.0492,194.0,711.0,17.0,4.7629,35.0,3673.0,905.0,17.16,-8.68,-5.87,0.87,Healthcare,1083786.88,49.76,14.18,0.26,9617.0,200.0,35.0,Hospitals,1,75.0,75.0,33.33333333333333,50.0,14.285714285714285,71.42857142857143,100.0,75.0,0.87,0.0
109,APOLLOHOSP,Mar 2020,3.84,14.0,12.93,1.0766,3.4015,0.9963,1004.0,289.0,33.0,4.7714,18.0,3596.0,1293.0,17.0,5.22,6.58,9.6,Healthcare,1275343.54,28.39,8.78,4.32,11247.0,432.0,18.0,Hospitals,1,33.33333333333333,58.333333333333336,41.66666666666667,8.333333333333332,28.57142857142857,57.14285714285714,91.66666666666666,66.66666666666666,9.6,0.0
110,APOLLOHOSP,Mar 2021,1.3,11.0,2.98,0.9038,2.7684,0.927,385.0,880.0,10.0,6.3931,29.0,4160.0,1265.0,11.42,-10.23,-10.07,-2.96,Healthcare,1154138.06,11.18,6.7,3.35,10560.0,137.0,29.0,Hospitals,1,91.66666666666666,91.66666666666666,58.333333333333336,33.33333333333333,100.0,85.71428571428571,66.66666666666666,100.0,-2.96,0.0
111,APOLLOHOSP,Mar 2022,7.56,15.0,19.7,0.7235,6.7467,1.1057,949.0,747.0,73.0,7.8097,16.0,4068.0,1696.0,15.11,53.27,35.47,34.62,Healthcare,1499729.8,53.27,1.11,1.32,14663.0,1108.0,16.0,Hospitals,1,8.333333333333332,16.666666666666664,25.0,16.666666666666664,57.14285714285714,28.57142857142857,41.66666666666667,8.333333333333332,34.62,0.0
112,APOLLOHOSP,Mar 2023,5.08,12.0,13.62,0.6989,5.6168,1.1523,520.0,857.0,57.0,8.6083,26.0,4332.0,1377.0,15.04,69.68,48.1,44.27,Healthcare,1446203.76,17.38,12.98,3.2,16612.0,844.0,26.0,Hospitals,1,16.666666666666664,41.66666666666667,8.333333333333332,25.0,71.42857142857143,14.285714285714285,33.33333333333333,41.66666666666667,44.27,0.0
113,APOLLOHOSP,Mar 2024,4.91,13.0,13.48,0.7689,5.5657,1.1384,383.0,1537.0,63.0,9.6333,26.0,5333.0,1920.0,14.66,36.13,29.95,26.91,Healthcare,1905622.43,47.72,7.68,3.22,19059.0,935.0,26.0,Hospitals,1,25.0,50.0,16.666666666666664,41.66666666666667,85.71428571428571,42.857142857142854,50.0,50.0,26.91,0.0
115,ASIANPAINT,Mar 2013,11.04,17.0,34.28,0.0742,44.0714,1.5483,724.0,463.0,12.0,3.525,40.0,251.0,1187.0,,,,,Materials,,,,,10504.0,1160.0,40.0,Paints,1,8.333333333333332,75.0,8.333333333333332,75.0,,,41.66666666666667,83.33333333333334,,
117,ASIANPAINT,Mar 2014,10.34,16.0,31.27,0.0616,44.3333,1.5133,816.0,586.0,13.0,4.2073,42.0,249.0,1402.0,,,,,Materials,,,,,12220.0,1263.0,42.0,Paints,1,16.666666666666664,100.0,25.0,66.66666666666666,,,16.666666666666664,66.66666666666666,,
119,ASIANPAINT,Mar 2015,10.48,16.0,30.09,0.0881,56.7857,1.5274,723.0,465.0,15.0,4.9396,42.0,418.0,1188.0,,,,,Materials,,,,,13615.0,1427.0,42.0,Paints,1,25.0,91.66666666666666,16.666666666666664,83.33333333333334,,,58.333333333333336,33.33333333333333,,
121,ASIANPAINT,Mar 2016,12.63,19.0,27.63,0.0495,59.9592,1.3515,1377.0,866.0,18.0,6.7969,41.0,323.0,2243.0,,,,,Materials,,,,,14271.0,1803.0,41.0,Paints,1,41.66666666666667,41.66666666666667,33.33333333333333,50.0,,,8.333333333333332,25.0,,
123,ASIANPAINT,Mar 2017,13.38,20.0,26.51,0.0736,90.0541,1.2142,846.0,681.0,20.0,7.9208,51.0,560.0,1527.0,,,,,Materials,,,,,15062.0,2016.0,51.0,Paints,1,58.333333333333336,33.33333333333333,75.0,58.333333333333336,,,33.33333333333333,8.333333333333332,,
125,ASIANPAINT,Mar 2018,12.47,19.0,24.95,0.0634,86.3415,1.2225,557.0,1556.0,21.0,8.7604,41.0,533.0,2113.0,9.88,12.58,11.84,11.43,Materials,,,,,16825.0,2098.0,41.0,Paints,1,83.33333333333334,50.0,66.66666666666666,100.0,57.14285714285714,57.14285714285714,25.0,16.666666666666664,11.43,0.0
127,ASIANPAINT,Mar 2019,11.48,20.0,23.31,0.1394,36.7182,1.1841,1552.0,918.0,22.0,9.8656,47.0,1320.0,2470.0,9.5,11.82,11.1,10.81,Materials,1065817.17,30.34,5.08,0.45,19240.0,2208.0,47.0,Paints,1,91.66666666666666,66.66666666666666,91.66666666666666,41.66666666666667,71.42857142857143,85.71428571428571,100.0,100.0,10.81,0.0
129,ASIANPAINT,Mar 2020,13.73,21.0,27.38,0.1104,44.2353,1.2524,2520.0,518.0,28.0,10.5521,43.0,1118.0,3038.0,8.22,14.22,13.3,11.91,Materials,1148763.92,13.27,6.46,0.29,20211.0,2774.0,43.0,Paints,1,50.0,25.0,58.333333333333336,33.33333333333333,100.0,42.857142857142854,66.66666666666666,75.0,11.91,0.0
131,ASIANPAINT,Mar 2021,14.77,22.0,25.04,0.0854,56.3913,1.0667,3142.0,541.0,33.0,13.3396,55.0,1093.0,3683.0,8.76,12.21,12.89,11.29,Materials,1269304.94,78.48,8.21,1.28,21713.0,3207.0,55.0,Paints,1,75.0,16.666666666666664,100.0,16.666666666666664,85.71428571428571,71.42857142857143,50.0,41.66666666666667,11.29,0.0
133,ASIANPAINT,Mar 2022,10.6,17.0,22.34,0.1149,53.6842,1.2676,669.0,317.0,32.0,14.3875,61.0,1587.0,986.0,14.08,8.88,9.86,10.94,Materials,1711731.0,40.61,0.54,0.32,29101.0,3085.0,61.0,Paints,1,100.0,83.33333333333334,50.0,91.66666666666666,28.57142857142857,100.0,75.0,50.0,10.94,0.0
135,ASIANPAINT,Mar 2023,12.16,18.0,26.23,0.1209,46.4653,1.3379,2911.0,1282.0,43.0,16.6583,60.0,1933.0,4193.0,15.44,14.86,15.41,15.24,Materials,2091585.31,49.2,4.65,0.01,34489.0,4195.0,60.0,Paints,1,66.66666666666666,58.333333333333336,41.66666666666667,25.0,14.285714285714285,28.57142857142857,83.33333333333334,58.333333333333336,15.24,0.0
137,ASIANPAINT,Mar 2024,15.66,21.0,29.68,0.1321,41.0049,1.1871,3556.0,2548.0,57.0,19.5083,58.0,2474.0,6104.0,13.03,20.28,20.97,18.09,Materials,2126725.18,73.37,3.9,2.42,35495.0,5558.0,58.0,Paints,1,33.33333333333333,8.333333333333332,83.33333333333334,8.333333333333332,42.857142857142854,14.285714285714285,91.66666666666666,91.66666666666666,18.09,0.0
139,BAJAJ-AUTO,Mar 2013,15.65,18.0,38.85,0.0144,4446.0,1.584,824.0,1394.0,108.0,2.7907,42.0,116.0,2218.0,,,,,Consumer Discretionary,,,,,20025.0,3133.0,42.0,Automobiles,0,1.2048192771084338,22.89156626506024,15.66265060240964,49.39759036144578,,,26.506024096385545,6.024096385542169,,
141,BAJAJ-AUTO,Mar 2014,16.79,21.0,33.23999999999999,0.0058,4837.0,1.3155,1430.0,2072.0,117.0,3.518,43.0,59.0,3502.0,,,,,Consumer Discretionary,,,,,20137.0,3380.0,43.0,Automobiles,0,9.63855421686747,16.867469879518072,31.32530120481928,38.55421686746988,,,11.44578313253012,4.819277108433735,,
143,BAJAJ-AUTO,Mar 2015,14.01,19.0,27.27,0.0101,726.0,1.3526,1734.0,380.0,105.0,3.8391,48.0,112.0,2114.0,,,,,Consumer Discretionary,,,,,21595.0,3026.0,48.0,Automobiles,0,16.867469879518072,25.301204819277107,25.301204819277107,34.93975903614458,,,21.686746987951807,13.253012048192772,,
145,BAJAJ-AUTO,Mar 2016,17.99,21.0,28.97,0.0084,5987.0,1.3094,3622.0,68.0,140.0,4.8512,39.0,118.0,3690.0,,,,,Consumer Discretionary,,,,,22574.0,4061.0,39.0,Automobiles,0,13.253012048192772,12.048192771084338,34.93975903614458,13.253012048192772,,,19.27710843373494,2.4096385542168677,,
147,BAJAJ-AUTO,Mar 2017,18.75,20.0,22.84,0.0067,5897.0,1.0054,-343.0,3610.0,141.0,6.1785,39.0,120.0,3267.0,,,,,Consumer Discretionary,,,,,21755.0,4079.0,39.0,Automobiles,0,37.34939759036144,9.63855421686747,57.831325301204814,72.28915662650603,,,15.66265060240964,3.614457831325301,,
149,BAJAJ-AUTO,Mar 2018,16.74,19.0,20.66,0.0059,6250.0,1.0027,2374.0,1954.0,146.0,7.0675,41.0,121.0,4328.0,4.71,6.13,6.21,5.68,Consumer Discretionary,,,,,25210.0,4219.0,41.0,Automobiles,0,48.19277108433735,18.072289156626507,60.24096385542169,21.686746987951807,68.75,66.66666666666666,13.253012048192772,1.2048192771084338,21.56,-15.879999999999999
151,BAJAJ-AUTO,Mar 2019,16.23,17.0,21.21,0.0054,1806.5,1.0529,2214.0,273.0,170.0,8.0391,35.0,125.0,2487.0,8.56,7.83,7.76,8.05,Consumer Discretionary,323040.49,42.63,11.32,1.62,30358.0,4928.0,35.0,Automobiles,0,44.57831325301205,21.686746987951807,53.01204819277109,25.301204819277107,31.25,54.761904761904766,9.63855421686747,8.433734939759036,19.26,-11.21
153,BAJAJ-AUTO,Mar 2020,17.42,17.0,24.06,0.0058,2313.6667,1.1286,5616.0,1766.0,180.0,7.4955,67.0,126.0,3850.0,6.74,11.49,11.38,9.87,Consumer Discretionary,351288.98,79.31,9.65,0.07,29919.0,5212.0,67.0,Automobiles,0,31.32530120481928,14.457831325301203,48.19277108433735,9.63855421686747,54.166666666666664,38.095238095238095,11.44578313253012,7.228915662650602,8.31,1.5599999999999987
155,BAJAJ-AUTO,Mar 2021,17.51,18.0,17.81,0.0044,929.7143,0.8256,251.0,2869.0,168.0,9.437,83.0,121.0,3120.0,4.21,3.64,3.71,3.85,Consumer Discretionary,453226.79,49.41,11.43,1.29,27741.0,4857.0,83.0,Automobiles,0,62.65060240963856,13.253012048192772,79.51807228915662,59.036144578313255,70.83333333333334,69.04761904761905,8.433734939759036,10.843373493975903,-1.58,5.43
157,BAJAJ-AUTO,Mar 2022,18.6,16.0,20.65,0.0041,881.1111,0.944,4473.0,276.0,213.0,10.3318,66.0,123.0,4197.0,8.79,8.62,8.6,8.67,Consumer Discretionary,578373.58,49.72,10.06,3.29,33145.0,6166.0,66.0,Automobiles,0,49.39759036144578,10.843373493975903,66.26506024096386,12.048192771084338,29.166666666666668,47.61904761904761,6.024096385542169,12.048192771084338,-6.5,15.17
159,BAJAJ-AUTO,Mar 2023,16.62,18.0,20.64,0.0042,204.2,1.0375,6488.0,1211.0,214.0,10.3753,65.0,124.0,5277.0,7.66,7.51,7.95,7.71,Consumer Discretionary,552671.87,78.58,8.54,3.66,36455.0,6060.0,65.0,Automobiles,0,50.602409638554214,19.27710843373494,54.81927710843374,6.024096385542169,43.75,58.333333333333336,7.228915662650602,18.072289156626507,3.38,4.33
161,BAJAJ-AUTO,Mar 2024,17.18,20.0,26.61,0.066,174.4167,1.1405,6486.0,72.0,276.0,10.3806,29.0,1912.0,6558.0,8.13,9.36,10.18,9.22,Consumer Discretionary,653817.3,29.91,9.83,3.59,44870.0,7708.0,29.0,Automobiles,0,19.27710843373494,15.66265060240964,46.98795180722892,7.228915662650602,37.5,42.857142857142854,54.21686746987952,20.481927710843372,11.22,-2.0
162,AXISBANK,Mar 2013,19.05,1353.0,15.62,8.9346,1.2697,0.0798,-8366.0,10939.0,22.0,7.085,16.0,296254.0,2573.0,,,,,Financials,,,,,27183.0,5179.0,16.0,Private Banks,0,23.333333333333332,68.33333333333333,35.0,65.0,,,86.66666666666667,78.33333333333333,,
163,AXISBANK,Mar 2014,20.29,2307.0,16.19,8.6801,1.3034,0.0793,298.0,14166.0,26.0,8.1694,15.0,333280.0,14464.0,,,,,Financials,,,,,30641.0,6218.0,15.0,Private Banks,0,18.333333333333332,56.666666666666664,38.333333333333336,43.333333333333336,,,78.33333333333333,65.0,,
164,AXISBANK,Mar 2015,20.74,3097.0,16.37,9.0467,1.3313,0.0759,-23134.0,7972.0,31.0,9.4829,15.0,406638.0,-15162.0,,,,,Financials,,,,,35479.0,7358.0,15.0,Private Banks,0,16.666666666666664,48.333333333333336,46.666666666666664,86.66666666666667,,,88.33333333333333,61.66666666666667,,
165,AXISBANK,Mar 2016,20.06,3466.0,15.36,8.8155,1.4273,0.075,-25284.0,9211.0,35.0,11.2283,14.0,472150.0,-34495.0,,,,,Financials,,,,,40988.0,8224.0,14.0,Private Banks,0,30.0,58.333333333333336,51.66666666666667,88.33333333333333,,,81.66666666666667,46.666666666666664,,
166,AXISBANK,Mar 2017,8.260000000000002,-5715.0,6.529999999999999,9.355,2.0353,0.0728,19751.0,12458.0,15.0,11.7704,33.0,527437.0,32209.0,,,,,Financials,,,,,44542.0,3679.0,33.0,Private Banks,0,93.33333333333333,95.0,56.666666666666664,15.0,,,95.0,11.666666666666666,,
167,AXISBANK,Mar 2018,0.6,-10277.0,0.43,9.5227,2.6327,0.0651,-48397.0,10007.0,1.0,12.516,0.0,611425.0,-38390.0,10.99,-44.37,-46.11,-26.5,Financials,,,,,45780.0,276.0,0.0,Private Banks,0,100.0,100.0,78.33333333333333,96.66666666666667,71.42857142857143,100.0,98.33333333333333,1.6666666666666667,20.53,-47.03
168,AXISBANK,Mar 2019,8.51,-5447.0,6.9,10.5011,2.0674,0.0675,18451.0,18674.0,18.0,13.1911,6.0,711996.0,37125.0,12.41,-5.54,-7.09,-0.07,Financials,658857.1,32.36,2.69,3.03,54986.0,4677.0,6.0,Private Banks,0,90.0,93.33333333333333,69.16666666666667,18.333333333333332,65.71428571428571,91.42857142857143,100.0,10.0,19.47,-19.54
169,AXISBANK,Mar 2020,2.6,-9859.0,1.88,9.2349,2.2559,0.0675,20931.0,9485.0,6.0,15.3085,0.0,797337.0,30416.0,12.04,-26.05,-28.0,-14.0,Financials,609012.03,65.08,0.53,2.23,62635.0,1627.0,0.0,Private Banks,0,98.33333333333333,98.33333333333333,69.16666666666667,13.333333333333334,68.57142857142857,97.14285714285714,93.33333333333333,6.666666666666667,19.6,-33.6
170,AXISBANK,Mar 2021,10.4,-2510.0,6.36,8.2104,2.5885,0.0633,-41655.0,54288.0,22.0,16.8995,0.0,850551.0,12633.0,9.1,-4.34,-8.87,-1.37,Financials,766941.69,60.2,4.08,1.11,63346.0,6588.0,0.0,Private Banks,0,95.0,90.0,84.16666666666667,95.0,82.85714285714286,88.57142857142857,66.66666666666666,3.3333333333333335,17.86,-19.23
171,AXISBANK,Mar 2022,19.33,3170.0,11.01,8.633,1.9688,0.0563,1025.0,27112.0,42.0,19.2607,2.0,1020943.0,28137.0,8.63,28.77,22.87,20.09,Financials,734196.42,56.88,1.27,3.53,67377.0,13025.0,2.0,Private Banks,0,78.33333333333333,63.33333333333333,96.66666666666667,41.66666666666667,88.57142857142857,14.285714285714285,76.66666666666667,13.333333333333334,17.1,2.9899999999999984
172,AXISBANK,Mar 2023,11.25,13857.0,7.380000000000001,8.8768,1.8029,0.0633,-10276.0,32351.0,31.0,21.1026,3.0,1152038.0,22075.0,13.22,103.28,98.73,71.74,Financials,939586.86,38.88,12.76,2.61,85164.0,9580.0,3.0,Private Banks,0,88.33333333333333,88.33333333333333,84.16666666666667,68.33333333333333,60.0,2.857142857142857,83.33333333333334,30.0,17.59,54.14999999999999
173,AXISBANK,Mar 2024,22.73,11952.0,15.83,8.2491,1.6912,0.072,-14556.0,9001.0,81.0,25.4494,1.0,1295302.0,-5555.0,14.74,39.67,35.1,29.84,Financials,948868.63,38.14,4.66,2.32,109369.0,24861.0,1.0,Private Banks,0,21.666666666666668,31.666666666666664,58.333333333333336,76.66666666666667,51.42857142857142,8.571428571428571,68.33333333333333,38.333333333333336,20.41,9.43
174,BAJAJFINSV,Mar 2013,27.49,49.0,28.38,1.6651,3.2666,0.1232,-3969.0,2953.0,10.0,9.7525,2.0,12991.0,-6922.0,,,,,Financials,,,,,8055.0,2214.0,2.0,Financial Services,1,8.333333333333332,16.666666666666664,91.66666666666666,16.666666666666664,,,8.333333333333332,8.333333333333332,,
175,BAJAJFINSV,Mar 2014,36.38,75.0,23.53,2.0948,2.8771,0.081,-6043.0,3764.0,10.0,11.64,2.0,19507.0,-9807.0,,,,,Financials,,,,,6023.0,2191.0,2.0,Financial Services,1,33.33333333333333,8.333333333333332,100.0,25.0,,,16.666666666666664,16.666666666666664,,
176,BAJAJFINSV,Mar 2015,21.25,49.0,21.72,2.3728,2.4749,0.1285,-7022.0,3709.0,11.0,13.8613,2.0,26312.0,-10731.0,,,,,Financials,,,,,11335.0,2409.0,2.0,Financial Services,1,50.0,25.0,83.33333333333334,33.33333333333333,,,25.0,25.0,,
177,BAJAJFINSV,Mar 2016,13.51,33.0,20.41,2.6518,2.3424,0.1975,-10681.0,886.0,12.0,16.9988,1.0,36062.0,-9795.0,,,,,Financials,,,,,20533.0,2775.0,1.0,Financial Services,1,83.33333333333334,58.333333333333336,66.66666666666666,41.66666666666667,,,33.33333333333333,58.333333333333336,,
178,BAJAJFINSV,Mar 2017,14.08,36.0,21.36,2.9894,2.3447,0.1905,-10771.0,151.0,14.0,20.1887,1.0,48282.0,-10922.0,,,,,Financials,,,,,24507.0,3450.0,1.0,Financial Services,1,58.333333333333336,50.0,75.0,50.0,,,41.66666666666667,50.0,,
179,BAJAJFINSV,Mar 2018,12.71,33.0,20.39,3.2073,2.3812,0.2035,-20502.0,922.0,17.0,25.6038,1.0,65695.0,-19580.0,32.47,13.53,11.2,19.07,Financials,,,,,32862.0,4176.0,1.0,Financial Services,1,91.66666666666666,66.66666666666666,50.0,58.333333333333336,42.857142857142854,100.0,50.0,41.66666666666667,19.07,0.0
180,BAJAJFINSV,Mar 2019,12.61,35.0,22.64,4.2019,2.2591,0.2044,-33979.0,6903.0,20.0,29.675,1.0,99754.0,-27076.0,47.89,19.66,14.87,27.47,Financials,1148808.62,43.61,5.19,4.03,42605.0,5374.0,1.0,Financial Services,1,41.66666666666667,75.0,41.66666666666667,83.33333333333334,14.285714285714285,71.42857142857143,83.33333333333334,66.66666666666666,27.47,0.0
181,BAJAJFINSV,Mar 2020,11.03,34.0,19.15,4.064,1.9219,0.2163,-33317.0,9948.0,21.0,39.1275,2.0,127212.0,-23369.0,36.82,20.0,13.81,23.54,Financials,1182995.84,33.33,3.61,0.66,54351.0,5994.0,2.0,Financial Services,1,100.0,100.0,16.666666666666664,75.0,28.57142857142857,57.14285714285714,75.0,100.0,23.54,0.0
182,BAJAJFINSV,Mar 2021,12.16,32.0,20.56,3.5853,2.1171,0.2165,863.0,3684.0,28.0,44.7875,1.0,128461.0,4547.0,24.16,21.56,18.47,21.4,Financials,1489062.77,51.06,2.31,2.05,60592.0,7367.0,1.0,Financial Services,1,75.0,83.33333333333334,8.333333333333332,8.333333333333332,57.14285714285714,42.857142857142854,58.333333333333336,91.66666666666666,21.4,0.0
183,BAJAJFINSV,Mar 2022,12.15,31.0,20.66,4.0047,2.229,0.2052,-32225.0,1445.0,29.0,50.3088,1.0,161179.0,-33670.0,22.79,19.23,15.68,19.23,Financials,1877835.72,59.39,12.5,3.05,68406.0,8314.0,1.0,Financial Services,1,66.66666666666666,91.66666666666666,33.33333333333333,66.66666666666666,71.42857142857143,85.71428571428571,66.66666666666666,75.0,19.23,0.0
184,BAJAJFINSV,Mar 2023,14.88,36.0,26.31,4.574,2.4127,0.2024,-53425.0,13945.0,40.0,29.1868,2.0,212265.0,-39480.0,20.09,23.93,18.66,20.89,Financials,1845750.3,76.89,13.57,1.66,82072.0,12210.0,2.0,Financial Services,1,16.666666666666664,33.33333333333333,58.333333333333336,91.66666666666666,100.0,14.285714285714285,91.66666666666666,33.33333333333333,20.89,0.0
185,BAJAJFINSV,Mar 2024,14.13,37.0,25.85,4.7894,2.1971,0.2054,-79634.0,10960.0,51.0,37.9421,2.0,288933.0,-68674.0,20.97,23.75,20.59,21.77,Financials,1905112.17,15.07,6.08,2.56,110382.0,15595.0,2.0,Financial Services,1,25.0,41.66666666666667,25.0,100.0,85.71428571428571,28.57142857142857,100.0,83.33333333333334,21.77,0.0
186,BAJAJHLDNG,Mar 2013,550.74,95.0,17.94,0.0,,0.0313,104.0,369.0,167.0,9.3198,15.0,0.0,473.0,,,,,Financials,,,,,337.0,1856.0,15.0,Investment Holding,1,8.333333333333332,58.333333333333336,33.33333333333333,83.33333333333334,,,33.33333333333333,,,
187,BAJAJHLDNG,Mar 2014,469.98,94.0,16.57,0.0,,0.034,353.0,519.0,179.0,10.8099,17.0,0.0,872.0,,,,,Financials,,,,,423.0,1988.0,17.0,Investment Holding,1,16.666666666666664,75.0,25.0,66.66666666666666,,,33.33333333333333,,,
188,BAJAJHLDNG,Mar 2015,387.21,92.0,15.15,0.0,,0.0377,332.0,464.0,182.0,12.0658,19.0,0.0,796.0,,,,,Financials,,,,,524.0,2029.0,19.0,Investment Holding,1,25.0,91.66666666666666,16.666666666666664,75.0,,,33.33333333333333,,,
189,BAJAJHLDNG,Mar 2016,481.91,91.0,14.81,0.0,,0.0304,2166.0,1019.0,204.0,13.7775,16.0,0.0,1147.0,,,,,Financials,,,,,470.0,2265.0,16.0,Investment Holding,1,33.33333333333333,66.66666666666666,41.66666666666667,8.333333333333332,,,33.33333333333333,,,
190,BAJAJHLDNG,Mar 2017,293.71,75.0,13.88,0.0,,0.0471,-1295.0,372.0,222.0,16.0523,15.0,0.0,-923.0,,,,,Financials,,,,,842.0,2473.0,15.0,Investment Holding,1,41.66666666666667,100.0,8.333333333333332,100.0,,,33.33333333333333,,,
191,BAJAJHLDNG,Mar 2018,632.14,85.0,10.54,0.0,,0.0166,508.0,1123.0,239.0,22.7036,17.0,0.0,1631.0,4.5,7.42,7.43,6.45,Financials,,,,,420.0,2655.0,17.0,Investment Holding,1,83.33333333333334,50.0,58.333333333333336,50.0,28.57142857142857,100.0,33.33333333333333,,6.45,0.0
192,BAJAJHLDNG,Mar 2019,707.19,80.0,11.31,0.0,,0.016,465.0,163.0,274.0,24.2811,12.0,0.0,628.0,0.38,8.92,8.89,6.06,Financials,1014477.55,76.88,9.04,2.22,431.0,3048.0,12.0,Investment Holding,1,58.333333333333336,41.66666666666667,66.66666666666666,58.333333333333336,57.14285714285714,71.42857142857143,33.33333333333333,,6.06,0.0
193,BAJAJHLDNG,Mar 2020,708.05,69.0,11.09,0.0061,258.3846,0.0133,1120.0,800.0,269.0,25.0117,15.0,168.0,1920.0,-3.65,8.71,8.13,4.4,Financials,1365867.86,50.76,2.05,3.94,435.0,3080.0,15.0,Investment Holding,1,75.0,33.33333333333333,75.0,41.66666666666667,85.71428571428571,85.71428571428571,100.0,100.0,4.4,0.0
194,BAJAJHLDNG,Mar 2021,799.56,77.0,9.83,0.0037,950.75,0.01,-36.0,308.0,328.0,33.4838,12.0,136.0,272.0,-0.56,10.04,9.96,6.48,Financials,1366103.22,35.88,14.51,3.68,457.0,3654.0,12.0,Investment Holding,1,91.66666666666666,25.0,83.33333333333334,91.66666666666666,71.42857142857143,57.14285714285714,91.66666666666666,60.0,6.48,0.0
195,BAJAJHLDNG,Mar 2022,852.4800000000001,76.0,9.629999999999999,0.0027,1421.0,0.009,1459.0,151.0,364.0,38.5964,32.0,114.0,1610.0,-10.48,10.78,10.4,3.57,Financials,1394489.39,79.41,5.56,0.65,484.0,4126.0,32.0,Investment Holding,1,100.0,16.666666666666664,100.0,33.33333333333333,100.0,42.857142857142854,83.33333333333334,40.0,3.57,0.0
196,BAJAJHLDNG,Mar 2023,947.51,73.0,11.19,0.0021,721.8571,0.0098,1591.0,137.0,436.0,39.8036,28.0,93.0,1728.0,4.44,13.25,12.78,10.16,Financials,1714344.05,26.75,3.46,0.33,522.0,4946.0,28.0,Investment Holding,1,66.66666666666666,8.333333333333332,91.66666666666666,16.666666666666664,42.857142857142854,28.57142857142857,75.0,80.0,10.16,0.0
197,BAJAJHLDNG,Mar 2024,432.73,92.0,13.58,0.0012,3764.5,0.0261,1469.0,472.0,653.0,48.8712,20.0,63.0,1941.0,31.61,19.3,18.97,23.29,Financials,2191568.13,37.73,9.38,3.37,1702.0,7365.0,20.0,Investment Holding,1,50.0,83.33333333333334,50.0,25.0,14.285714285714285,14.285714285714285,66.66666666666666,20.0,23.29,0.0
198,BAJFINANCE,Mar 2015,16.65,1367.0,18.71,5.5531,68.3462,0.1645,-7424.0,360.0,18.0,9.6,10.0,26655.0,-7064.0,,,,,Financials,,,,,5392.0,898.0,10.0,Consumer Finance,1,19.444444444444446,52.77777777777778,2.7777777777777777,47.22222222222222,,,63.888888888888886,40.625,,
199,BAJFINANCE,Mar 2016,17.52,1986.0,17.22,4.9852,68.0286,0.1554,-10557.0,687.0,24.0,13.7537,10.0,37025.0,-9870.0,,,,,Financials,,,,,7299.0,1279.0,10.0,Consumer Finance,1,36.11111111111111,47.22222222222222,19.444444444444446,63.888888888888886,,,47.22222222222222,43.75,,
200,BAJFINANCE,Mar 2017,18.42,2867.0,19.13,5.1302,149.0455,0.1564,-13486.0,3047.0,33.0,8.8073,11.0,49250.0,-10439.0,,,,,Financials,,,,,9970.0,1836.0,11.0,Consumer Finance,1,13.88888888888889,41.66666666666667,11.11111111111111,75.0,,,52.77777777777778,37.5,,
201,BAJFINANCE,Mar 2018,19.58,3935.0,15.75,4.1997,414.6,0.1503,-19491.0,1075.0,43.0,13.7809,9.0,66557.0,-20566.0,,,,,Financials,,,,,12746.0,2496.0,9.0,Consumer Finance,1,63.888888888888886,36.11111111111111,36.11111111111111,77.77777777777779,,,27.77777777777778,31.25,,
202,BAJFINANCE,Mar 2019,21.61,6310.0,20.28,5.1575,422.1538,0.1488,-34441.0,5379.0,69.0,17.1278,9.0,101588.0,-29062.0,,,,,Financials,865823.64,58.62,5.53,1.21,18487.0,3995.0,9.0,Consumer Finance,1,5.555555555555555,16.666666666666664,41.66666666666667,91.66666666666666,,,55.55555555555556,28.125,,
203,BAJFINANCE,Mar 2020,19.96,7608.0,16.28,4.0153,1020.8889,0.1604,-33170.0,8758.0,87.0,26.94,11.0,129806.0,-24412.0,37.37,42.43,37.04,38.95,Financials,973552.26,46.9,6.39,0.33,26374.0,5264.0,11.0,Consumer Finance,1,44.44444444444444,30.555555555555557,8.333333333333332,88.88888888888889,5.263157894736842,5.263157894736842,25.0,12.5,38.95,0.0
204,BAJFINANCE,Mar 2021,16.57,6314.0,11.97,3.5656,3621.0,0.1556,-1236.0,429.0,73.0,30.765,14.0,131634.0,-807.0,29.59,28.15,24.92,27.55,Financials,1106057.88,35.63,6.6,1.26,26673.0,4420.0,14.0,Consumer Finance,1,80.55555555555556,58.333333333333336,15.277777777777779,8.333333333333332,10.526315789473683,26.31578947368421,8.333333333333332,3.125,27.55,0.0
205,BAJFINANCE,Mar 2022,22.21,9906.0,16.08,3.7799,-700.6471,0.1489,-30743.0,6347.0,116.0,36.1264,17.0,165232.0,-37090.0,25.98,30.8,28.58,28.45,Financials,1422060.71,54.84,11.71,2.36,31641.0,7028.0,17.0,Consumer Finance,1,52.77777777777778,13.88888888888889,38.88888888888889,83.33333333333334,21.052631578947366,15.789473684210526,13.88888888888889,96.875,28.45,0.0
206,BAJFINANCE,Mar 2023,27.79,16018.0,21.17,3.9853,-2546.4,0.1505,-52506.0,10394.0,190.0,44.9355,16.0,216690.0,-42112.0,26.58,35.75,34.6,32.31,Financials,1896088.83,19.1,4.67,0.83,41411.0,11508.0,16.0,Consumer Finance,1,2.7777777777777777,8.333333333333332,33.33333333333333,97.22222222222221,15.789473684210526,10.526315789473683,19.444444444444446,100.0,32.31,0.0
207,BAJFINANCE,Mar 2024,26.29,19987.0,18.84,3.8248,2689.1667,0.1463,-79931.0,7171.0,233.0,61.8516,15.0,293346.0,-72760.0,24.35,29.32,27.56,27.08,Financials,2473271.58,69.2,4.11,0.27,54972.0,14451.0,15.0,Consumer Finance,1,16.666666666666664,11.11111111111111,58.333333333333336,100.0,26.31578947368421,21.052631578947366,16.666666666666664,6.25,27.08,0.0
208,BANKBARODA,Mar 2013,13.25,1006.0,14.51,15.2993,2.4281,0.0651,22682.0,514.0,23.0,7.8681,19.0,509192.0,23196.0,,,,,Financials,,,,,36442.0,4829.0,19.0,Public Sector Banks,0,25.0,10.416666666666668,70.83333333333334,10.416666666666668,,,62.5,30.555555555555557,,
209,BANKBARODA,Mar 2014,12.45,809.0,13.31,16.3018,2.1694,0.0598,41503.0,730.0,23.0,8.7812,19.0,616973.0,42233.0,,,,,Financials,,,,,40463.0,5036.0,19.0,Public Sector Banks,0,31.25,14.583333333333334,91.66666666666666,4.166666666666666,,,83.33333333333334,50.0,,
210,BANKBARODA,Mar 2015,8.790000000000001,902.0,9.4,15.838,2.4716,0.0612,17282.0,556.0,18.0,9.4635,18.0,665483.0,17838.0,,,,,Financials,,,,,44915.0,3950.0,18.0,Public Sector Banks,0,39.58333333333333,23.958333333333336,89.58333333333334,29.166666666666668,,,72.91666666666666,27.77777777777778,,
211,BANKBARODA,Mar 2016,-10.99,-11700.0,-11.84,14.5998,4.2331,0.0663,-14016.0,4005.0,-22.0,9.1998,0.0,620536.0,-10011.0,,,,,Financials,,,,,45799.0,-5033.0,0.0,Public Sector Banks,0,91.66666666666666,93.75,64.58333333333334,89.58333333333334,,,43.75,2.7777777777777777,,
212,BANKBARODA,Mar 2017,4.17,-4372.0,4.31,15.0579,2.4241,0.0618,17314.0,551.0,8.0,9.3219,15.0,648499.0,17865.0,,,,,Financials,,,,,44473.0,1855.0,15.0,Public Sector Banks,0,64.58333333333334,53.125,84.375,27.083333333333332,,,56.25,33.33333333333333,,
213,BANKBARODA,Mar 2018,-3.99,-9197.0,-3.94,14.4378,3.2624,0.0616,-60106.0,414.0,-7.0,8.786,0.0,672311.0,-59692.0,4.79,,,1.6,Financials,,,,,46056.0,-1836.0,0.0,Public Sector Banks,0,79.16666666666666,81.25,87.5,100.0,71.42857142857143,,41.66666666666667,16.666666666666664,,
214,BANKBARODA,Mar 2019,2.2,-5414.0,2.12,13.3547,3.2718,0.0645,-3986.0,2537.0,4.0,10.3766,0.0,734456.0,-1449.0,5.51,-25.37,-29.52,-16.46,Financials,427508.41,36.0,9.78,0.21,52906.0,1166.0,0.0,Public Sector Banks,0,70.83333333333334,66.66666666666666,72.91666666666666,72.91666666666666,67.85714285714286,90.9090909090909,37.5,13.88888888888889,,
215,BANKBARODA,Mar 2020,1.24,-11728.0,1.29,14.0463,3.3277,0.0657,18392.0,139.0,2.0,8.2275,0.0,1068981.0,18531.0,11.93,-24.31,-35.56,-15.98,Financials,471014.36,71.63,11.42,2.88,78895.0,981.0,0.0,Public Sector Banks,0,77.08333333333334,75.0,66.66666666666666,22.916666666666664,39.285714285714285,81.81818181818183,39.58333333333333,11.11111111111111,,
216,BANKBARODA,Mar 2021,2.18,-6957.0,1.97,12.9527,2.5915,0.0618,-1358.0,471.0,3.0,7.9527,0.0,1067173.0,-887.0,10.16,,,3.39,Financials,426745.64,67.24,12.42,1.19,74314.0,1620.0,0.0,Public Sector Banks,0,72.91666666666666,68.75,84.375,68.75,50.0,,35.41666666666667,25.0,,
217,BANKBARODA,Mar 2022,10.81,-2948.0,8.64,12.9024,2.606,0.0548,2565.0,3645.0,15.0,8.8677,19.0,1185331.0,6210.0,10.54,33.73,13.4,19.22,Financials,473985.89,74.28,5.71,4.15,73385.0,7933.0,19.0,Public Sector Banks,0,52.083333333333336,18.75,100.0,52.083333333333336,46.42857142857143,45.45454545454545,33.33333333333333,22.22222222222222,,
218,BANKBARODA,Mar 2023,15.88,6329.0,14.28,12.7799,2.3495,0.0619,-22450.0,1096.0,29.0,10.1404,19.0,1342592.0,-21354.0,15.46,,,5.15,Financials,464725.74,27.29,5.48,2.28,94503.0,15005.0,19.0,Public Sector Banks,0,27.083333333333332,4.166666666666666,81.25,91.66666666666666,32.142857142857146,,29.166666666666668,36.11111111111111,,
219,BANKBARODA,Mar 2024,15.94,4102.0,15.76,12.1437,1.8967,0.0715,-7559.0,1285.0,36.0,11.5553,21.0,1453761.0,-6274.0,17.48,74.51,55.18,49.06,Financials,590971.02,16.89,4.15,2.62,118379.0,18869.0,21.0,Public Sector Banks,0,20.833333333333336,2.083333333333333,50.0,81.25,14.285714285714285,18.181818181818183,27.083333333333332,55.55555555555556,,
220,BHARTIARTL,Mar 2013,2.95,30.0,4.5,1.3262,5.3372,0.4871,3932.0,18676.0,4.0,2.6499,17.0,66736.0,22608.0,,,,,Communication Services,,,,,76947.0,2267.0,17.0,Telecom,1,66.66666666666666,66.66666666666666,16.666666666666664,58.333333333333336,,,16.666666666666664,16.666666666666664,,
221,BHARTIARTL,Mar 2014,3.52,31.0,5.050000000000001,1.2701,4.9997,0.4731,1052.0,25181.0,5.0,2.9893,26.0,75896.0,26233.0,,,,,Communication Services,,,,,85864.0,3019.0,26.0,Telecom,1,58.333333333333336,58.333333333333336,25.0,75.0,,,8.333333333333332,25.0,,
222,BHARTIARTL,Mar 2015,5.25,35.0,12.69,2.0971,7.8374,0.5282,5758.0,22301.0,8.0,1.9898,33.0,83415.0,28059.0,,,,,Communication Services,,,,,96101.0,5048.0,33.0,Telecom,1,16.666666666666664,41.66666666666667,8.333333333333332,50.0,,,66.66666666666666,8.333333333333332,,
223,BHARTIARTL,Mar 2016,7.140000000000001,35.0,10.32,1.5074,4.5451,0.43,13851.0,14091.0,11.0,3.3402,9.0,100646.0,27942.0,,,,,Communication Services,,,,,96532.0,6893.0,9.0,Telecom,1,41.66666666666667,16.666666666666664,33.33333333333333,33.33333333333333,,,25.0,33.33333333333333,,
224,BHARTIARTL,Mar 2017,4.44,37.0,6.29,1.5905,3.8801,0.4109,-2400.0,30680.0,7.0,3.3745,11.0,107288.0,28280.0,,,,,Communication Services,,,,,95468.0,4241.0,11.0,Telecom,1,50.0,50.0,41.66666666666667,83.33333333333334,,,33.33333333333333,41.66666666666667,,
225,BHARTIARTL,Mar 2018,2.64,36.0,3.14,1.6011,3.4136,0.3312,1914.0,27940.0,2.0,3.4785,194.0,111334.0,29854.0,1.44,-0.74,-12.94,-4.08,Communication Services,,,,,82639.0,2184.0,194.0,Telecom,1,75.0,75.0,58.333333333333336,66.66666666666666,57.14285714285714,80.0,41.66666666666667,66.66666666666666,-4.08,0.0
226,BHARTIARTL,Mar 2019,2.09,32.0,2.36,1.7561,2.8467,0.2948,-8216.0,28286.0,1.0,3.5729,244.0,125428.0,20070.0,-1.21,-10.98,-27.52,-13.24,Communication Services,224578.88,70.91,12.2,0.07,80780.0,1688.0,244.0,Telecom,1,83.33333333333334,83.33333333333334,83.33333333333334,91.66666666666666,85.71428571428571,100.0,50.0,83.33333333333334,-13.24,0.0
227,BHARTIARTL,Mar 2020,-35.03,42.0,-39.75,1.9214,-0.0833,0.2438,-11469.0,29598.0,-55.0,2.8279,-3.0,148228.0,18129.0,-1.85,,,-0.62,Communication Services,196241.62,79.6,5.46,0.6,87539.0,-30664.0,-3.0,Telecom,1,100.0,100.0,100.0,100.0,100.0,,58.333333333333336,100.0,-0.62,0.0
228,BHARTIARTL,Mar 2021,-12.29,45.0,-20.97,2.7613,2.7211,0.2921,20919.0,27286.0,-26.0,2.1469,0.0,162785.0,48205.0,0.83,,,0.28,Communication Services,232971.76,15.3,7.28,2.22,100616.0,-12364.0,0.0,Telecom,1,91.66666666666666,91.66666666666666,91.66666666666666,25.0,71.42857142857143,,91.66666666666666,91.66666666666666,0.28,0.0
229,BHARTIARTL,Mar 2022,7.13,49.0,12.48,2.5495,3.7428,0.3227,13539.0,41478.0,7.0,2.3812,39.0,169678.0,55017.0,4.07,14.39,0.0,6.15,Communication Services,276579.83,57.38,9.43,4.05,116547.0,8305.0,39.0,Telecom,1,25.0,25.0,66.66666666666666,41.66666666666667,42.857142857142854,60.0,75.0,58.333333333333336,6.15,0.0
230,BHARTIARTL,Mar 2023,8.83,51.0,15.84,2.914,3.7458,0.313,26093.0,39232.0,15.0,2.734,27.0,226020.0,65325.0,10.98,41.27,49.63,33.96,Communication Services,288871.93,66.89,3.6,0.1,139145.0,12287.0,27.0,Telecom,1,8.333333333333332,8.333333333333332,75.0,16.666666666666664,28.57142857142857,20.0,100.0,50.0,33.96,0.0
231,BHARTIARTL,Mar 2024,5.71,52.0,10.36,2.6095,3.3055,0.3393,27809.0,51089.0,13.0,2.8717,62.0,215592.0,78898.0,13.17,38.36,67.03,39.52,Communication Services,378605.83,63.78,6.28,1.02,149982.0,8558.0,62.0,Telecom,1,33.33333333333333,33.33333333333333,50.0,8.333333333333332,14.285714285714285,40.0,83.33333333333334,75.0,39.52,0.0
232,BEL,Mar 2013,14.52,11.0,15183.33,4.0,184.4286,139.4,214.0,1753.0,1.0,0.3,20.0,24.0,-1539.0,,,,,Industrials,,,,,6273.0,911.0,20.0,Defence,0,10.0,70.0,20.0,60.0,,,100.0,65.0,,
233,BEL,Mar 2014,14.61,14.0,13600.0,3.0,194.7143,141.6957,190.0,759.0,1.0,0.35,20.0,21.0,-569.0,,,,,Industrials,,,,,6518.0,952.0,20.0,Defence,0,15.0,60.0,10.0,70.0,,,90.0,55.00000000000001,,
234,BEL,Mar 2015,16.88,17.0,17100.0,3.7143,240.8571,144.7551,595.0,839.0,2.0,0.35,20.0,26.0,1434.0,,,,,Industrials,,,,,7093.0,1197.0,20.0,Defence,0,5.0,35.0,5.0,55.00000000000001,,,95.0,40.0,,
235,BEL,Mar 2016,18.18,19.0,11141.67,2.0833,196.6,141.4231,790.0,1470.0,2.0,0.1333,31.0,25.0,2260.0,,,,,Industrials,,,,,7354.0,1337.0,31.0,Defence,0,20.0,25.0,15.0,45.0,,,85.0,50.0,,
236,BEL,Mar 2017,17.59,21.0,10153.33,1.9333,122.8889,112.4156,3054.0,3115.0,2.0,0.1667,33.0,29.0,-61.0,,,,,Industrials,,,,,8656.0,1523.0,33.0,Defence,0,25.0,30.0,55.00000000000001,20.0,,,80.0,75.0,,
237,BEL,Mar 2018,13.76,20.0,4616.13,1.5484,372.5,85.9587,-693.0,6.0,2.0,0.31,34.0,48.0,-687.0,10.64,9.45,14.87,11.65,Industrials,,,,,10401.0,1431.0,34.0,Defence,0,35.0,85.0,95.0,85.0,50.0,67.85714285714286,75.0,15.0,-9.11,20.759999999999998
238,BEL,Mar 2019,15.51,24.0,3851.02,0.9592,186.375,96.5397,618.0,896.0,3.0,0.4455,44.0,47.0,1514.0,13.29,14.66,24.57,17.51,Industrials,770752.45,73.48,7.9,4.11,12164.0,1887.0,44.0,Defence,0,45.0,50.0,80.0,50.0,14.285714285714285,35.714285714285715,70.0,60.0,2.53,14.980000000000002
239,BEL,Mar 2020,14.07,21.0,3318.18,0.8,357.25,106.2951,1921.0,649.0,3.0,0.5,37.0,44.0,2570.0,12.83,8.8,8.45,10.03,Industrials,902791.12,59.94,4.28,3.79,12968.0,1825.0,37.0,Defence,0,70.0,80.0,65.0,35.0,21.428571428571427,78.57142857142857,55.00000000000001,20.0,6.95,3.079999999999999
240,BEL,Mar 2021,14.88,23.0,3559.32,0.8305,333.9,92.8224,2498.0,2595.0,3.0,0.5364,46.0,49.0,5093.0,13.92,9.45,8.45,10.61,Industrials,901058.99,52.67,6.64,1.81,14109.0,2100.0,46.0,Defence,0,55.00000000000001,55.00000000000001,90.0,30.0,7.142857142857142,67.85714285714286,60.0,25.0,9.32,1.2899999999999991
241,BEL,Mar 2022,15.62,22.0,3478.26,0.8406,397.3333,94.2822,-665.0,4872.0,3.0,0.6273,46.0,58.0,4207.0,12.17,9.52,8.45,10.05,Industrials,1143459.9,72.89,7.89,4.49,15368.0,2400.0,46.0,Defence,0,60.0,45.0,85.0,80.0,28.57142857142857,57.14285714285714,65.0,10.0,12.29,-2.2399999999999984
242,BEL,Mar 2023,16.84,23.0,3981.33,0.52,230.0526,123.1528,3907.0,2708.0,4.0,0.6818,44.0,39.0,1199.0,11.26,15.85,14.87,13.99,Industrials,1055965.69,18.0,12.66,4.22,17734.0,2986.0,44.0,Defence,0,40.0,40.0,35.0,10.0,35.714285714285715,28.57142857142857,45.0,45.0,18.48,-4.49
243,BEL,Mar 2024,19.66,25.0,4744.05,0.5119,476.75,125.8882,-1265.0,5924.0,5.0,0.7636,40.0,43.0,4659.0,10.75,16.13,10.76,12.55,Industrials,1354781.06,17.89,9.22,0.76,20268.0,3985.0,40.0,Defence,0,30.0,20.0,25.0,90.0,42.857142857142854,21.428571428571427,40.0,5.0,20.61,-8.059999999999999
244,BHEL,Mar 2013,13.69,19.0,21.91,0.0883,82.9297,0.6809,646.0,1113.0,18.0,6.2345,20.0,2698.0,1759.0,,,,,Industrials,,,,,48903.0,6693.0,20.0,Capital Goods,1,8.333333333333332,8.333333333333332,8.333333333333332,41.66666666666667,,,50.0,8.333333333333332,,
245,BHEL,Mar 2014,8.85,12.0,10.56,0.1415,46.5865,0.5252,3644.0,868.0,10.0,6.7696,20.0,4693.0,4512.0,,,,,Industrials,,,,,39561.0,3502.0,20.0,Capital Goods,1,16.666666666666664,16.666666666666664,16.666666666666664,8.333333333333332,,,58.333333333333336,16.666666666666664,,
246,BHEL,Mar 2015,4.63,7.0,4.24,0.0552,36.5435,0.4413,1471.0,650.0,4.0,6.981,20.0,1889.0,821.0,,,,,Industrials,,,,,31323.0,1450.0,20.0,Capital Goods,1,25.0,25.0,50.0,25.0,,,33.33333333333333,25.0,,
247,BHEL,Mar 2016,-2.77,-5.0,-2.18,0.0065,0.375,0.3889,397.0,23.0,-2.0,6.5949,-14.0,211.0,374.0,,,,,Industrials,,,,,25505.0,-706.0,-14.0,Capital Goods,1,83.33333333333334,83.33333333333334,75.0,58.333333333333336,,,25.0,91.66666666666666,,
248,BHEL,Mar 2017,1.6,4.0,1.4,0.0048,4.4746,0.4614,-5.0,565.0,1.0,6.61,85.0,156.0,560.0,,,,,Industrials,,,,,28465.0,455.0,85.0,Capital Goods,1,58.333333333333336,58.333333333333336,33.33333333333333,66.66666666666666,,,16.666666666666664,50.0,,
249,BHEL,Mar 2018,1.52,6.0,1.35,0.0034,7.0667,0.4508,1950.0,961.0,1.0,4.4053,151.0,110.0,989.0,-10.03,-42.03,-43.9,-31.99,Industrials,,,,,28827.0,438.0,151.0,Capital Goods,1,66.66666666666666,66.66666666666666,41.66666666666667,16.666666666666664,100.0,100.0,8.333333333333332,41.66666666666667,-31.99,0.0
250,BHEL,Mar 2019,3.29,7.0,3.24,0.0841,7.127,0.472,-1941.0,1919.0,3.0,4.4402,69.0,2598.0,-3860.0,-5.11,-22.14,-21.4,-16.22,Industrials,350456.18,40.83,10.29,3.94,30441.0,1002.0,69.0,Capital Goods,1,33.33333333333333,33.33333333333333,25.0,91.66666666666666,42.857142857142854,60.0,41.66666666666667,33.33333333333333,-16.22,0.0
251,BHEL,Mar 2020,-6.84,-1.0,-5.12,0.1773,0.7455,0.356,-1015.0,1877.0,-4.0,4.1178,0.0,5080.0,-2892.0,-7.28,,,-2.43,Industrials,414401.34,59.14,11.39,0.49,21463.0,-1468.0,0.0,Capital Goods,1,91.66666666666666,91.66666666666666,91.66666666666666,83.33333333333334,71.42857142857143,,66.66666666666666,83.33333333333334,-2.43,0.0
252,BHEL,Mar 2021,-15.6,-18.0,-10.39,0.1905,-5.6874,0.3093,518.0,42.0,-8.0,3.7332,0.0,4951.0,560.0,-7.46,,,-2.49,Industrials,367749.87,43.86,9.43,1.49,17309.0,-2700.0,0.0,Capital Goods,1,100.0,100.0,100.0,50.0,85.71428571428571,,83.33333333333334,100.0,-2.49,0.0
253,BHEL,Mar 2022,2.1,4.0,1.68,0.1822,2.7522,0.3722,-458.0,1118.0,1.0,3.8083,31.0,4830.0,660.0,-5.71,-0.44,0.0,-2.05,Industrials,452493.05,23.85,9.42,0.56,21211.0,445.0,31.0,Capital Goods,1,50.0,50.0,83.33333333333334,75.0,57.14285714285714,40.0,75.0,58.333333333333336,-2.05,0.0
254,BHEL,Mar 2023,2.8,4.0,2.68,0.2237,2.5948,0.4052,739.0,1480.0,2.0,3.5026,21.0,5454.0,-741.0,-4.11,8.35,14.87,6.37,Industrials,499389.38,31.13,9.5,3.29,23365.0,654.0,21.0,Capital Goods,1,41.66666666666667,41.66666666666667,58.333333333333336,33.33333333333333,14.285714285714285,20.0,91.66666666666666,66.66666666666666,6.37,0.0
255,BHEL,Mar 2024,1.18,3.0,1.15,0.3624,1.593,0.3996,-2382.0,1331.0,1.0,3.5112,31.0,8856.0,-3713.0,-4.73,-22.4,-19.73,-15.62,Industrials,540053.85,29.8,11.43,4.04,23893.0,282.0,31.0,Capital Goods,1,75.0,75.0,66.66666666666666,100.0,28.57142857142857,80.0,100.0,75.0,-15.62,0.0
256,BOSCHLTD,Dec 2012,11.06,16.0,17.19,0.0413,286.5,1.0958,47.0,824.0,305.0,17.9774,20.0,230.0,871.0,,,,,Consumer Discretionary,,,,,8659.0,958.0,20.0,Auto Components,1,50.0,29.166666666666668,58.333333333333336,95.83333333333334,,,50.0,8.695652173913043,,
257,BOSCHLTD,Dec 2013,10.11,15.0,14.06,0.0291,,0.9849,211.0,846.0,282.0,20.3032,20.0,183.0,1057.0,,,,,Consumer Discretionary,,,,,8757.0,885.0,20.0,Auto Components,1,58.333333333333336,37.5,62.5,83.33333333333334,,,45.83333333333333,,,
258,BOSCHLTD,Mar 2015,11.07,16.0,18.21,0.0151,179.8571,1.1587,213.0,1183.0,426.0,23.7,20.0,111.0,1396.0,,,,,Consumer Discretionary,,,,,12086.0,1338.0,20.0,Auto Components,1,41.66666666666667,25.0,50.0,79.16666666666666,,,41.66666666666667,26.08695652173913,,
259,BOSCHLTD,Mar 2016,15.78,19.0,16.06,0.0052,192.3846,0.7803,323.0,995.0,488.0,30.7581,17.0,50.0,1318.0,,,,,Consumer Discretionary,,,,,9701.0,1531.0,17.0,Auto Components,1,54.166666666666664,8.333333333333332,87.5,66.66666666666666,,,25.0,17.391304347826086,,
260,BOSCHLTD,Mar 2017,16.68,19.0,19.79,0.0,106.4815,0.8843,2703.0,1246.0,570.0,29.33,29.0,0.0,1457.0,,,,,Consumer Discretionary,,,,,10435.0,1741.0,29.0,Auto Components,1,29.166666666666668,4.166666666666666,79.16666666666666,12.5,,,8.333333333333332,34.78260869565217,,
261,BOSCHLTD,Mar 2018,11.73,18.0,13.74,0.0,837.0,0.8394,559.0,1170.0,449.0,33.27,22.0,0.0,1729.0,6.19,7.43,8.04,7.22,Consumer Discretionary,,,,,11690.0,1371.0,22.0,Auto Components,1,62.5,20.833333333333336,83.33333333333334,45.83333333333333,71.42857142857143,42.857142857142854,8.333333333333332,4.3478260869565215,7.22,0.0
262,BOSCHLTD,Mar 2019,13.22,18.0,17.51,0.0,211.8462,0.9508,2359.0,1766.0,542.0,30.4233,19.0,0.0,593.0,6.65,12.55,13.96,11.05,Consumer Discretionary,1557190.4,56.11,11.21,2.27,12085.0,1598.0,19.0,Auto Components,1,45.83333333333333,16.666666666666664,70.83333333333334,20.833333333333336,64.28571428571429,21.428571428571427,8.333333333333332,13.043478260869565,11.05,0.0
263,BOSCHLTD,Mar 2020,6.600000000000001,15.0,7.01,0.008,137.8,0.7389,463.0,873.0,220.0,30.9,48.0,74.0,1336.0,-4.02,-13.45,-12.38,-9.95,Consumer Discretionary,1332371.44,31.28,12.85,0.47,9842.0,650.0,48.0,Auto Components,1,91.66666666666666,45.83333333333333,95.83333333333334,54.166666666666664,100.0,92.85714285714286,37.5,30.434782608695656,-9.95,0.0
264,BOSCHLTD,Mar 2021,4.96,12.0,4.91,0.0055,65.8571,0.6578,372.0,463.0,164.0,32.7433,70.0,54.0,835.0,0.04,-20.64,-19.59,-13.4,Consumer Discretionary,1765282.83,37.83,3.62,3.37,9718.0,482.0,70.0,Auto Components,1,100.0,54.166666666666664,100.0,62.5,92.85714285714286,100.0,29.166666666666668,43.47826086956522,-13.4,0.0
265,BOSCHLTD,Mar 2022,10.33,12.0,11.39,0.0068,63.8966,0.7646,238.0,33.0,413.0,35.6267,51.0,73.0,271.0,2.46,-6.91,-6.24,-3.56,Consumer Discretionary,1812529.57,21.27,6.04,1.07,11782.0,1217.0,51.0,Auto Components,1,83.33333333333334,33.33333333333333,91.66666666666666,75.0,85.71428571428571,78.57142857142857,33.33333333333333,47.82608695652174,-3.56,0.0
266,BOSCHLTD,Mar 2023,9.54,13.0,12.93,0.0048,190.0833,0.9182,1476.0,262.0,483.0,36.71,99.0,53.0,1214.0,5.01,0.76,1.47,2.41,Consumer Discretionary,2334820.89,28.16,4.01,1.56,14929.0,1424.0,99.0,Auto Components,1,66.66666666666666,41.66666666666667,75.0,29.166666666666668,78.57142857142857,50.0,20.833333333333336,21.73913043478261,2.41,0.0
267,BOSCHLTD,Mar 2024,14.89,13.0,20.64,0.0032,71.7843,0.9638,1536.0,283.0,844.0,40.2133,44.0,39.0,1253.0,6.72,9.28,9.26,8.42,Consumer Discretionary,2599556.05,58.43,6.47,4.23,16727.0,2490.0,44.0,Auto Components,1,25.0,12.5,66.66666666666666,25.0,57.14285714285714,28.57142857142857,16.666666666666664,39.130434782608695,8.42,0.0
268,BPCL,Mar 2013,0.8,3.0,11.54,1.9766,3.2569,3.0414,2322.0,3604.0,4.0,2.3202,42.0,33157.0,5926.0,,,,,Energy,,,,,242181.0,1936.0,42.0,Oil & Gas,0,56.666666666666664,95.0,1.6666666666666667,58.333333333333336,,,100.0,96.66666666666667,,
269,BPCL,Mar 2014,1.53,4.0,20.85,1.7053,5.4279,2.9892,2707.0,6881.0,9.0,2.6888,31.0,33152.0,9588.0,,,,,Energy,,,,,264421.0,4053.0,31.0,Oil & Gas,0,16.666666666666664,86.66666666666667,3.3333333333333335,56.666666666666664,,,96.66666666666667,83.33333333333334,,
270,BPCL,Mar 2015,2.09,4.0,22.52,1.1299,10.0822,2.8104,10206.0,10536.0,11.0,3.1206,34.0,25492.0,20742.0,,,,,Energy,,,,,242598.0,5082.0,34.0,Oil & Gas,0,11.666666666666666,85.0,5.0,30.0,,,83.33333333333334,61.66666666666667,,
271,BPCL,Mar 2016,4.31,7.0,29.1,0.8415,21.8882,2.1732,1886.0,9233.0,19.0,4.2369,25.0,23388.0,11119.0,,,,,Energy,,,,,187815.0,8089.0,25.0,Oil & Gas,0,6.666666666666667,70.0,11.666666666666666,65.0,,,70.0,18.333333333333332,,
272,BPCL,Mar 2017,4.72,7.0,30.85,1.1592,23.7126,1.8449,-6233.0,15274.0,20.0,2.3508,49.0,35725.0,9041.0,,,,,Energy,,,,,201251.0,9507.0,49.0,Oil & Gas,0,5.0,66.66666666666666,23.333333333333332,85.0,,,86.66666666666667,15.0,,
273,BPCL,Mar 2018,4.15,6.0,26.74,1.0284,15.3828,1.96,4002.0,7066.0,21.0,1.8617,46.0,37659.0,11068.0,-0.52,38.29,39.33,25.7,Energy,,,,,235895.0,9792.0,46.0,Oil & Gas,0,8.333333333333332,71.66666666666667,13.333333333333334,48.333333333333336,97.14285714285714,5.88235294117647,78.33333333333333,26.666666666666668,7.92,17.78
274,BPCL,Mar 2019,2.86,5.0,22.0,1.1567,10.2534,2.178,-294.0,10451.0,18.0,1.9708,48.0,44839.0,10157.0,2.44,16.04,14.87,11.12,Energy,417435.04,25.37,3.65,3.89,298226.0,8528.0,48.0,Oil & Gas,0,15.0,83.33333333333334,10.0,76.66666666666667,77.14285714285715,32.35294117647059,85.0,58.333333333333336,10.08,1.0399999999999991
275,BPCL,Mar 2020,1.29,3.0,10.04,1.7923,3.9317,1.8863,-3254.0,11135.0,7.0,1.8572,106.0,65476.0,7881.0,3.24,-6.32,-8.64,-3.91,Energy,514923.42,40.91,7.86,0.33,284572.0,3666.0,106.0,Oil & Gas,0,71.66666666666667,91.66666666666666,20.0,81.66666666666667,74.28571428571429,91.17647058823529,98.33333333333333,90.0,10.69,-14.6
276,BPCL,Mar 2021,7.52,9.0,32.34,1.0182,16.5351,1.4298,20981.0,2474.0,37.0,2.5588,102.0,54532.0,23455.0,4.15,16.45,14.26,11.62,Energy,522915.18,12.13,1.78,1.65,230171.0,17320.0,102.0,Oil & Gas,0,3.3333333333333335,40.0,35.0,18.333333333333332,68.57142857142857,29.411764705882355,76.66666666666667,25.0,11.98,-0.3600000000000012
277,BPCL,Mar 2022,3.37,6.0,22.51,1.2433,9.2387,1.8493,12198.0,8138.0,27.0,2.438,29.0,64534.0,20336.0,11.5,4.21,6.19,7.3,Energy,547313.57,24.26,4.29,1.47,346791.0,11682.0,29.0,Oil & Gas,0,13.333333333333334,78.33333333333333,21.666666666666668,21.666666666666668,40.0,79.41176470588235,88.33333333333333,66.66666666666666,17.08,-9.779999999999998
278,BPCL,Mar 2023,0.45,2.0,3.98,1.2962,3.4539,2.5155,4660.0,7806.0,5.0,2.514,40.0,69376.0,12466.0,14.94,-26.29,-24.95,-12.1,Energy,484980.46,35.8,5.24,1.02,473187.0,2131.0,40.0,Oil & Gas,0,98.33333333333333,98.33333333333333,6.666666666666667,41.66666666666667,20.0,100.0,90.0,95.0,15.22,-27.32
279,BPCL,Mar 2024,5.99,10.0,35.51000000000001,0.7219,11.3555,2.2137,25415.0,10521.0,62.0,3.541,33.0,54599.0,35936.0,8.48,25.79,28.06,20.78,Energy,468662.13,68.15,0.72,1.15,448083.0,26859.0,33.0,Oil & Gas,0,1.6666666666666667,51.66666666666667,8.333333333333332,11.666666666666666,54.285714285714285,14.705882352941178,56.666666666666664,51.66666666666667,12.08,8.700000000000001
280,BRITANNIA,Mar 2013,4.2,7.0,46.59,0.681,11.5366,3.2847,348.0,28.0,11.0,2.325,39.0,380.0,320.0,,,,,Consumer Staples,,,,,6185.0,260.0,39.0,FMCG,0,26.190476190476193,96.42857142857143,1.1904761904761905,75.0,,,95.23809523809523,89.28571428571429,,
281,BRITANNIA,Mar 2014,5.71,9.0,49.5,0.188,82.625,3.281,425.0,246.0,16.0,3.325,36.0,150.0,671.0,,,,,Consumer Staples,,,,,6913.0,395.0,36.0,FMCG,0,23.809523809523807,94.04761904761905,2.380952380952381,70.23809523809523,,,67.85714285714286,28.57142857142857,,
282,BRITANNIA,Mar 2015,8.77,11.0,55.34,0.1165,274.5,2.8135,134.0,450.0,29.0,5.1875,28.0,145.0,584.0,,,,,Consumer Staples,,,,,7858.0,689.0,28.0,FMCG,0,20.238095238095237,82.14285714285714,3.571428571428571,92.85714285714286,,,54.761904761904766,11.904761904761903,,
283,BRITANNIA,Mar 2016,9.82,15.0,39.44,0.0626,267.8,2.4033,254.0,705.0,34.0,8.7167,29.0,131.0,959.0,,,,,Consumer Staples,,,,,8397.0,825.0,29.0,FMCG,0,29.761904761904763,78.57142857142857,4.761904761904762,84.52380952380952,,,39.285714285714285,14.285714285714285,,
284,BRITANNIA,Mar 2017,9.77,14.0,32.83,0.0464,285.8,2.2035,291.0,150.0,37.0,11.2333,30.0,125.0,441.0,,,,,Consumer Staples,,,,,9054.0,885.0,30.0,FMCG,0,36.904761904761905,79.76190476190477,9.523809523809524,80.95238095238095,,,36.904761904761905,10.714285714285714,,
285,BRITANNIA,Mar 2018,10.13,15.0,29.48,0.059,208.375,1.9109,292.0,957.0,42.0,14.1917,30.0,201.0,1249.0,9.9,31.02,30.73,23.88,Consumer Staples,,,,,9914.0,1004.0,30.0,FMCG,0,45.23809523809524,76.19047619047619,19.047619047619047,79.76190476190477,26.53061224489796,2.127659574468085,38.095238095238095,17.857142857142858,5.98,17.9
286,BRITANNIA,Mar 2019,10.45,16.0,27.16,0.0367,215.3333,1.7722,304.0,852.0,48.0,17.7208,31.0,156.0,1156.0,9.84,23.94,24.57,19.45,Consumer Staples,193703.11,39.95,9.67,4.4,11055.0,1155.0,31.0,FMCG,0,48.80952380952381,75.0,25.0,78.57142857142857,28.57142857142857,6.382978723404255,34.523809523809526,15.476190476190476,8.08,11.37
287,BRITANNIA,Mar 2020,12.02,16.0,31.66,0.3493,27.3506,1.4815,-41.0,1526.0,58.0,18.3458,60.0,1538.0,1485.0,8.1,15.14,14.87,12.7,Consumer Staples,240748.04,33.6,0.62,4.5,11600.0,1394.0,60.0,FMCG,0,40.476190476190474,68.45238095238095,32.142857142857146,95.23809523809523,44.89795918367347,25.53191489361702,82.14285714285714,51.19047619047619,7.57,5.129999999999999
288,BRITANNIA,Mar 2021,14.09,19.0,52.17,0.5981,25.4234,1.642,2309.0,433.0,77.0,14.7833,204.0,2122.0,1876.0,9.36,17.54,17.76,14.89,Consumer Staples,253493.14,18.2,4.8,2.14,13136.0,1851.0,204.0,FMCG,0,22.61904761904762,52.38095238095239,30.952380952380953,35.714285714285715,34.69387755102041,17.02127659574468,90.47619047619048,53.57142857142857,11.41,3.4800000000000004
289,BRITANNIA,Mar 2022,10.72,16.0,59.27,0.9699,16.8264,1.878,2214.0,914.0,63.0,10.6583,89.0,2481.0,1300.0,9.32,11.37,11.23,10.64,Consumer Staples,316483.82,73.25,8.4,3.54,14136.0,1516.0,89.0,FMCG,0,19.047619047619047,73.80952380952381,21.428571428571427,36.904761904761905,36.734693877551024,46.808510638297875,100.0,78.57142857142857,12.28,-1.6399999999999988
290,BRITANNIA,Mar 2023,14.21,17.0,65.53,0.848,20.284,1.7432,1019.0,1507.0,96.0,14.725,75.0,2997.0,2526.0,10.46,18.2,17.98,15.55,Consumer Staples,285063.86,25.49,4.57,4.06,16301.0,2316.0,75.0,FMCG,0,16.666666666666664,48.80952380952381,26.190476190476193,55.952380952380956,18.367346938775512,14.893617021276595,98.80952380952381,72.61904761904762,12.6,2.950000000000001
291,BRITANNIA,Mar 2024,12.73,19.0,54.15,0.524,20.5976,1.8484,3050.0,477.0,89.0,16.4208,83.0,2065.0,2573.0,8.69,13.06,13.14,11.63,Consumer Staples,324745.74,63.91,4.26,1.88,16769.0,2134.0,83.0,FMCG,0,21.428571428571427,63.095238095238095,22.61904761904762,29.761904761904763,40.816326530612244,42.5531914893617,86.90476190476191,66.66666666666666,10.04,1.5900000000000016
292,CANBK,Mar 2013,8.790000000000001,655.0,11.9,14.9364,2.1823,0.0812,7575.0,435.0,12.0,5.6831,19.0,376040.0,8010.0,,,,,Financials,,,,,34070.0,2995.0,19.0,Public Sector Banks,0,35.41666666666667,23.958333333333336,31.25,41.66666666666667,,,54.166666666666664,44.44444444444444,,
293,CANBK,Mar 2014,6.75,-672.0,8.85,14.8434,2.3248,0.079,13864.0,380.0,10.0,6.5458,19.0,447913.0,14244.0,,,,,Financials,,,,,39570.0,2672.0,19.0,Public Sector Banks,0,47.91666666666667,39.58333333333333,37.5,33.33333333333333,,,47.91666666666667,38.88888888888889,,
294,CANBK,Mar 2015,6.69,-621.0,9.02,15.3726,2.1764,0.0784,5240.0,1104.0,11.0,6.8404,17.0,499488.0,6344.0,,,,,Financials,,,,,43813.0,2931.0,17.0,Public Sector Banks,0,43.75,41.66666666666667,39.58333333333333,45.83333333333333,,,66.66666666666666,47.22222222222222,,
295,CANBK,Mar 2016,-5.76,-8008.0,-7.82,15.6344,3.3739,0.0781,8903.0,443.0,-9.0,5.9687,0.0,506712.0,9346.0,,,,,Financials,,,,,44039.0,-2535.0,0.0,Public Sector Banks,0,83.33333333333334,83.33333333333334,41.66666666666667,39.58333333333333,,,70.83333333333334,8.333333333333332,,
296,CANBK,Mar 2017,3.4,-5775.0,4.07,15.4204,1.9966,0.0695,2099.0,476.0,5.0,5.8099,4.0,534858.0,2575.0,,,,,Financials,,,,,41457.0,1411.0,4.0,Public Sector Banks,0,66.66666666666666,60.416666666666664,52.083333333333336,56.25,,,68.75,52.77777777777778,,
297,CANBK,Mar 2018,-9.370000000000001,-13350.0,-10.5,15.2792,3.4536,0.0655,-11607.0,487.0,-11.0,5.0337,0.0,563756.0,-11120.0,3.95,,,1.32,Financials,,,,,41345.0,-3873.0,0.0,Public Sector Banks,0,87.5,91.66666666666666,68.75,85.41666666666666,75.0,,60.416666666666664,5.555555555555555,,
298,CANBK,Mar 2019,1.45,-11590.0,1.85,16.9855,2.7433,0.0674,17492.0,745.0,2.0,5.0052,0.0,640166.0,18237.0,3.92,-23.59,-27.52,-15.73,Financials,274311.19,24.47,4.6,3.0,47951.0,696.0,0.0,Public Sector Banks,0,75.0,72.91666666666666,58.333333333333336,25.0,78.57142857142857,72.72727272727273,87.5,19.444444444444446,,
299,CANBK,Mar 2020,-3.86,-12867.0,-4.66,16.2154,2.2699,0.0671,-5734.0,445.0,-4.0,4.0006,0.0,668170.0,-5289.0,2.58,,,0.86,Financials,312713.63,32.75,11.66,2.57,49759.0,-1921.0,0.0,Public Sector Banks,0,81.25,79.16666666666666,61.458333333333336,77.08333333333334,92.85714285714286,,79.16666666666666,41.66666666666667,,
300,CANBK,Mar 2021,4.21,-18367.0,4.74,17.0004,1.8804,0.0596,58002.0,1116.0,4.0,3.7893,0.0,1060998.0,59118.0,9.79,,,3.26,Financials,308875.53,31.3,11.96,3.34,70253.0,2957.0,0.0,Public Sector Banks,0,60.416666666666664,50.0,93.75,2.083333333333333,57.14285714285714,,89.58333333333334,58.333333333333336,,
301,CANBK,Mar 2022,8.72,-13657.0,8.799999999999999,16.1894,1.7433,0.0561,-510.0,1429.0,7.0,3.8567,19.0,1132626.0,919.0,11.24,34.27,6.96,17.49,Financials,289660.96,74.19,6.84,1.77,70614.0,6158.0,19.0,Public Sector Banks,0,50.0,27.083333333333332,97.91666666666666,62.5,42.857142857142854,36.36363636363637,77.08333333333334,61.111111111111114,,
302,CANBK,Mar 2023,13.21,-9877.0,14.53,15.8501,1.6885,0.0622,-41134.0,1156.0,12.0,4.3029,19.0,1237160.0,-39978.0,15.74,,,5.25,Financials,384057.8,55.56,0.63,4.1,85885.0,11345.0,19.0,Public Sector Banks,0,22.916666666666664,12.5,79.16666666666666,97.91666666666666,28.57142857142857,,75.0,63.888888888888886,,
303,CANBK,Mar 2024,13.94,-7745.0,16.72,14.8674,1.6107,0.072,13296.0,1750.0,17.0,5.079,19.0,1369780.0,15046.0,18.18,85.78,53.42,52.46,Financials,496415.88,36.74,12.61,3.81,110519.0,15401.0,19.0,Public Sector Banks,0,18.75,6.25,44.79166666666667,35.41666666666667,10.714285714285714,9.090909090909092,52.083333333333336,66.66666666666666,,
304,CHOLAFIN,Mar 2013,11.98,472.0,15.78,7.8222,706.0,0.141,-3749.0,5.0,4.0,1.365,16.0,15269.0,-3754.0,,,,,Financials,,,,,2570.0,308.0,16.0,Consumer Finance,0,61.111111111111114,86.11111111111111,66.66666666666666,30.555555555555557,,,94.44444444444444,18.75,,
305,CHOLAFIN,Mar 2014,11.22,578.0,16.09,7.9034,950.0,0.1522,-2530.0,83.0,5.0,1.5993,14.0,18075.0,-2447.0,,,,,Financials,,,,,3279.0,368.0,14.0,Consumer Finance,0,50.0,97.22222222222221,27.77777777777778,22.22222222222222,,,97.22222222222221,15.625,,
306,CHOLAFIN,Mar 2015,11.95,696.0,16.6,7.4579,,0.1556,-2304.0,40.0,6.0,1.8576,11.0,19950.0,-2264.0,,,,,Financials,,,,,3715.0,444.0,11.0,Consumer Finance,0,41.66666666666667,88.88888888888889,15.277777777777779,16.666666666666664,,,88.88888888888889,,,
307,CHOLAFIN,Mar 2016,13.64,899.0,15.67,6.1433,643.5,0.1511,-2946.0,137.0,7.0,2.3526,12.0,22546.0,-2809.0,,,,,Financials,,,,,4214.0,575.0,12.0,Consumer Finance,0,66.66666666666666,80.55555555555556,30.555555555555557,27.77777777777778,,,75.0,21.875,,
308,CHOLAFIN,Mar 2017,15.3,1143.0,16.71,5.6005,448.6667,0.1534,-1690.0,222.0,9.0,2.7551,12.0,24071.0,-1468.0,,,,,Financials,,,,,4694.0,718.0,12.0,Consumer Finance,0,38.88888888888889,69.44444444444444,22.22222222222222,11.11111111111111,,,66.66666666666666,25.0,,
309,CHOLAFIN,Mar 2018,16.51,1451.0,17.91,7.479,,0.1259,-7986.0,60.0,12.0,3.2853,11.0,38330.0,-7926.0,16.68,24.41,24.57,21.89,Financials,,,,,5559.0,918.0,11.0,Consumer Finance,0,30.555555555555557,61.111111111111114,83.33333333333334,50.0,68.42105263157895,42.10526315789473,91.66666666666666,,,
310,CHOLAFIN,Mar 2019,16.84,1888.0,19.28,8.1455,1659.0,0.1236,-9328.0,11.0,15.0,3.9795,8.0,50567.0,-9317.0,16.74,26.6,24.57,22.64,Financials,1617575.24,18.46,1.7,2.14,7108.0,1197.0,8.0,Consumer Finance,0,11.11111111111111,50.0,86.11111111111111,58.333333333333336,63.1578947368421,31.57894736842105,100.0,9.375,,
311,CHOLAFIN,Mar 2020,12.1,1699.0,12.85,6.7079,,0.136,-2129.0,54.0,13.0,5.0,13.0,55005.0,-2075.0,18.59,18.88,16.72,18.06,Financials,1426964.45,33.3,12.24,3.1,8712.0,1054.0,13.0,Consumer Finance,0,77.77777777777779,83.33333333333334,72.22222222222221,13.88888888888889,36.84210526315789,73.68421052631578,80.55555555555556,,38.95,-20.890000000000004
312,CHOLAFIN,Mar 2021,15.87,2094.0,15.84,6.6385,52.4107,0.1284,-10594.0,1746.0,19.0,5.8537,11.0,63730.0,-8848.0,17.86,21.48,22.1,20.48,Financials,1228519.04,23.52,9.62,0.37,9583.0,1521.0,11.0,Consumer Finance,0,58.333333333333336,66.66666666666666,80.55555555555556,66.66666666666666,52.63157894736842,63.1578947368421,77.77777777777779,46.875,27.55,-7.07
313,CHOLAFIN,Mar 2022,21.23,2924.0,18.3,5.8776,35.1786,0.123,-3931.0,1640.0,26.0,7.1762,8.0,69174.0,-5571.0,16.67,24.57,23.64,21.63,Financials,1050124.13,53.32,1.23,3.83,10148.0,2154.0,8.0,Consumer Finance,0,27.77777777777778,19.444444444444446,88.88888888888889,33.33333333333333,73.68421052631578,36.84210526315789,69.44444444444444,50.0,28.45,-6.82
314,CHOLAFIN,Mar 2023,20.68,3515.0,18.58,6.7864,16.5818,0.1134,-29253.0,2148.0,32.0,8.7476,6.0,97358.0,-27105.0,18.31,23.76,21.67,21.25,Financials,945798.69,38.56,12.71,4.49,12884.0,2665.0,6.0,Consumer Finance,0,25.0,25.0,94.44444444444444,80.55555555555556,47.368421052631575,47.368421052631575,83.33333333333334,56.25,32.31,-11.060000000000002
315,CHOLAFIN,Mar 2024,17.85,4548.0,17.46,6.8634,21.2118,0.1223,-38538.0,2855.0,41.0,11.6625,5.0,134475.0,-35683.0,21.94,23.36,22.28,22.53,Financials,971931.96,16.79,10.36,2.83,19163.0,3420.0,5.0,Consumer Finance,0,33.33333333333333,44.44444444444444,91.66666666666666,94.44444444444444,31.57894736842105,57.89473684210527,86.11111111111111,53.125,27.08,-4.549999999999997
316,CIPLA,Mar 2013,18.66,2214.0,17.13,0.1072,24.8653,0.7102,-665.0,2063.0,19.0,5.6019,10.0,967.0,1398.0,,,,,Healthcare,,,,,8279.0,1545.0,10.0,Pharmaceuticals,0,48.333333333333336,36.666666666666664,36.666666666666664,93.33333333333333,,,36.666666666666664,71.66666666666667,,
317,CIPLA,Mar 2014,13.8,2147.0,13.97,0.1242,32.0598,0.7592,298.0,1265.0,17.0,6.2429,12.0,1248.0,1563.0,,,,,Healthcare,,,,,10173.0,1404.0,12.0,Pharmaceuticals,0,61.66666666666667,53.333333333333336,21.666666666666668,64.16666666666667,,,41.66666666666667,61.66666666666667,,
318,CIPLA,Mar 2015,10.83,2163.0,11.38,0.1577,56.1098,0.724,223.0,950.0,15.0,6.7093,14.0,1703.0,1173.0,,,,,Healthcare,,,,,11345.0,1229.0,14.0,Pharmaceuticals,0,76.66666666666667,76.66666666666667,31.666666666666664,75.0,,,46.666666666666664,35.0,,
319,CIPLA,Mar 2016,10.03,2480.0,12.01,0.4517,54.4615,0.6551,-2792.0,4533.0,17.0,7.1534,12.0,5202.0,1741.0,,,,,Healthcare,,,,,13790.0,1383.0,12.0,Pharmaceuticals,0,73.33333333333333,81.66666666666667,58.333333333333336,98.33333333333333,,,76.66666666666667,36.666666666666664,,
320,CIPLA,Mar 2017,7.19,2496.0,8.25,0.3279,57.2837,0.6897,1078.0,1304.0,13.0,7.7913,16.0,4113.0,2382.0,,,,,Healthcare,,,,,14394.0,1035.0,16.0,Pharmaceuticals,0,91.66666666666666,95.0,40.0,45.0,,,68.33333333333333,31.666666666666664,,
321,CIPLA,Mar 2018,9.35,2826.0,9.959999999999999,0.288,44.1,0.6685,629.0,834.0,18.0,8.8379,17.0,4098.0,1463.0,12.86,-1.71,-1.08,3.36,Healthcare,,,,,15156.0,1417.0,17.0,Pharmaceuticals,0,83.33333333333334,85.0,50.0,55.00000000000001,22.857142857142858,68.57142857142857,66.66666666666666,46.666666666666664,1.48,1.88
322,CIPLA,Mar 2019,9.120000000000001,3097.0,9.94,0.2875,27.8491,0.6886,3.0,1688.0,19.0,9.3242,16.0,4316.0,1691.0,9.97,1.22,2.25,4.48,Healthcare,353498.49,61.2,2.74,2.83,16362.0,1492.0,16.0,Pharmaceuticals,0,85.0,88.33333333333333,43.333333333333336,85.0,51.42857142857142,62.857142857142854,65.0,66.66666666666666,0.94,3.5400000000000005
323,CIPLA,Mar 2020,8.76,3206.0,9.520000000000001,0.1786,40.5378,0.7314,3182.0,114.0,19.0,9.7907,21.0,2816.0,3068.0,8.59,4.07,4.84,5.83,Healthcare,316481.63,26.77,7.27,0.71,17132.0,1500.0,21.0,Pharmaceuticals,0,86.66666666666667,93.33333333333333,28.333333333333332,10.0,65.71428571428571,57.14285714285714,51.66666666666667,50.0,-2.59,8.42
324,CIPLA,Mar 2021,12.47,4252.0,13.04,0.1099,56.1241,0.7709,1381.0,2374.0,30.0,11.3826,17.0,2014.0,3755.0,6.8,11.55,12.03,10.13,Healthcare,288521.14,76.56,11.34,1.8,19160.0,2389.0,17.0,Pharmaceuticals,0,66.66666666666666,66.66666666666666,15.833333333333332,38.333333333333336,77.14285714285715,40.0,38.333333333333336,33.33333333333333,-7.39,17.52
325,CIPLA,Mar 2022,11.7,4553.0,12.22,0.0507,174.0606,0.8103,1468.0,1858.0,31.0,12.9447,16.0,1056.0,3326.0,8.62,19.73,18.98,15.78,Healthcare,282375.35,41.07,14.49,2.65,21763.0,2547.0,16.0,Pharmaceuticals,0,70.0,70.0,10.0,36.666666666666664,62.857142857142854,22.857142857142858,28.333333333333332,21.666666666666668,-8.29,24.07
326,CIPLA,Mar 2023,12.45,5027.0,12.1,0.0343,60.5734,0.7766,862.0,2376.0,35.0,14.5385,24.0,803.0,3238.0,8.47,14.86,14.22,12.52,Healthcare,338880.07,37.3,10.46,1.96,22753.0,2833.0,24.0,Pharmaceuticals,0,71.66666666666667,68.33333333333333,13.333333333333334,50.0,68.57142857142857,28.57142857142857,26.666666666666668,28.333333333333332,23.06,-10.54
327,CIPLA,Mar 2024,16.12,6291.0,15.55,0.0209,35.3388,0.7922,1152.0,2982.0,51.0,16.5876,25.0,559.0,4134.0,9.51,22.73,21.83,18.02,Healthcare,439803.15,59.75,5.93,0.12,25774.0,4154.0,25.0,Pharmaceuticals,0,51.66666666666667,41.66666666666667,11.666666666666666,41.66666666666667,57.14285714285714,20.0,23.333333333333332,55.00000000000001,21.59,-3.5700000000000003
328,COALINDIA,Mar 2013,25.41,18087.0,35.81,0.0269,5.7406,0.6154,7276.0,1833.0,27.0,0.7674,51.0,1305.0,9109.0,,,,,Materials,,,,,68303.0,17356.0,51.0,Mining,1,66.66666666666666,16.666666666666664,75.0,91.66666666666666,,,25.0,100.0,,
329,COALINDIA,Mar 2014,21.4,17766.0,35.64,0.0042,7.3744,0.6729,23105.0,8580.0,24.0,0.6714,121.0,178.0,14525.0,,,,,Materials,,,,,70608.0,15112.0,121.0,Mining,1,75.0,33.33333333333333,33.33333333333333,8.333333333333332,,,8.333333333333332,91.66666666666666,,
330,COALINDIA,Mar 2015,18.52,17343.0,34.02,0.0101,8.6454,0.6661,15276.0,894.0,22.0,0.6389,95.0,408.0,14382.0,,,,,Materials,,,,,74120.0,13727.0,95.0,Mining,1,100.0,41.66666666666667,41.66666666666667,41.66666666666667,,,16.666666666666664,83.33333333333334,,
331,COALINDIA,Mar 2016,18.32,18714.0,40.96,0.0344,9.9631,0.6856,21308.0,8154.0,23.0,0.5515,121.0,1199.0,13154.0,,,,,Materials,,,,,77861.0,14267.0,121.0,Mining,1,41.66666666666667,50.0,16.666666666666664,16.666666666666664,,,33.33333333333333,75.0,,
332,COALINDIA,Mar 2017,11.87,12448.0,37.85,0.1229,12.3649,0.6591,16916.0,455.0,15.0,0.395,133.0,3014.0,16461.0,,,,,Materials,,,,,78164.0,9280.0,133.0,Mining,1,58.333333333333336,91.66666666666666,50.0,25.0,,,83.33333333333334,50.0,,
333,COALINDIA,Mar 2018,8.260000000000002,9288.0,34.88,0.0762,15.2697,0.6794,13368.0,7747.0,11.0,0.3251,146.0,1538.0,21115.0,4.53,-16.52,-16.44,-9.48,Materials,,,,,85244.0,7038.0,146.0,Mining,1,83.33333333333334,100.0,25.0,58.333333333333336,85.71428571428571,100.0,50.0,25.0,-9.48,0.0
334,COALINDIA,Mar 2019,17.54,25007.0,66.01,0.0835,12.7878,0.7486,8460.0,7896.0,28.0,0.4293,46.0,2210.0,16356.0,7.12,2.94,3.13,4.4,Materials,187263.0,76.5,6.82,3.05,99586.0,17464.0,46.0,Mining,1,8.333333333333332,58.333333333333336,8.333333333333332,83.33333333333334,42.857142857142854,71.42857142857143,75.0,41.66666666666667,4.4,0.0
335,COALINDIA,Mar 2020,17.38,21581.0,51.93,0.2001,11.5646,0.6404,6010.0,1033.0,27.0,0.5218,44.0,6434.0,4977.0,5.33,4.0,4.18,4.5,Materials,231042.15,23.41,11.71,0.79,96080.0,16700.0,44.0,Mining,1,25.0,66.66666666666666,58.333333333333336,100.0,71.42857142857143,57.14285714285714,100.0,58.333333333333336,4.5,0.0
336,COALINDIA,Mar 2021,14.11,18628.0,34.78,0.1611,19.0858,0.559,10774.0,182.0,21.0,0.5925,78.0,5884.0,10592.0,2.95,-2.3,-1.8,-0.38,Materials,269353.58,77.94,9.67,1.53,90026.0,12702.0,78.0,Mining,1,91.66666666666666,83.33333333333334,100.0,75.0,100.0,85.71428571428571,91.66666666666666,16.666666666666664,-0.38,0.0
337,COALINDIA,Mar 2022,15.84,24721.0,40.28,0.0815,21.9912,0.6114,15392.0,25715.0,28.0,0.7,60.0,3514.0,41107.0,7.02,13.37,13.3,11.23,Materials,359749.33,10.93,0.98,0.37,109715.0,17378.0,60.0,Mining,1,50.0,75.0,83.33333333333334,33.33333333333333,57.14285714285714,42.857142857142854,66.66666666666666,8.333333333333332,11.23,0.0
338,COALINDIA,Mar 2023,22.95,44232.0,52.14,0.0712,14.3372,0.6245,12269.0,23465.0,52.0,0.9872,47.0,4331.0,35734.0,10.15,35.14,36.43,27.24,Materials,397912.96,32.17,9.72,3.45,138252.0,31723.0,47.0,Mining,1,16.666666666666664,25.0,66.66666666666666,66.66666666666666,14.285714285714285,14.285714285714285,41.66666666666667,33.33333333333333,27.24,0.0
339,COALINDIA,Mar 2024,26.26,47971.0,45.17,0.0788,11.2418,0.6019,13617.0,4486.0,61.0,1.3424,42.0,6523.0,18103.0,7.4,16.43,16.85,13.56,Materials,454024.84,34.27,14.75,4.38,142324.0,37369.0,42.0,Mining,1,33.33333333333333,8.333333333333332,91.66666666666666,50.0,28.57142857142857,28.57142857142857,58.333333333333336,66.66666666666666,13.56,0.0
340,DABUR,Mar 2013,12.48,16.0,36.56,0.5494,18.5085,1.3039,248.0,622.0,4.0,1.204,34.0,1151.0,870.0,,,,,Consumer Staples,,,,,6140.0,766.0,34.0,FMCG,0,30.952380952380953,64.28571428571429,40.476190476190474,85.71428571428571,,,88.09523809523809,73.80952380952381,,
341,DABUR,Mar 2014,12.98,16.0,34.48999999999999,0.2666,23.8519,1.3287,994.0,104.0,5.0,1.5264,33.0,708.0,1098.0,,,,,Consumer Staples,,,,,7058.0,916.0,33.0,FMCG,0,33.33333333333333,59.523809523809526,39.285714285714285,57.14285714285714,,,79.76190476190477,59.523809523809526,,
342,DABUR,Mar 2015,13.7,17.0,31.84,0.2188,36.85,1.2766,171.0,876.0,6.0,1.9057,33.0,734.0,1047.0,,,,,Consumer Staples,,,,,7795.0,1068.0,33.0,FMCG,0,39.285714285714285,53.57142857142857,41.66666666666667,91.66666666666666,,,75.0,42.857142857142854,,
343,DABUR,Mar 2016,16.12,20.0,30.06,0.193,36.1458,1.1223,457.0,730.0,7.0,2.3699,32.0,805.0,1187.0,,,,,Consumer Staples,,,,,7780.0,1254.0,32.0,FMCG,0,44.047619047619044,30.357142857142854,42.857142857142854,69.04761904761905,,,69.04761904761905,44.047619047619044,,
344,DABUR,Mar 2017,16.81,20.0,26.41,0.2012,33.4815,0.9847,420.0,807.0,7.0,2.754,31.0,975.0,1227.0,,,,,Consumer Staples,,,,,7614.0,1280.0,31.0,FMCG,0,50.0,23.809523809523807,45.23809523809524,72.61904761904762,,,71.42857142857143,46.42857142857143,,
345,DABUR,Mar 2018,17.59,21.0,23.8,0.1644,36.0,0.8874,551.0,541.0,8.0,3.242,81.0,938.0,1092.0,4.69,12.13,14.87,10.56,Consumer Staples,,,,,7722.0,1358.0,81.0,FMCG,0,58.333333333333336,17.857142857142858,51.19047619047619,65.47619047619048,77.55102040816327,44.680851063829785,66.66666666666666,45.23809523809524,5.98,4.58
346,DABUR,Mar 2019,16.98,20.0,25.67,0.1241,32.7,1.0092,1837.0,338.0,8.0,3.1819,34.0,699.0,1499.0,3.82,9.56,9.86,7.75,Consumer Staples,55182.65,11.83,8.9,2.52,8515.0,1446.0,34.0,FMCG,0,52.38095238095239,20.833333333333336,44.047619047619044,41.66666666666667,89.79591836734694,61.702127659574465,57.14285714285714,48.80952380952381,8.08,-0.33000000000000007
347,DABUR,Mar 2020,16.67,21.0,21.92,0.079,39.94,0.9302,1097.0,517.0,8.0,3.7322,37.0,522.0,1614.0,2.19,6.28,5.92,4.8,Consumer Staples,48665.96,12.36,12.35,0.62,8685.0,1448.0,37.0,FMCG,0,65.47619047619048,26.190476190476193,46.42857142857143,51.19047619047619,95.91836734693877,87.2340425531915,42.857142857142854,40.476190476190474,7.57,-2.7700000000000005
348,DABUR,Mar 2021,17.73,21.0,22.12,0.0664,75.0645,0.8827,711.0,1404.0,10.0,4.3299,50.0,509.0,2115.0,4.21,6.21,7.39,5.94,Consumer Staples,48060.25,78.3,2.21,1.66,9562.0,1695.0,50.0,FMCG,0,64.28571428571429,16.666666666666664,53.57142857142857,60.71428571428571,87.75510204081633,89.36170212765957,40.476190476190474,30.952380952380953,11.41,-5.47
349,DABUR,Mar 2022,16.0,21.0,20.78,0.1229,65.641,0.8864,529.0,1273.0,10.0,4.7356,53.0,1030.0,1802.0,7.42,6.36,7.39,7.06,Consumer Staples,60945.67,31.16,8.64,1.81,10889.0,1742.0,53.0,FMCG,0,70.23809523809523,32.142857142857146,52.38095238095239,66.66666666666666,53.06122448979592,85.1063829787234,55.952380952380956,33.33333333333333,12.28,-5.22
350,DABUR,Mar 2023,14.75,19.0,18.96,0.1308,33.4231,0.8446,905.0,583.0,10.0,5.0695,54.0,1174.0,1488.0,8.35,4.61,4.56,5.84,Consumer Staples,61939.24,74.55,11.51,2.27,11530.0,1701.0,54.0,FMCG,0,76.19047619047619,40.476190476190474,59.523809523809526,58.333333333333336,42.857142857142854,91.48936170212765,59.523809523809526,47.61904761904761,12.6,-6.76
351,DABUR,Mar 2024,14.6,19.0,18.36,0.1384,23.2419,0.8206,1042.0,971.0,10.0,5.574,53.0,1365.0,2013.0,7.81,4.6,4.56,5.66,Consumer Staples,56521.84,50.95,13.59,3.42,12404.0,1811.0,53.0,FMCG,0,78.57142857142857,42.857142857142854,65.47619047619048,52.38095238095239,51.02040816326531,93.61702127659575,61.904761904761905,60.71428571428571,10.04,-4.379999999999999
352,DIVISLAB,Mar 2013,28.07,38.0,24.07,0.0132,287.0,0.6833,225.0,255.0,23.0,9.263,33.0,33.0,480.0,,,,,Healthcare,,,,,2145.0,602.0,33.0,Pharmaceuticals,0,18.333333333333332,10.0,45.0,73.33333333333333,,,18.333333333333332,20.0,,
353,DIVISLAB,Mar 2014,30.53,40.0,26.08,0.0061,362.0,0.6825,252.0,305.0,29.0,10.9778,34.0,18.0,557.0,,,,,Healthcare,,,,,2532.0,773.0,34.0,Pharmaceuticals,0,10.0,5.0,46.666666666666664,70.0,,,10.0,15.0,,
354,DIVISLAB,Mar 2015,27.35,38.0,24.37,0.0077,403.6667,0.7072,305.0,521.0,32.0,12.9481,31.0,27.0,826.0,,,,,Healthcare,,,,,3115.0,852.0,31.0,Pharmaceuticals,0,15.0,13.333333333333334,38.333333333333336,61.66666666666667,,,13.333333333333334,13.333333333333334,,
355,DIVISLAB,Mar 2016,29.82,38.0,26.23,0.0098,303.2,0.7709,632.0,406.0,42.0,8.1,24.0,42.0,1038.0,,,,,Healthcare,,,,,3776.0,1126.0,24.0,Pharmaceuticals,0,8.333333333333332,6.666666666666667,15.833333333333332,53.333333333333336,,,15.0,16.666666666666664,,
356,DIVISLAB,Mar 2017,26.08,36.0,19.79,0.0067,507.3333,0.6603,10.0,1140.0,40.0,10.1075,25.0,36.0,1150.0,,,,,Healthcare,,,,,4064.0,1060.0,25.0,Pharmaceuticals,0,38.333333333333336,15.0,51.66666666666667,83.33333333333334,,,11.666666666666666,10.0,,
357,DIVISLAB,Mar 2018,22.54,33.0,14.8,0.0106,688.0,0.5735,298.0,478.0,33.0,11.1792,30.0,63.0,776.0,12.65,7.82,7.49,9.32,Healthcare,,,,,3891.0,877.0,30.0,Pharmaceuticals,0,56.666666666666664,25.0,70.0,64.16666666666667,25.71428571428571,51.42857142857142,16.666666666666664,6.666666666666667,1.48,7.84
358,DIVISLAB,Mar 2019,27.36,38.0,19.45,0.0152,405.6,0.6155,269.0,685.0,51.0,13.1264,31.0,106.0,954.0,14.33,11.85,11.95,12.71,Healthcare,1011018.76,74.55,13.82,0.22,4946.0,1353.0,31.0,Pharmaceuticals,0,41.66666666666667,11.666666666666666,65.0,66.66666666666666,11.428571428571429,37.142857142857146,20.0,11.666666666666666,0.94,11.770000000000001
359,DIVISLAB,Mar 2020,25.53,34.0,18.84,0.0053,287.4286,0.6323,1133.0,83.0,52.0,13.7925,31.0,39.0,1216.0,11.61,10.08,10.2,10.63,Healthcare,1300303.75,30.35,3.22,0.23,5394.0,1377.0,31.0,Pharmaceuticals,0,45.0,18.333333333333332,63.33333333333333,43.333333333333336,34.285714285714285,45.714285714285715,8.333333333333332,18.333333333333332,-2.59,13.22
360,DIVISLAB,Mar 2021,28.47,41.0,21.34,0.0005,1462.0,0.647,2022.0,75.0,75.0,17.5377,27.0,5.0,1947.0,13.04,12.0,12.3,12.45,Healthcare,1595539.83,9.75,6.26,0.76,6969.0,1984.0,27.0,Pharmaceuticals,0,31.666666666666664,8.333333333333332,60.0,20.0,17.142857142857142,34.285714285714285,6.666666666666667,3.3333333333333335,-7.39,19.84
361,DIVISLAB,Mar 2022,33.04000000000001,43.0,25.24,0.0003,1998.5,0.6707,-283.0,2195.0,112.0,22.1283,27.0,4.0,1912.0,17.13,22.8,22.87,20.93,Healthcare,1391349.3,56.9,1.69,0.66,8960.0,2960.0,27.0,Pharmaceuticals,0,11.666666666666666,1.6666666666666667,48.333333333333336,91.66666666666666,5.714285714285714,17.142857142857142,4.166666666666666,1.6666666666666667,-8.29,29.22
362,DIVISLAB,Mar 2023,23.48,31.0,14.29,0.0003,1357.0,0.5384,-248.0,2707.0,69.0,24.0887,44.0,4.0,2459.0,14.83,15.77,15.9,15.5,Healthcare,1318782.9,15.26,3.01,1.48,7767.0,1824.0,44.0,Pharmaceuticals,0,60.0,23.333333333333332,86.66666666666667,90.0,8.571428571428571,25.71428571428571,4.166666666666666,5.0,23.06,-7.559999999999999
363,DIVISLAB,Mar 2024,20.4,28.0,11.79,0.0002,636.25,0.5074,992.0,269.0,60.0,25.6057,50.0,3.0,1261.0,9.66,3.41,3.3,5.46,Healthcare,1615028.67,69.95,12.34,1.39,7845.0,1600.0,50.0,Pharmaceuticals,0,75.0,26.666666666666668,91.66666666666666,46.666666666666664,54.285714285714285,60.0,1.6666666666666667,8.333333333333332,21.59,-16.13
364,DLF,Mar 2013,8.58,34.0,2.59,1.0339,1.6906,0.1202,4004.0,1995.0,4.0,7.5674,48.0,26600.0,2009.0,,,,,Real Estate,,,,,7773.0,667.0,48.0,Real Estate,1,76.19047619047619,52.38095238095239,66.66666666666666,19.047619047619047,,,61.904761904761905,66.66666666666666,,
365,DLF,Mar 2014,7.109999999999999,30.0,2.15,0.8809,1.4722,0.1286,5392.0,3924.0,4.0,7.6952,55.0,24133.0,1468.0,,,,,Real Estate,,,,,8298.0,590.0,55.0,Real Estate,1,80.95238095238095,71.42857142857143,52.38095238095239,9.523809523809524,,,47.61904761904761,90.47619047619048,,
366,DLF,Mar 2015,6.63,39.0,1.85,0.895,1.5265,0.1154,2135.0,98.0,3.0,7.6879,66.0,24495.0,2037.0,,,,,Real Estate,,,,,7649.0,507.0,66.0,Real Estate,1,85.71428571428571,76.19047619047619,71.42857142857143,47.61904761904761,,,52.38095238095239,85.71428571428571,,
367,DLF,Mar 2016,3.07,40.0,1.27,1.0496,1.6687,0.1608,2139.0,818.0,2.0,6.742,117.0,25264.0,2957.0,,,,,Real Estate,,,,,9926.0,305.0,117.0,Real Estate,1,90.47619047619048,90.47619047619048,42.857142857142854,42.857142857142854,,,66.66666666666666,71.42857142857143,,
368,DLF,Mar 2017,8.61,42.0,2.88,1.1884,1.5372,0.1285,-26.0,872.0,4.0,6.8832,50.0,29202.0,-898.0,,,,,Real Estate,,,,,8221.0,708.0,50.0,Real Estate,1,71.42857142857143,47.61904761904761,57.14285714285714,80.95238095238095,,,71.42857142857143,80.95238095238095,,
369,DLF,Mar 2018,66.75,35.0,12.68,0.4953,4.1003,0.1107,-1832.0,2102.0,25.0,9.891,8.0,17491.0,270.0,-2.91,46.34,44.27,29.23,Real Estate,,,,,6707.0,4477.0,8.0,Real Estate,1,28.57142857142857,4.761904761904762,80.95238095238095,100.0,57.14285714285714,7.6923076923076925,33.33333333333333,28.57142857142857,29.23,0.0
370,DLF,Mar 2019,15.71,26.0,3.91,0.5129,1.4219,0.1258,2046.0,3.0,6.0,7.6136,33.0,17222.0,2043.0,0.16,17.37,8.45,8.66,Real Estate,1162826.35,11.24,14.12,4.13,8366.0,1314.0,33.0,Real Estate,1,57.14285714285714,28.57142857142857,61.904761904761905,52.38095238095239,35.714285714285715,38.46153846153847,38.095238095238095,95.23809523809523,8.66,0.0
371,DLF,Mar 2020,-9.700000000000001,19.0,-1.71,0.2352,1.5985,0.1088,6864.0,6508.0,-2.0,6.959,-85.0,8103.0,356.0,-4.48,,,-1.49,Real Estate,1146903.51,73.08,13.89,3.9,6083.0,-590.0,-85.0,Real Estate,1,100.0,100.0,88.09523809523809,4.761904761904762,71.42857142857143,,23.809523809523807,76.19047619047619,-1.49,0.0
372,DLF,Mar 2021,20.0,27.0,3.06,0.1948,2.1712,0.1012,1610.0,150.0,4.0,7.1402,45.0,6886.0,1460.0,-11.42,28.84,14.87,10.76,Real Estate,1520086.36,38.16,10.93,3.39,5414.0,1083.0,45.0,Real Estate,1,66.66666666666666,23.809523809523807,100.0,61.904761904761905,100.0,23.076923076923077,19.047619047619047,57.14285714285714,10.76,0.0
373,DLF,Mar 2022,26.24,30.0,4.130000000000001,0.115,3.1008,0.1117,3099.0,267.0,6.0,7.3459,49.0,4182.0,2832.0,-7.01,16.2,8.45,5.88,Real Estate,1348234.63,16.81,4.75,3.78,5717.0,1500.0,49.0,Real Estate,1,52.38095238095239,19.047619047619047,76.19047619047619,33.33333333333333,85.71428571428571,46.15384615384615,9.523809523809524,38.095238095238095,5.88,0.0
374,DLF,Mar 2023,35.72,30.0,5.4,0.0885,5.2117,0.1083,1914.0,461.0,8.0,7.6135,49.0,3334.0,2375.0,-3.22,-14.6,-20.38,-12.73,Real Estate,1276452.77,65.17,7.73,1.02,5695.0,2034.0,49.0,Real Estate,1,47.61904761904761,14.285714285714285,95.23809523809523,57.14285714285714,64.28571428571429,92.3076923076923,4.761904761904762,19.047619047619047,-12.73,0.0
375,DLF,Mar 2024,42.38,33.0,6.909999999999999,0.1226,7.4579,0.1088,1010.0,1529.0,11.0,7.9659,45.0,4834.0,2539.0,-5.14,15.7,12.89,7.82,Real Estate,1381712.03,46.26,14.32,2.58,6427.0,2724.0,45.0,Real Estate,1,42.857142857142854,9.523809523809524,88.09523809523809,66.66666666666666,78.57142857142857,53.84615384615385,14.285714285714285,4.761904761904762,7.82,0.0
376,DMART,Mar 2013,2.81,6.0,11.91,0.6667,5.3488,2.2393,-104.0,231.0,2.0,0.145,0.0,526.0,127.0,,,,,Consumer Discretionary,,,,,3341.0,94.0,0.0,Retail,1,45.83333333333333,83.33333333333334,33.33333333333333,66.66666666666666,,,79.16666666666666,58.333333333333336,,
377,DMART,Mar 2014,3.44,7.0,16.84,0.6705,6.375,2.5918,-72.0,270.0,3.0,0.1748,0.0,641.0,198.0,,,,,Consumer Discretionary,,,,,4686.0,161.0,0.0,Retail,1,20.833333333333336,66.66666666666666,20.833333333333336,58.333333333333336,,,83.33333333333334,54.166666666666664,,
378,DMART,Mar 2015,3.29,7.0,17.67,0.7533,6.6111,2.7342,-252.0,474.0,4.0,0.2135,0.0,904.0,222.0,,,,,Consumer Discretionary,,,,,6439.0,212.0,0.0,Retail,1,12.5,70.83333333333334,12.5,83.33333333333334,,,87.5,50.0,,
379,DMART,Mar 2016,3.73,8.0,21.04,0.7837,7.4835,2.7672,-200.0,633.0,6.0,0.2706,0.0,1192.0,433.0,,,,,Consumer Discretionary,,,,,8584.0,320.0,0.0,Retail,1,8.333333333333332,58.333333333333336,8.333333333333332,75.0,,,91.66666666666666,45.83333333333333,,
380,DMART,Mar 2017,4.03,8.0,12.47,0.3896,8.1721,2.0447,-2027.0,2482.0,8.0,0.6157,0.0,1497.0,455.0,,,,,Consumer Discretionary,,,,,11898.0,479.0,0.0,Retail,1,41.66666666666667,52.083333333333336,41.66666666666667,95.83333333333334,,,70.83333333333334,37.5,,
381,DMART,Mar 2018,5.36,9.0,17.26,0.094,24.0167,2.6617,1194.0,464.0,13.0,0.7482,0.0,439.0,730.0,35.09,53.69,45.41,44.73,Consumer Discretionary,,,,,15033.0,806.0,0.0,Retail,1,16.666666666666664,16.666666666666664,16.666666666666664,4.166666666666666,14.285714285714285,18.181818181818183,25.0,29.166666666666668,44.73,0.0
382,DMART,Mar 2019,4.51,8.0,16.14,0.1253,35.766,2.8554,-151.0,958.0,14.0,0.8954,0.0,700.0,807.0,33.68,41.15,36.08,36.97,Consumer Discretionary,1847236.39,67.17,4.98,4.24,20005.0,902.0,0.0,Retail,1,25.0,45.83333333333333,4.166666666666666,70.83333333333334,21.428571428571427,36.36363636363637,29.166666666666668,20.833333333333336,36.97,0.0
383,DMART,Mar 2020,5.23,9.0,11.74,0.0301,31.7101,2.0595,-3377.0,4657.0,20.0,1.7099,0.0,333.0,1280.0,31.03,43.74,37.97,37.58,Consumer Discretionary,2028073.83,37.82,5.35,2.78,24870.0,1301.0,0.0,Retail,1,50.0,20.833333333333336,37.5,100.0,28.57142857142857,27.27272727272727,4.166666666666666,25.0,37.58,0.0
384,DMART,Mar 2021,4.55,7.0,9.02,0.0323,46.1667,1.7681,265.0,1110.0,17.0,1.8802,0.0,393.0,1375.0,22.98,27.99,23.16,24.71,Consumer Discretionary,2294356.77,14.9,12.05,0.52,24143.0,1099.0,0.0,Retail,1,62.5,41.66666666666667,50.0,29.166666666666668,50.0,54.54545454545454,12.5,16.666666666666664,24.71,0.0
385,DMART,Mar 2022,4.82,8.0,10.91,0.0473,48.4444,2.0022,83.0,1289.0,23.0,2.1108,0.0,647.0,1372.0,21.09,25.51,23.52,23.37,Consumer Discretionary,2664977.29,12.31,5.66,2.77,30976.0,1492.0,0.0,Retail,1,54.166666666666664,29.166666666666668,45.83333333333333,37.5,57.14285714285714,63.63636363636363,20.833333333333336,12.5,23.37,0.0
386,DMART,Mar 2023,5.55,8.0,14.79,0.04,56.2239,2.3662,317.0,2313.0,37.0,2.4812,0.0,643.0,2630.0,23.3,24.16,23.27,23.58,Consumer Discretionary,2748638.95,53.49,13.37,3.66,42840.0,2378.0,0.0,Retail,1,33.33333333333333,12.5,29.166666666666668,16.666666666666664,42.857142857142854,72.72727272727273,16.666666666666664,8.333333333333332,23.58,0.0
387,DMART,Mar 2024,4.99,8.0,13.56,0.0317,73.2931,2.3989,278.0,2468.0,39.0,2.8722,0.0,592.0,2746.0,20.48,22.97,22.74,22.06,Consumer Discretionary,3053088.97,72.53,11.71,1.94,50789.0,2536.0,0.0,Retail,1,37.5,25.0,25.0,25.0,64.28571428571429,81.81818181818183,8.333333333333332,4.166666666666666,22.06,0.0
388,DRREDDY,Mar 2013,12.9,23.0,23.98,0.5781,28.15,0.8844,-59.0,1437.0,18.0,7.4929,17.0,3682.0,1378.0,,,,,Healthcare,,,,,11833.0,1527.0,17.0,Pharmaceuticals,0,20.0,61.66666666666667,1.6666666666666667,86.66666666666667,,,83.33333333333334,65.0,,
389,DRREDDY,Mar 2014,14.63,24.0,24.96,0.5692,26.937,0.8434,366.0,1604.0,23.0,9.2529,16.0,4477.0,1970.0,,,,,Healthcare,,,,,13415.0,1963.0,16.0,Pharmaceuticals,0,13.333333333333334,51.66666666666667,5.0,58.333333333333336,,,80.0,68.33333333333333,,
390,DRREDDY,Mar 2015,15.55,23.0,23.71,0.4378,34.8889,0.8139,154.0,2370.0,27.0,11.5918,15.0,4314.0,2524.0,,,,,Healthcare,,,,,15023.0,2336.0,15.0,Pharmaceuticals,0,21.666666666666668,48.333333333333336,8.333333333333332,80.0,,,75.0,56.666666666666664,,
391,DRREDDY,Mar 2016,13.69,23.0,16.95,0.2667,46.747,0.7658,1653.0,1610.0,25.0,14.7871,16.0,3352.0,3263.0,,,,,Healthcare,,,,,15568.0,2131.0,16.0,Pharmaceuticals,0,50.0,55.00000000000001,20.0,28.333333333333332,,,58.333333333333336,43.333333333333336,,
392,DRREDDY,Mar 2017,9.1,17.0,10.54,0.4011,33.4684,0.6556,254.0,1890.0,16.0,14.7735,26.0,4918.0,2144.0,,,,,Healthcare,,,,,14196.0,1292.0,26.0,Pharmaceuticals,0,81.66666666666667,90.0,56.666666666666664,68.33333333333333,,,71.66666666666667,58.333333333333336,,
393,DRREDDY,Mar 2018,6.63,16.0,7.53,0.4034,31.7215,0.639,320.0,1483.0,11.0,15.147,35.0,5071.0,1803.0,3.83,-9.11,-9.38,-4.89,Healthcare,,,,,14281.0,947.0,35.0,Pharmaceuticals,0,95.0,98.33333333333333,61.66666666666667,60.0,85.71428571428571,94.28571428571428,73.33333333333333,63.33333333333333,1.48,-6.369999999999999
394,DRREDDY,Mar 2019,12.62,21.0,13.9,0.2737,39.9888,0.6891,2101.0,769.0,23.0,16.8964,17.0,3838.0,2870.0,2.86,-0.13,0.0,0.91,Healthcare,1574961.99,10.84,10.04,0.78,15448.0,1950.0,17.0,Pharmaceuticals,0,63.33333333333333,65.0,41.66666666666667,18.333333333333332,100.0,65.71428571428571,63.33333333333333,51.66666666666667,0.94,-0.029999999999999916
395,DRREDDY,Mar 2020,11.57,14.0,12.99,0.1417,32.1122,0.7543,2489.0,495.0,24.0,18.794,21.0,2210.0,2984.0,3.12,-2.81,-2.33,-0.67,Healthcare,1859862.32,28.73,6.38,2.34,17517.0,2026.0,21.0,Pharmaceuticals,0,68.33333333333333,71.66666666666667,23.333333333333332,16.666666666666664,97.14285714285714,74.28571428571429,45.0,60.0,-2.59,1.92
396,DRREDDY,Mar 2021,10.25,20.0,11.07,0.1718,43.3918,0.7164,1315.0,2255.0,23.0,21.2542,21.0,3031.0,3570.0,4.12,-1.74,-1.65,0.24,Healthcare,1617326.41,15.23,4.3,3.34,19048.0,1952.0,21.0,Pharmaceuticals,0,80.0,78.33333333333333,35.0,40.0,82.85714285714286,71.42857142857143,48.333333333333336,48.333333333333336,-7.39,7.63
397,DRREDDY,Mar 2022,10.13,17.0,11.36,0.1761,45.0312,0.7243,246.0,2565.0,26.0,23.147,23.0,3384.0,2811.0,8.7,11.05,10.2,9.98,Healthcare,1837884.76,13.03,7.54,3.82,21545.0,2182.0,23.0,Pharmaceuticals,0,78.33333333333333,80.0,30.0,71.66666666666667,60.0,42.857142857142854,50.0,45.0,-8.29,18.27
398,DRREDDY,Mar 2023,18.27,26.0,19.35,0.0578,52.035,0.7659,1779.0,4109.0,54.0,28.0554,15.0,1347.0,5888.0,11.55,36.62,37.47,28.55,Healthcare,2212619.5,11.34,10.95,3.71,24670.0,4507.0,15.0,Pharmaceuticals,0,43.333333333333336,38.333333333333336,18.333333333333332,26.666666666666668,37.142857142857146,2.857142857142857,31.666666666666664,40.0,23.06,5.490000000000002
399,DRREDDY,Mar 2024,19.91,28.0,19.74,0.0709,51.7076,0.7223,509.0,4034.0,67.0,34.041,12.0,2002.0,4543.0,12.64,23.39,23.84,19.96,Healthcare,2441803.28,11.73,10.19,0.09,28011.0,5578.0,12.0,Pharmaceuticals,0,40.0,30.0,33.33333333333333,56.666666666666664,28.57142857142857,14.285714285714285,33.33333333333333,41.66666666666667,21.59,-1.629999999999999
400,EICHERMOT,Dec 2012,7.430000000000001,9.0,27.07,0.0131,171.5,1.4292,-277.0,773.0,12.0,6.5,17.0,23.0,496.0,,,,,Consumer Discretionary,,,,,6390.0,475.0,17.0,Automobiles,0,18.072289156626507,55.42168674698795,20.481927710843372,69.87951807228916,,,24.69879518072289,21.686746987951807,,
401,EICHERMOT,Dec 2013,7.71,11.0,25.55,0.0409,101.0,1.276,-74.0,790.0,15.0,7.6111,21.0,84.0,716.0,,,,,Consumer Discretionary,,,,,6810.0,525.0,21.0,Automobiles,0,24.096385542168676,51.80722891566265,36.144578313253014,67.46987951807229,,,51.80722891566265,33.734939759036145,,
402,EICHERMOT,Dec 2014,8.03,13.0,27.9,0.0231,122.3,1.3647,-167.0,1214.0,23.0,9.3185,22.0,58.0,1047.0,,,,,Consumer Discretionary,,,,,8738.0,702.0,22.0,Automobiles,0,14.457831325301203,49.39759036144578,24.096385542168676,68.67469879518072,,,37.34939759036144,30.120481927710845,,
403,EICHERMOT,Mar 2016,21.68,27.0,36.63,0.0063,1008.0,1.2498,462.0,1001.0,49.0,13.5296,20.0,23.0,1463.0,,,,,Consumer Discretionary,,,,,6173.0,1338.0,20.0,Automobiles,0,4.819277108433735,6.024096385542169,37.34939759036144,51.80722891566265,,,14.457831325301203,9.63855421686747,,
404,EICHERMOT,Mar 2017,23.7,31.0,31.19,0.021,647.5,1.0034,-36.0,1744.0,61.0,19.7963,16.0,112.0,1708.0,,,,,Consumer Discretionary,,,,,7033.0,1667.0,16.0,Automobiles,0,10.843373493975903,2.4096385542168677,59.036144578313255,66.26506024096386,,,34.33734939759036,15.66265060240964,,
405,EICHERMOT,Mar 2018,21.86,31.0,27.88,0.0215,669.0,0.9415,337.0,2145.0,72.0,26.037,15.0,151.0,2482.0,7.01,32.77,43.1,27.63,Consumer Discretionary,,,,,8965.0,1960.0,15.0,Automobiles,0,15.66265060240964,4.819277108433735,67.46987951807229,55.42168674698795,52.083333333333336,4.761904761904762,36.144578313253014,14.457831325301203,21.56,6.07
406,EICHERMOT,Mar 2019,22.49,30.0,24.7,0.021,515.0,0.8604,915.0,660.0,81.0,33.0296,15.0,187.0,1575.0,7.54,33.22,40.11,26.96,Consumer Discretionary,138608.74,70.5,14.42,3.97,9797.0,2203.0,15.0,Automobiles,0,30.120481927710845,3.614457831325301,75.90361445783132,46.98795180722892,45.83333333333333,2.380952380952381,34.33734939759036,16.867469879518072,19.26,7.699999999999999
407,EICHERMOT,Mar 2020,19.96,24.0,18.3,0.0249,145.0,0.7353,186.0,1508.0,67.0,36.9667,19.0,249.0,1694.0,0.93,21.08,23.84,15.28,Consumer Discretionary,179834.03,18.91,9.77,0.44,9154.0,1827.0,19.0,Automobiles,0,60.24096385542169,8.433734939759036,86.74698795180723,61.44578313253012,89.58333333333334,16.666666666666664,40.963855421686745,24.096385542168676,8.31,6.969999999999999
408,EICHERMOT,Mar 2021,15.45,20.0,11.78,0.0191,141.5625,0.5989,66.0,1625.0,49.0,42.363,34.0,219.0,1691.0,7.15,0.13,0.0,2.43,Consumer Discretionary,213781.42,70.14,9.33,1.98,8720.0,1347.0,34.0,Automobiles,0,85.54216867469879,24.096385542168676,93.97590361445783,62.65060240963856,50.0,78.57142857142857,31.32530120481928,26.506024096385545,-1.58,4.01
409,EICHERMOT,Mar 2022,16.28,21.0,13.3,0.0086,140.7368,0.638,544.0,983.0,61.0,46.6963,34.0,108.0,1527.0,7.93,0.12,0.0,2.68,Consumer Discretionary,231181.84,17.97,6.97,1.95,10298.0,1677.0,34.0,Automobiles,0,79.51807228915662,20.481927710843372,92.7710843373494,50.602409638554214,39.58333333333333,80.95238095238095,20.481927710843372,27.710843373493976,-6.5,9.18
410,EICHERMOT,Mar 2023,20.18,24.0,19.44,0.0192,155.5,0.7523,426.0,2397.0,107.0,55.5185,35.0,288.0,2823.0,10.01,8.25,8.25,8.84,Consumer Discretionary,229241.72,24.82,5.49,2.27,14442.0,2914.0,35.0,Automobiles,0,55.42168674698795,7.228915662650602,84.33734939759037,53.01204819277109,25.0,52.38095238095239,32.53012048192771,22.89156626506024,3.38,5.46
411,EICHERMOT,Mar 2024,24.2,26.0,22.17,0.0232,114.7059,0.7154,890.0,2834.0,146.0,66.8333,35.0,419.0,3724.0,11.04,12.68,12.51,12.08,Consumer Discretionary,222391.83,15.62,13.61,4.41,16536.0,4001.0,35.0,Automobiles,0,38.55421686746988,1.2048192771084338,89.1566265060241,48.19277108433735,20.833333333333336,30.952380952380953,38.55421686746988,32.53012048192771,11.22,0.8599999999999994
412,GAIL,Mar 2013,8.57,15.0,15.17,0.5721,19.0252,0.8523,-2023.0,8626.0,6.0,2.2708,28.0,16472.0,6603.0,,,,,Energy,,,,,50974.0,4367.0,28.0,Oil & Gas,0,38.333333333333336,31.666666666666664,63.33333333333333,80.0,,,40.0,20.0,,
413,GAIL,Mar 2014,7.75,13.0,14.75,0.5711,13.8042,0.9237,149.0,4466.0,7.0,2.5596,28.0,18537.0,4615.0,,,,,Energy,,,,,61765.0,4786.0,28.0,Oil & Gas,0,41.66666666666667,38.333333333333336,55.00000000000001,71.66666666666667,,,38.333333333333336,40.0,,
414,GAIL,Mar 2015,5.220000000000001,9.0,9.29,0.5376,10.0859,0.8692,1405.0,2809.0,5.0,2.6831,24.0,18291.0,4214.0,,,,,Energy,,,,,60557.0,3160.0,24.0,Oil & Gas,0,78.33333333333333,61.66666666666667,60.0,70.0,,,36.666666666666664,60.0,,
415,GAIL,Mar 2016,3.6,9.0,5.149999999999999,0.2487,6.4075,0.8813,3056.0,904.0,3.0,2.8709,37.0,9052.0,3960.0,,,,,Energy,,,,,52053.0,1874.0,37.0,Oil & Gas,0,96.66666666666667,75.0,58.333333333333336,55.00000000000001,,,15.0,80.0,,
416,GAIL,Mar 2017,6.950000000000001,12.0,8.58,0.1667,14.2102,0.8329,5690.0,334.0,5.0,2.3244,56.0,6553.0,6024.0,,,,,Energy,,,,,48552.0,3374.0,56.0,Oil & Gas,0,85.0,46.666666666666664,68.33333333333333,38.333333333333336,,,11.666666666666666,36.666666666666664,,
417,GAIL,Mar 2018,8.82,14.0,11.53,0.093,29.661,0.8882,6109.0,2660.0,7.0,1.8483,43.0,3876.0,8769.0,1.35,1.93,3.13,2.14,Energy,,,,,54496.0,4805.0,43.0,Oil & Gas,0,58.333333333333336,26.666666666666668,56.666666666666664,36.666666666666664,88.57142857142857,85.29411764705883,3.3333333333333335,11.666666666666666,7.92,-5.779999999999999
418,GAIL,Mar 2019,8.6,13.0,14.24,0.0483,73.3145,1.1135,2283.0,5701.0,10.0,2.0401,25.0,2224.0,7984.0,4.29,6.49,7.39,6.06,Energy,665248.74,13.48,0.96,1.4,76190.0,6553.0,25.0,Oil & Gas,0,43.333333333333336,30.0,41.66666666666667,60.0,65.71428571428571,67.64705882352942,1.6666666666666667,6.666666666666667,10.08,-4.0200000000000005
419,GAIL,Mar 2020,13.12,12.0,19.31,0.1403,41.4822,0.9678,46.0,8299.0,14.0,1.0924,31.0,6912.0,8345.0,3.67,24.66,22.87,17.07,Energy,712986.95,25.86,4.98,2.22,72518.0,9515.0,31.0,Oil & Gas,0,23.333333333333332,6.666666666666667,51.66666666666667,74.16666666666667,71.42857142857143,17.647058823529413,6.666666666666667,10.0,10.69,6.380000000000001
420,GAIL,Mar 2021,10.71,13.0,11.55,0.148,56.3017,0.708,4353.0,4640.0,9.0,1.1978,36.0,7873.0,8993.0,1.96,26.8,24.57,17.78,Energy,901096.13,36.68,2.92,4.04,57372.0,6143.0,36.0,Oil & Gas,0,55.00000000000001,13.333333333333334,73.33333333333333,46.666666666666664,80.0,11.76470588235294,10.0,8.333333333333332,11.98,5.800000000000001
421,GAIL,Mar 2022,13.26,16.0,19.19,0.1437,89.5347,0.9605,3930.0,5490.0,18.0,1.444,36.0,9216.0,9420.0,13.83,29.53,29.2,24.19,Energy,1209368.79,66.94,6.52,3.73,92770.0,12304.0,36.0,Oil & Gas,0,26.666666666666668,5.0,53.333333333333336,50.0,31.428571428571427,8.823529411764707,8.333333333333332,5.0,17.08,7.110000000000003
422,GAIL,Mar 2023,3.84,5.0,8.62,0.2744,28.2795,1.3512,-4248.0,7453.0,9.0,0.9875,59.0,17816.0,3205.0,21.73,3.09,5.15,9.99,Energy,1135214.39,30.66,11.93,1.61,145668.0,5596.0,59.0,Oil & Gas,0,83.33333333333334,73.33333333333333,38.333333333333336,83.33333333333334,2.857142857142857,82.35294117647058,16.666666666666664,13.333333333333334,15.22,-5.23
423,GAIL,Mar 2024,7.430000000000001,11.0,12.86,0.283,23.6245,1.0681,4360.0,8226.0,15.0,1.1711,37.0,21794.0,12586.0,11.83,8.61,8.45,9.63,Energy,1531867.57,25.84,9.54,0.31,133228.0,9903.0,37.0,Oil & Gas,0,48.333333333333336,41.66666666666667,45.0,45.0,34.285714285714285,64.70588235294117,18.333333333333332,16.666666666666664,12.08,-2.4499999999999993
424,GODREJCP,Mar 2013,13.18,16.0,25.51,0.7413,13.6667,0.8333,-45.0,865.0,8.0,9.7441,22.0,2456.0,820.0,,,,,Consumer Staples,,,,,6412.0,845.0,22.0,FMCG,0,53.57142857142857,58.333333333333336,61.904761904761905,96.42857142857143,,,96.42857142857143,83.33333333333334,,
425,GODREJCP,Mar 2014,10.78,15.0,21.7,0.6286,10.2583,0.9133,622.0,494.0,7.0,11.1029,24.0,2373.0,1116.0,,,,,Consumer Staples,,,,,7599.0,819.0,24.0,FMCG,0,68.45238095238095,72.61904761904762,47.61904761904761,63.095238095238095,,,91.66666666666666,94.04761904761905,,
426,GODREJCP,Mar 2015,11.8,17.0,22.64,0.6302,12.9643,0.9066,-209.0,1236.0,9.0,12.6794,21.0,2717.0,1027.0,,,,,Consumer Staples,,,,,8273.0,976.0,21.0,FMCG,0,59.523809523809526,70.23809523809523,48.80952380952381,97.61904761904762,,,92.85714285714286,85.71428571428571,,
427,GODREJCP,Mar 2016,9.86,20.0,19.48,0.6775,10.8984,0.8703,225.0,622.0,8.0,12.55,24.0,2891.0,847.0,,,,,Consumer Staples,,,,,8424.0,831.0,24.0,FMCG,0,75.0,77.38095238095238,54.761904761904766,86.90476190476191,,,94.04761904761905,90.47619047619048,,
428,GODREJCP,Mar 2017,14.11,21.0,24.67,0.7546,12.8766,0.7162,-383.0,2243.0,13.0,15.5941,39.0,4001.0,1860.0,,,,,Consumer Staples,,,,,9268.0,1308.0,39.0,FMCG,0,55.952380952380956,51.19047619047619,80.95238095238095,98.80952380952381,,,97.61904761904762,86.90476190476191,,
429,GODREJCP,Mar 2018,16.59,21.0,26.11,0.5606,13.6821,0.7103,1387.0,336.0,16.0,9.2029,42.0,3508.0,1723.0,8.96,14.1,14.87,12.64,Consumer Staples,,,,,9847.0,1634.0,42.0,FMCG,0,51.19047619047619,28.57142857142857,82.14285714285714,45.23809523809524,38.775510204081634,36.17021276595745,89.28571428571429,82.14285714285714,5.98,6.66
430,GODREJCP,Mar 2019,22.71,21.0,32.23,0.4654,10.479,0.7318,2003.0,274.0,23.0,7.1245,44.0,3382.0,1729.0,6.3,23.38,26.86,18.85,Consumer Staples,807328.65,26.5,4.95,4.17,10314.0,2342.0,44.0,FMCG,0,38.095238095238095,15.476190476190476,79.76190476190477,39.285714285714285,63.26530612244898,8.51063829787234,84.52380952380952,92.85714285714286,8.08,10.770000000000001
431,GODREJCP,Mar 2020,15.1,22.0,18.95,0.4526,9.5877,0.6661,1036.0,552.0,15.0,7.7431,55.0,3575.0,1588.0,3.68,8.93,10.76,7.79,Consumer Staples,973100.39,55.52,0.6,4.08,9911.0,1497.0,55.0,FMCG,0,77.38095238095238,39.285714285714285,91.66666666666666,53.57142857142857,93.87755102040816,65.95744680851064,83.33333333333334,96.42857142857143,7.57,0.21999999999999975
432,GODREJCP,Mar 2021,15.6,22.0,18.23,0.1975,17.5507,0.7743,1738.0,292.0,17.0,9.2539,0.0,1864.0,2030.0,5.54,15.67,16.27,12.49,Consumer Staples,1140203.87,19.23,4.8,1.47,11029.0,1721.0,0.0,FMCG,0,79.76190476190477,36.30952380952381,70.23809523809523,42.857142857142854,73.46938775510205,23.404255319148938,70.23809523809523,75.0,11.41,1.08
433,GODREJCP,Mar 2022,14.52,20.0,15.43,0.1475,20.3852,0.7633,607.0,844.0,17.0,11.3294,0.0,1704.0,1451.0,5.78,6.39,5.51,5.89,Consumer Staples,1112834.15,54.25,5.01,3.19,12276.0,1783.0,0.0,FMCG,0,83.33333333333334,44.047619047619044,76.19047619047619,64.28571428571429,69.38775510204081,80.85106382978722,63.095238095238095,70.23809523809523,12.28,-6.39
434,GODREJCP,Mar 2023,12.78,18.0,12.34,0.0819,13.6011,0.7637,397.0,1754.0,17.0,13.5235,0.0,1130.0,2151.0,6.22,0.82,1.22,2.75,Consumer Staples,1201313.68,40.79,13.41,4.15,13316.0,1702.0,0.0,FMCG,0,84.52380952380952,61.904761904761905,75.0,73.80952380952381,65.3061224489796,97.87234042553192,44.047619047619044,84.52380952380952,12.6,-9.85
435,GODREJCP,Mar 2024,-3.98,21.0,-4.45,0.2558,2.4129,0.7664,-1365.0,3435.0,-5.0,12.351,,3222.0,2070.0,6.45,,,2.15,Consumer Staples,1327797.2,33.59,8.07,3.09,14096.0,-561.0,,FMCG,0,100.0,100.0,72.61904761904762,100.0,61.224489795918366,,78.57142857142857,100.0,10.04,-7.889999999999999
436,GRASIM,Mar 2013,13.54,21.0,19.22,0.4858,20.8272,0.6325,-1445.0,5687.0,57.0,21.3663,8.0,9550.0,4242.0,,,,,Industrials,,,,,27909.0,3778.0,8.0,Diversified Materials,1,8.333333333333332,8.333333333333332,8.333333333333332,66.66666666666666,,,33.33333333333333,8.333333333333332,,
437,GRASIM,Mar 2014,10.43,17.0,13.67,0.4479,12.2841,0.5935,1213.0,2336.0,44.0,23.4946,9.0,9681.0,3549.0,,,,,Industrials,,,,,28331.0,2954.0,9.0,Diversified Materials,1,33.33333333333333,33.33333333333333,16.666666666666664,58.333333333333336,,,16.666666666666664,16.666666666666664,,
438,GRASIM,Mar 2015,8.14,16.0,11.16,0.5156,8.5067,0.5873,2235.0,2359.0,37.0,25.1522,9.0,11930.0,4594.0,,,,,Industrials,,,,,31734.0,2582.0,9.0,Diversified Materials,1,75.0,75.0,25.0,41.66666666666667,,,41.66666666666667,41.66666666666667,,
439,GRASIM,Mar 2016,10.02,17.0,12.6,0.4559,10.071,0.5789,1353.0,4515.0,51.0,29.4935,9.0,12505.0,5868.0,,,,,Industrials,,,,,34487.0,3455.0,9.0,Diversified Materials,1,50.0,41.66666666666667,33.33333333333333,50.0,,,25.0,33.33333333333333,,
440,GRASIM,Mar 2017,11.77,20.0,13.53,0.2935,12.0556,0.5748,3779.0,3509.0,66.0,33.7495,8.0,9213.0,7288.0,,,,,Industrials,,,,,36068.0,4246.0,8.0,Diversified Materials,1,41.66666666666667,16.666666666666664,41.66666666666667,33.33333333333333,,,8.333333333333332,25.0,,
441,GRASIM,Mar 2018,6.600000000000001,21.0,6.43,1.1693,3.282,0.2689,-2594.0,1546.0,39.0,43.787,15.0,67070.0,-4140.0,14.9,-0.48,-7.31,2.37,Industrials,,,,,55894.0,3688.0,15.0,Diversified Materials,1,91.66666666666666,91.66666666666666,100.0,75.0,85.71428571428571,85.71428571428571,58.333333333333336,75.0,2.37,0.0
442,GRASIM,Mar 2019,3.56,22.0,4.73,1.4562,2.4413,0.3202,-3871.0,2212.0,25.0,43.9545,27.0,84487.0,-1659.0,22.2,-1.46,-10.69,3.35,Industrials,401734.34,56.71,7.49,1.82,77200.0,2745.0,27.0,Diversified Materials,1,100.0,100.0,66.66666666666666,83.33333333333334,14.285714285714285,100.0,83.33333333333334,100.0,3.35,0.0
443,GRASIM,Mar 2020,9.73,15.0,11.72,1.497,2.5325,0.2795,5256.0,11364.0,65.0,42.9038,6.0,84777.0,16620.0,16.55,20.79,11.93,16.42,Industrials,362884.74,23.28,10.84,0.08,68252.0,6639.0,6.0,Diversified Materials,1,58.333333333333336,50.0,91.66666666666666,25.0,57.14285714285714,57.14285714285714,91.66666666666666,91.66666666666666,16.42,0.0
444,GRASIM,Mar 2021,9.139999999999999,24.0,10.67,1.2074,3.4536,0.2858,7929.0,7146.0,63.0,49.6167,14.0,79078.0,15075.0,17.24,15.12,4.32,12.23,Industrials,337446.27,15.68,3.37,3.46,76404.0,6987.0,14.0,Diversified Materials,1,83.33333333333334,66.66666666666666,83.33333333333334,8.333333333333332,42.857142857142854,71.42857142857143,66.66666666666666,66.66666666666666,12.23,0.0
445,GRASIM,Mar 2022,11.71,21.0,14.8,0.9874,4.6229,0.331,5985.0,1053.0,111.0,57.3477,9.0,74744.0,7038.0,21.55,21.42,10.96,17.98,Industrials,424758.5,38.27,13.08,2.12,95701.0,11206.0,9.0,Diversified Materials,1,16.666666666666664,25.0,58.333333333333336,16.666666666666664,28.57142857142857,42.857142857142854,50.0,50.0,17.98,0.0
446,GRASIM,Mar 2023,9.42,18.0,14.07,1.3086,4.1896,0.3492,-26397.0,13712.0,100.0,59.653,10.0,103039.0,-12685.0,16.05,24.6,20.72,20.46,Industrials,513646.94,64.84,6.73,0.54,117627.0,11078.0,10.0,Diversified Materials,1,25.0,58.333333333333336,50.0,91.66666666666666,71.42857142857143,28.57142857142857,75.0,58.333333333333336,20.46,0.0
447,GRASIM,Mar 2024,7.580000000000001,21.0,11.2,1.5471,3.0158,0.3178,-33833.0,23114.0,85.0,66.6564,12.0,137155.0,-10719.0,11.15,29.31,27.73,22.73,Industrials,478951.82,79.35,5.68,0.98,130978.0,9926.0,12.0,Diversified Materials,1,66.66666666666666,83.33333333333334,75.0,100.0,100.0,14.285714285714285,100.0,83.33333333333334,22.73,0.0
448,HAL,Mar 2017,14.57,18.0,1966.92,0.015,267.5,105.5882,2598.0,3021.0,36.0,2.66,31.0,2.0,-423.0,,,,,Industrials,,,,,17950.0,2616.0,31.0,Defence,1,90.0,65.0,70.0,25.0,,,10.0,35.0,,
449,HAL,Mar 2018,10.73,19.0,1528.46,0.0231,120.6,111.5602,-140.0,594.0,30.0,2.6,54.0,3.0,-734.0,5.27,-7.89,-24.71,-9.11,Industrials,,,,,18519.0,1987.0,54.0,Defence,1,100.0,100.0,60.0,75.0,100.0,100.0,15.0,80.0,-9.11,0.0
450,HAL,Mar 2019,11.73,23.0,1763.91,0.0602,27.9379,114.3314,-2402.0,5292.0,35.0,2.66,28.0,8.0,-7694.0,5.74,-2.72,4.56,2.53,Industrials,1180468.36,56.05,13.51,3.11,20008.0,2346.0,28.0,Defence,1,95.0,95.0,50.0,95.0,92.85714285714286,92.85714285714286,25.0,90.0,2.53,0.0
451,HAL,Mar 2020,13.25,23.0,2059.42,0.0145,14.7493,123.9595,203.0,1334.0,42.0,2.76,39.0,2.0,1537.0,6.39,3.54,10.93,6.95,Industrials,1369023.45,68.18,9.05,4.15,21445.0,2842.0,39.0,Defence,1,85.0,90.0,30.0,65.0,85.71428571428571,85.71428571428571,5.0,100.0,6.95,0.0
452,HAL,Mar 2021,14.16,23.0,2249.31,0.0417,21.3521,123.0215,13934.0,1190.0,48.0,2.88,31.0,6.0,15124.0,6.43,10.14,11.38,9.32,Industrials,1800174.45,8.56,2.01,0.38,22882.0,3239.0,31.0,Defence,1,80.0,75.0,40.0,5.0,78.57142857142857,50.0,20.0,95.0,9.32,0.0
453,HAL,Mar 2022,20.66,22.0,3324.18,0.0784,98.5538,121.8812,-2609.0,12789.0,76.0,3.06,26.0,12.0,10180.0,6.52,14.22,16.12,12.29,Industrials,1722334.17,51.22,8.86,0.93,24620.0,5086.0,26.0,Defence,1,65.0,15.0,45.0,100.0,71.42857142857143,42.857142857142854,30.0,85.0,12.29,0.0
454,HAL,Mar 2023,21.58,25.0,3283.05,0.2655,130.3281,99.3653,3102.0,5734.0,87.0,3.54,32.0,47.0,8836.0,7.77,23.94,23.73,18.48,Industrials,2122373.86,11.8,2.43,3.62,26928.0,5811.0,32.0,Defence,1,75.0,10.0,75.0,15.0,64.28571428571429,14.285714285714285,35.0,70.0,18.48,0.0
455,HAL,Mar 2024,25.0,32.0,3816.58,0.6181,270.8837,67.5133,1814.0,6412.0,114.0,3.98,31.0,123.0,8226.0,8.71,26.49,26.64,20.61,Industrials,2643616.86,71.89,3.65,2.77,30381.0,7595.0,31.0,Defence,1,50.0,5.0,100.0,40.0,57.14285714285714,7.142857142857142,50.0,30.0,20.61,0.0
456,HAVELLS,Mar 2013,8.14,9.0,40.29,0.681,7.2846,1.6005,494.0,144.0,9.0,2.3258,16.0,982.0,638.0,,,,,Industrials,,,,,7135.0,581.0,16.0,Electrical Equipment,1,16.666666666666664,37.5,25.0,41.66666666666667,,,100.0,100.0,,
457,HAVELLS,Mar 2014,5.54,10.0,26.77,0.6327,7.9608,1.5099,492.0,376.0,7.0,2.6871,42.0,1054.0,868.0,,,,,Industrials,,,,,8051.0,446.0,42.0,Electrical Equipment,1,25.0,91.66666666666666,41.66666666666667,50.0,,,91.66666666666666,91.66666666666666,,
458,HAVELLS,Mar 2015,4.55,9.0,21.18,0.2332,8.3646,1.7686,478.0,485.0,6.0,2.9323,49.0,424.0,963.0,,,,,Industrials,,,,,8468.0,385.0,49.0,Electrical Equipment,1,33.33333333333333,100.0,8.333333333333332,58.333333333333336,,,83.33333333333334,83.33333333333334,,
459,HAVELLS,Mar 2016,17.12,10.0,42.95,0.0443,19.1758,1.731,392.0,121.0,21.0,4.8823,29.0,134.0,513.0,,,,,Industrials,,,,,7594.0,1300.0,29.0,Electrical Equipment,1,8.333333333333332,8.333333333333332,16.666666666666664,66.66666666666666,,,50.0,75.0,,
460,HAVELLS,Mar 2017,8.06,13.0,15.08,0.0635,65.9231,1.1861,547.0,220.0,8.0,5.2839,44.0,208.0,767.0,,,,,Industrials,,,,,6130.0,494.0,44.0,Electrical Equipment,1,100.0,50.0,91.66666666666666,33.33333333333333,,,58.333333333333336,16.666666666666664,,
461,HAVELLS,Mar 2018,8.14,13.0,17.72,0.0308,45.2,1.2282,154.0,946.0,11.0,5.9206,4.0,115.0,1100.0,2.61,2.61,4.1,3.11,Industrials,,,,,8116.0,661.0,4.0,Electrical Equipment,1,66.66666666666666,37.5,83.33333333333334,91.66666666666666,85.71428571428571,85.71428571428571,25.0,25.0,3.11,0.0
462,HAVELLS,Mar 2019,7.82,12.0,18.77,0.0224,82.0625,1.4092,686.0,185.0,13.0,6.6635,36.0,94.0,501.0,4.58,12.06,13.18,9.94,Industrials,1408366.0,65.28,10.66,0.48,10073.0,788.0,36.0,Electrical Equipment,1,58.333333333333336,58.333333333333336,58.333333333333336,16.666666666666664,71.42857142857143,42.857142857142854,16.666666666666664,8.333333333333332,9.94,0.0
463,HAVELLS,Mar 2020,7.79,11.0,17.05,0.0167,23.0196,1.3347,279.0,548.0,12.0,6.8444,34.0,72.0,827.0,2.2,13.81,14.87,10.29,Industrials,1749780.42,10.08,13.71,0.98,9440.0,735.0,34.0,Electrical Equipment,1,83.33333333333334,66.66666666666666,66.66666666666666,83.33333333333334,100.0,28.57142857142857,8.333333333333332,58.333333333333336,10.29,0.0
464,HAVELLS,Mar 2021,9.98,15.0,20.17,0.1006,19.7333,1.1813,-103.0,763.0,17.0,8.2175,39.0,521.0,660.0,6.61,-4.29,-4.14,-0.61,Industrials,2169908.17,28.52,9.54,0.05,10457.0,1044.0,39.0,Electrical Equipment,1,41.66666666666667,16.666666666666664,100.0,100.0,57.14285714285714,100.0,66.66666666666666,66.66666666666666,-0.61,0.0
465,HAVELLS,Mar 2022,8.58,13.0,19.92,0.1026,28.8657,1.3245,969.0,759.0,19.0,9.5286,39.0,616.0,1728.0,17.85,19.34,18.89,18.69,Industrials,2198343.31,79.91,10.23,0.34,13938.0,1196.0,39.0,Electrical Equipment,1,50.0,25.0,75.0,8.333333333333332,14.285714285714285,14.285714285714285,75.0,41.66666666666667,18.69,0.0
466,HAVELLS,Mar 2023,6.34,10.0,16.18,0.0337,32.7091,1.5157,596.0,31.0,17.0,10.5175,44.0,223.0,565.0,15.82,10.15,9.1,11.69,Industrials,2526633.19,66.78,4.68,1.98,16911.0,1072.0,44.0,Electrical Equipment,1,91.66666666666666,83.33333333333334,33.33333333333333,25.0,28.57142857142857,57.14285714285714,33.33333333333333,33.33333333333333,11.69,0.0
467,HAVELLS,Mar 2024,6.84,10.0,17.07,0.0407,25.3571,1.4952,335.0,1618.0,20.0,11.8206,44.0,303.0,1953.0,13.04,10.03,9.0,10.69,Industrials,2521508.87,45.41,14.08,2.6,18590.0,1271.0,44.0,Electrical Equipment,1,75.0,75.0,50.0,75.0,42.857142857142854,71.42857142857143,41.66666666666667,50.0,10.69,0.0
468,HCLTECH,Jun 2013,15.79,22.0,30.69,0.0793,56.717,1.1421,2131.0,2361.0,14.0,9.4705,21.0,1044.0,4492.0,,,,,Information Technology,,,,,25581.0,4040.0,21.0,IT Services,0,33.89830508474576,58.47457627118644,50.847457627118644,66.10169491525424,,,54.23728813559322,60.0,,
469,HCLTECH,Jun 2014,20.31,25.0,33.39,0.0521,76.4211,1.0722,1615.0,4842.0,23.0,13.9643,11.0,1018.0,6457.0,,,,,Information Technology,,,,,32144.0,6528.0,11.0,IT Services,0,25.423728813559322,25.423728813559322,61.016949152542374,72.88135593220339,,,40.67796610169492,49.09090909090909,,
470,HCLTECH,Jun 2015,20.0,23.0,30.31,0.0268,105.6264,1.0413,3451.0,2088.0,26.0,8.6206,58.0,648.0,5539.0,,,,,Information Technology,,,,,36701.0,7342.0,58.0,IT Services,0,38.983050847457626,30.508474576271187,66.10169491525424,59.32203389830508,,,37.28813559322034,38.18181818181819,,
471,HCLTECH,Mar 2017,18.09,22.0,26.12,0.0177,128.7528,1.0395,5105.0,3890.0,30.0,11.5611,40.0,582.0,8995.0,,,,,Information Technology,,,,,47568.0,8606.0,40.0,IT Services,0,52.54237288135594,45.76271186440678,67.79661016949152,54.23728813559322,,,32.20338983050847,34.54545454545455,,
472,HCLTECH,Mar 2018,17.25,22.0,23.97,0.0153,180.8116,1.0538,6092.0,2236.0,31.0,13.0885,19.0,557.0,8328.0,14.6,16.64,17.23,16.16,Information Technology,,,,,50569.0,8722.0,19.0,IT Services,0,66.10169491525424,47.45762711864407,62.71186440677966,42.3728813559322,28.57142857142857,17.142857142857142,30.508474576271187,25.454545454545453,13.51,2.6500000000000004
473,HCLTECH,Mar 2019,16.75,23.0,24.46,0.1014,85.454,1.0356,5715.0,3256.0,37.0,15.2642,11.0,4195.0,8971.0,13.46,9.16,9.98,10.87,Information Technology,229691.1,60.47,11.39,0.45,60427.0,10120.0,11.0,IT Services,0,61.016949152542374,50.847457627118644,71.1864406779661,45.76271186440678,42.857142857142854,57.14285714285714,77.96610169491525,45.45454545454545,11.34,-0.47000000000000064
474,HCLTECH,Mar 2020,15.64,24.0,21.57,0.1558,35.4554,0.8534,1027.0,12332.0,41.0,9.4414,25.0,7986.0,13359.0,14.0,8.53,9.54,10.69,Information Technology,239391.06,47.27,5.14,0.59,70676.0,11057.0,25.0,IT Services,0,81.35593220338984,62.71186440677966,93.22033898305084,77.96610169491525,34.285714285714285,65.71428571428571,93.22033898305084,89.0909090909091,10.59,0.09999999999999964
475,HCLTECH,Mar 2021,14.82,27.0,18.64,0.1146,41.047,0.876,13953.0,5665.0,41.0,11.0337,24.0,6864.0,19618.0,19.34,14.8,15.44,16.53,Information Technology,260125.17,77.74,7.77,3.07,75379.0,11169.0,24.0,IT Services,0,91.52542372881356,71.1864406779661,89.83050847457628,33.89830508474576,14.285714285714285,20.0,88.13559322033898,81.81818181818183,7.29,9.240000000000002
476,HCLTECH,Mar 2022,15.79,24.0,21.84,0.1024,67.6991,0.9632,18497.0,1597.0,50.0,11.4022,84.0,6343.0,16900.0,12.48,9.46,10.76,10.9,Information Technology,319536.64,69.21,12.53,2.52,85651.0,13523.0,84.0,IT Services,0,77.96610169491525,58.47457627118644,81.35593220338984,16.94915254237288,57.14285714285714,51.42857142857142,79.66101694915254,56.36363636363636,9.15,1.75
477,HCLTECH,Mar 2023,14.63,22.0,22.7,0.0733,67.949,1.088,14436.0,3573.0,55.0,12.0451,88.0,4794.0,18009.0,14.94,11.22,12.15,12.77,Information Technology,385586.15,9.19,2.28,3.4,101456.0,14845.0,88.0,IT Services,0,74.57627118644068,72.88135593220339,59.32203389830508,28.8135593220339,25.71428571428571,37.142857142857146,50.847457627118644,54.54545454545454,11.53,1.2400000000000002
478,HCLTECH,Mar 2024,14.29,22.0,23.01,0.0844,46.4611,1.1102,15840.0,6608.0,58.0,12.5715,90.0,5758.0,22448.0,12.71,9.19,9.41,10.44,Information Technology,412593.29,63.63,5.44,1.99,109913.0,15710.0,90.0,IT Services,0,71.1864406779661,77.96610169491525,57.6271186440678,27.11864406779661,54.285714285714285,54.285714285714285,57.6271186440678,72.72727272727273,8.98,1.459999999999999
479,HDFCBANK,Mar 2013,19.25,3534.0,18.84,9.1583,1.7722,0.088,-6749.0,902.0,14.0,7.6981,19.0,335588.0,-5847.0,,,,,Financials,,,,,35861.0,6903.0,19.0,Private Banks,1,3.3333333333333335,66.66666666666666,13.333333333333334,61.66666666666667,,,91.66666666666666,35.0,,
480,HDFCBANK,Mar 2014,20.6,5602.0,19.85,9.4341,1.6294,0.0845,3112.0,1099.0,18.0,9.2015,19.0,416677.0,4211.0,,,,,Financials,,,,,42555.0,8768.0,19.0,Private Banks,1,1.6666666666666667,51.66666666666667,18.333333333333332,38.333333333333336,,,96.66666666666667,41.66666666666667,,
481,HDFCBANK,Mar 2015,21.12,7214.0,16.95,8.0717,1.6947,0.0835,-22081.0,800.0,21.0,12.6056,19.0,509762.0,-21281.0,,,,,Financials,,,,,50666.0,10703.0,19.0,Private Banks,1,8.333333333333332,41.66666666666667,20.0,85.0,,,63.33333333333333,36.666666666666664,,
482,HDFCBANK,Mar 2016,20.3,9037.0,17.25,8.7423,1.79,0.0829,-35272.0,837.0,25.0,14.6846,19.0,649587.0,-34435.0,,,,,Financials,,,,,63162.0,12821.0,19.0,Private Banks,1,6.666666666666667,55.00000000000001,23.333333333333332,93.33333333333333,,,80.0,31.666666666666664,,
483,HDFCBANK,Mar 2017,20.9,11374.0,16.69,8.0784,1.8498,0.0821,16136.0,1146.0,30.0,17.8936,18.0,741550.0,17282.0,,,,,Financials,,,,,73271.0,15317.0,18.0,Private Banks,1,13.333333333333334,45.0,25.0,26.666666666666668,,,65.0,21.666666666666668,,
484,HDFCBANK,Mar 2018,21.76,13374.0,16.94,8.6207,1.8402,0.0773,16372.0,842.0,36.0,21.1173,18.0,944817.0,17214.0,18.92,21.87,20.79,20.53,Financials,,,,,85288.0,18561.0,18.0,Private Banks,1,10.0,38.333333333333336,42.5,23.333333333333332,28.57142857142857,37.142857142857146,75.0,25.0,20.53,0.0
485,HDFCBANK,Mar 2019,21.34,16592.0,14.61,7.0294,1.8405,0.0813,-64375.0,1503.0,41.0,28.1969,18.0,1080235.0,-62872.0,19.83,20.68,17.9,19.47,Financials,578281.57,63.58,0.79,3.49,105161.0,22446.0,18.0,Private Banks,1,41.66666666666667,40.0,26.666666666666668,98.33333333333333,20.0,40.0,35.0,23.333333333333332,19.47,0.0
486,HDFCBANK,Mar 2020,22.34,14593.0,15.48,7.5587,1.8277,0.0773,-18272.0,1403.0,50.0,32.1821,5.0,1333041.0,-16869.0,19.25,20.59,18.95,19.6,Financials,534671.83,30.19,9.55,1.24,122189.0,27296.0,5.0,Private Banks,1,26.666666666666668,36.666666666666664,42.5,81.66666666666667,25.71428571428571,42.857142857142854,56.666666666666664,26.666666666666668,19.6,0.0
487,HDFCBANK,Mar 2021,24.78,16848.0,15.18,7.2037,1.9197,0.0714,40653.0,1823.0,58.0,38.078,11.0,1511418.0,42476.0,15.27,19.97,18.33,17.86,Financials,573615.98,11.64,8.0,2.44,128552.0,31857.0,11.0,Private Banks,1,35.0,20.0,60.0,6.666666666666667,45.714285714285715,54.285714285714285,48.333333333333336,15.0,17.86,0.0
488,HDFCBANK,Mar 2022,28.07,20795.0,15.43,7.217,1.7813,0.064,-14011.0,2051.0,69.0,44.5634,23.0,1784970.0,-11960.0,13.16,20.02,18.13,17.1,Financials,759039.45,8.14,1.61,3.18,135936.0,38151.0,23.0,Private Banks,1,28.333333333333332,11.666666666666666,81.66666666666667,75.0,62.857142857142854,48.57142857142857,50.0,33.33333333333333,17.1,0.0
489,HDFCBANK,Mar 2023,27.03,29932.0,15.94,7.3909,1.8595,0.0675,17822.0,2992.0,82.0,51.8706,23.0,2139212.0,20814.0,14.89,19.98,17.9,17.59,Financials,865594.78,33.49,4.99,2.75,170754.0,46149.0,23.0,Private Banks,1,20.0,15.0,69.16666666666667,21.666666666666668,48.57142857142857,51.42857142857142,55.00000000000001,20.0,17.59,0.0
490,HDFCBANK,Mar 2024,23.07,-44685.0,14.34,6.8088,1.4008,0.0704,35669.0,16600.0,84.0,60.0521,23.0,3107503.0,19069.0,21.95,23.87,15.42,20.41,Financials,808359.03,49.42,4.4,4.33,283649.0,65446.0,23.0,Private Banks,1,45.0,28.333333333333332,61.66666666666667,10.0,7.142857142857142,20.0,28.333333333333332,50.0,20.41,0.0
491,HDFCLIFE,Mar 2013,3.18,525.0,33.43,0.0,483.5357,0.3354,,,2.0,0.067,0.0,0.0,,,,,,Financials,,,,,14060.0,447.0,0.0,Life Insurance,0,23.809523809523807,50.0,14.285714285714285,,,,35.714285714285715,8.823529411764707,,
492,HDFCLIFE,Mar 2014,4.22,605.0,37.6,0.0,68.7344,0.3284,,,4.0,0.0966,14.0,0.0,,,,,,Financials,,,,,17166.0,725.0,14.0,Life Insurance,0,16.666666666666664,32.142857142857146,21.428571428571427,,,,35.714285714285715,76.47058823529412,,
493,HDFCLIFE,Mar 2015,2.89,874.0,30.93,0.0,333.4684,0.3927,945.0,3514.0,4.0,0.1274,18.0,0.0,4459.0,,,,,Financials,,,,,27215.0,786.0,18.0,Life Insurance,0,30.952380952380953,58.333333333333336,4.761904761904762,50.0,,,35.714285714285715,14.705882352941178,,
494,HDFCLIFE,Mar 2016,4.5,953.0,26.33,0.0,159.1852,0.237,1725.0,3962.0,4.0,0.1555,22.0,0.0,5687.0,,,,,Financials,,,,,18141.0,817.0,22.0,Life Insurance,0,33.33333333333333,19.047619047619047,73.80952380952381,37.5,,,35.714285714285715,58.82352941176471,,
495,HDFCLIFE,Mar 2017,2.89,972.0,23.18,0.0,213.5036,0.3223,1053.0,5177.0,4.0,0.1915,25.0,0.0,6230.0,,,,,Financials,,,,,30647.0,887.0,25.0,Life Insurance,0,42.857142857142854,58.333333333333336,23.809523809523807,45.0,,,35.714285714285715,41.17647058823529,,
496,HDFCLIFE,Mar 2018,3.43,1074.0,23.53,0.0,110.5993,0.292,2318.0,4421.0,6.0,0.2338,25.0,0.0,6739.0,18.07,19.89,24.57,20.84,Financials,,,,,32260.0,1107.0,25.0,Life Insurance,0,40.476190476190474,40.476190476190474,42.857142857142854,30.0,40.909090909090914,9.090909090909092,35.714285714285715,67.64705882352942,,
497,HDFCLIFE,Mar 2019,3.29,1215.0,22.65,0.0,276.7868,0.2988,-314.0,10182.0,6.0,0.2797,26.0,0.0,9868.0,17.75,12.01,8.45,12.74,Financials,33844.59,53.97,3.58,2.89,38855.0,1278.0,26.0,Life Insurance,0,47.61904761904761,45.23809523809524,39.285714285714285,70.0,50.0,22.727272727272727,35.714285714285715,23.52941176470588,,
498,HDFCLIFE,Mar 2020,4.41,1141.0,19.05,0.0,76.5393,0.2222,-401.0,7789.0,6.0,0.3371,0.0,0.0,7388.0,1.54,10.54,8.45,6.84,Financials,43616.06,67.68,5.98,4.1,29380.0,1297.0,0.0,Life Insurance,0,54.761904761904766,23.809523809523807,78.57142857142857,72.5,95.45454545454545,40.909090909090914,35.714285714285715,73.52941176470588,,
499,HDFCLIFE,Mar 2021,1.9,1235.0,15.75,0.0694,157.9685,0.3981,751.0,8952.0,7.0,0.4275,30.0,600.0,9703.0,31.57,10.75,11.84,18.05,Financials,39084.76,41.01,14.89,3.41,71528.0,1361.0,30.0,Life Insurance,0,71.42857142857143,71.42857142857143,2.380952380952381,57.49999999999999,13.636363636363635,36.36363636363637,80.95238095238095,64.70588235294117,,
500,HDFCLIFE,Mar 2022,1.98,778.0,8.5,0.0384,86.6175,0.2909,5142.0,801.0,6.0,0.7389,27.0,600.0,5943.0,16.98,8.39,8.45,11.27,Financials,33360.23,61.1,11.85,1.89,67126.0,1327.0,27.0,Life Insurance,0,92.85714285714286,66.66666666666666,45.23809523809524,12.5,54.54545454545454,54.54545454545454,76.19047619047619,70.58823529411765,,
501,HDFCLIFE,Mar 2023,1.95,80.0,10.53,0.0731,48.801,0.283,-3188.0,10071.0,6.0,0.6046,30.0,950.0,6883.0,16.83,4.32,0.0,7.05,Financials,35346.36,39.9,12.2,1.95,70207.0,1368.0,30.0,Life Insurance,0,88.09523809523809,69.04761904761905,50.0,100.0,63.63636363636363,63.63636363636363,83.33333333333334,85.29411764705883,,
502,HDFCLIFE,Mar 2024,1.55,531.0,10.73,0.0648,192.2895,0.3353,-2893.0,13614.0,7.0,0.6818,27.0,950.0,10721.0,21.17,4.25,3.13,9.52,Financials,47027.6,50.59,11.28,3.22,101482.0,1574.0,27.0,Life Insurance,0,85.71428571428571,80.95238095238095,16.666666666666664,97.5,27.27272727272727,68.18181818181817,78.57142857142857,50.0,,
503,HEROMOTOCO,Mar 2014,8.32,3553.0,37.38,0.0505,50.5488,2.497,1347.0,1616.0,105.0,14.0575,62.0,284.0,2963.0,,,,,Consumer Discretionary,,,,,25275.0,2102.0,62.0,Automobiles,0,3.614457831325301,45.78313253012048,2.4096385542168677,40.963855421686745,,,53.01204819277109,43.373493975903614,,
504,HEROMOTOCO,Mar 2015,8.58,3520.0,36.15,0.0153,73.9415,2.5848,2217.0,31.0,118.0,16.35,51.0,100.0,2186.0,,,,,Consumer Discretionary,,,,,27538.0,2364.0,51.0,Automobiles,0,6.024096385542169,44.57831325301205,1.2048192771084338,24.096385542168676,,,27.710843373493976,37.34939759036144,,
505,HEROMOTOCO,Mar 2016,10.94,4424.0,35.23,0.0263,57.1235,2.2067,1422.0,2300.0,157.0,22.085,46.0,232.0,3722.0,,,,,Consumer Discretionary,,,,,28457.0,3112.0,46.0,Automobiles,0,7.228915662650602,31.32530120481928,8.433734939759036,39.75903614457831,,,43.373493975903614,40.963855421686745,,
506,HEROMOTOCO,Mar 2017,12.39,4585.0,34.37,0.0253,28.9651,1.8685,2035.0,1972.0,179.0,25.79,47.0,261.0,4007.0,,,,,Consumer Discretionary,,,,,28610.0,3546.0,47.0,Automobiles,0,8.433734939759036,27.710843373493976,10.843373493975903,28.915662650602407,,,42.168674698795186,54.21686746987952,,
507,HEROMOTOCO,Mar 2018,11.47,5334.0,31.09,0.019,48.1206,1.8657,2159.0,1858.0,186.0,29.93,51.0,228.0,4017.0,,,,,Consumer Discretionary,,,,,32458.0,3722.0,51.0,Automobiles,0,12.048192771084338,28.915662650602407,12.048192771084338,27.710843373493976,,,30.120481927710845,46.98795180722892,21.56,
508,HEROMOTOCO,Mar 2019,10.2,5025.0,26.42,0.0238,39.0837,1.8359,2330.0,1298.0,172.0,32.8,50.0,312.0,1032.0,6.09,10.52,10.37,8.99,Consumer Discretionary,959580.91,64.37,1.86,3.67,33971.0,3466.0,50.0,Automobiles,0,21.686746987951807,32.53012048192771,13.253012048192772,22.89156626506024,56.25,40.476190476190474,39.75903614457831,50.602409638554214,19.26,-10.270000000000001
509,HEROMOTOCO,Mar 2020,12.51,4070.0,25.4,0.0314,17.5718,1.4869,2699.0,2819.0,182.0,36.015,49.0,453.0,5518.0,1.22,9.13,9.05,6.47,Consumer Discretionary,1157395.82,75.71,11.62,4.18,29254.0,3659.0,49.0,Automobiles,0,25.301204819277107,26.506024096385545,16.867469879518072,20.481927710843372,83.33333333333334,45.23809523809524,45.78313253012048,56.62650602409639,8.31,-1.8400000000000007
510,HEROMOTOCO,Mar 2021,9.48,4058.0,19.05,0.0379,48.6709,1.3404,1821.0,2289.0,146.0,38.54,72.0,584.0,4110.0,1.7,-1.16,-1.44,-0.3,Consumer Discretionary,1262310.05,56.18,12.27,0.69,30959.0,2936.0,72.0,Automobiles,0,56.62650602409639,38.55421686746988,28.915662650602407,33.734939759036145,79.16666666666666,83.33333333333334,49.39759036144578,44.57831325301205,-1.58,1.28
511,HEROMOTOCO,Mar 2022,7.88,3256.0,14.7,0.0382,48.2679,1.3147,1882.0,222.0,116.0,39.6175,82.0,605.0,2104.0,0.65,-8.06,-8.31,-5.24,Consumer Discretionary,1220486.89,66.93,12.26,2.61,29551.0,2329.0,82.0,Automobiles,0,75.90361445783132,50.602409638554214,32.53012048192771,32.53012048192771,91.66666666666666,92.85714285714286,50.602409638554214,45.78313253012048,-6.5,1.2599999999999998
512,HEROMOTOCO,Mar 2023,8.200000000000001,4099.0,16.81,0.0341,53.037,1.4282,2193.0,421.0,141.0,41.64,71.0,568.0,2614.0,1.03,-5.53,-5.39,-3.3,Consumer Discretionary,1542037.68,11.61,7.5,3.56,34158.0,2800.0,71.0,Automobiles,0,63.85542168674698,46.98795180722892,21.686746987951807,26.506024096385545,87.5,90.47619047619048,46.98795180722892,42.168674698795186,3.38,-6.68
513,HEROMOTOCO,Mar 2024,9.9,5235.0,21.14,0.0342,47.2685,1.4449,3095.0,1828.0,187.0,44.2475,75.0,606.0,4923.0,2.15,1.54,1.69,1.79,Consumer Discretionary,1593400.88,53.86,12.6,1.91,37789.0,3742.0,75.0,Automobiles,0,45.78313253012048,33.734939759036145,19.27710843373494,16.867469879518072,77.08333333333334,73.80952380952381,48.19277108433735,48.19277108433735,11.22,-9.43
514,HINDALCO,Mar 2013,3.75,7699.0,8.51,1.612,65.2601,0.665,-10824.0,13801.0,16.0,18.4974,6.0,56951.0,2977.0,,,,,Materials,,,,,80193.0,3007.0,6.0,Steel,0,47.91666666666667,47.91666666666667,52.083333333333336,100.0,,,72.91666666666666,16.666666666666664,,
515,HINDALCO,Mar 2014,2.5,8024.0,5.41,1.5948,117.6957,0.6356,-139.0,8095.0,11.0,19.7107,9.0,64756.0,7956.0,,,,,Materials,,,,,87695.0,2195.0,9.0,Steel,0,62.5,58.333333333333336,64.58333333333334,75.0,,,68.75,8.333333333333332,,
516,HINDALCO,Mar 2015,0.25,8844.0,0.6799999999999999,1.7863,-114.7175,0.7357,3270.0,3873.0,4.0,18.5164,24.0,68468.0,7143.0,,,,,Materials,,,,,104281.0,259.0,24.0,Steel,0,72.91666666666666,72.91666666666666,37.5,50.0,,,83.33333333333334,97.91666666666666,,
517,HINDALCO,Mar 2016,-0.7100000000000001,7778.0,-1.73,1.6635,60.6593,0.6997,8468.0,3220.0,-1.0,19.6179,-82.0,67552.0,11688.0,,,,,Materials,,,,,98759.0,-702.0,-82.0,Steel,0,79.16666666666666,77.08333333333334,41.66666666666667,27.083333333333332,,,75.0,18.75,,
518,HINDALCO,Mar 2017,1.88,12317.0,4.09,1.3855,73.3548,0.6855,9811.0,2876.0,8.0,20.6543,13.0,63817.0,12687.0,,,,,Materials,,,,,100184.0,1882.0,13.0,Steel,0,66.66666666666666,66.66666666666666,45.83333333333333,22.916666666666664,,,52.083333333333336,14.583333333333334,,
519,HINDALCO,Mar 2018,5.28,13695.0,11.09,0.9494,35.2553,0.7835,16231.0,5333.0,27.0,24.5973,4.0,52074.0,10898.0,7.51,15.13,11.03,11.22,Materials,,,,,115183.0,6083.0,4.0,Steel,0,31.25,35.41666666666667,25.0,6.25,75.0,64.28571428571429,25.0,20.833333333333336,-0.59,11.81
520,HINDALCO,Mar 2019,4.21,15511.0,9.56,0.9115,102.079,0.859,6521.0,5456.0,24.0,25.9014,5.0,52415.0,11977.0,8.28,20.15,16.89,15.11,Materials,247258.14,24.15,12.33,2.97,130542.0,5495.0,5.0,Steel,0,43.75,45.83333333333333,16.666666666666664,35.41666666666667,67.85714285714286,42.857142857142854,18.75,12.5,15.26,-0.15000000000000036
521,HINDALCO,Mar 2020,3.19,14306.0,6.460000000000001,1.1729,114.6247,0.7007,5518.0,7227.0,17.0,26.2689,6.0,68399.0,12745.0,2.53,70.82,33.56,35.64,Materials,287414.16,9.47,3.28,0.68,118144.0,3767.0,6.0,Steel,0,56.25,54.166666666666664,39.58333333333333,43.75,85.71428571428571,14.285714285714285,37.5,10.416666666666668,0.01,35.63
522,HINDALCO,Mar 2021,2.64,17559.0,5.23,1.0101,-115.9696,0.6991,-8048.0,25280.0,16.0,29.9698,19.0,67206.0,17232.0,5.98,,,1.99,Materials,371315.5,45.59,7.92,1.47,132008.0,3483.0,19.0,Steel,0,64.58333333333334,56.25,43.75,95.83333333333334,82.14285714285714,,27.083333333333332,100.0,2.97,-0.9800000000000002
523,HINDALCO,Mar 2022,7.04,28347.0,17.56,0.8247,133.0623,0.8792,10065.0,6773.0,61.0,35.2212,6.0,64486.0,16838.0,14.25,48.8,50.12,37.72,Materials,477796.57,58.41,9.72,2.8,195059.0,13730.0,6.0,Steel,0,14.583333333333334,27.083333333333332,8.333333333333332,20.833333333333336,32.142857142857146,21.428571428571427,16.666666666666664,4.166666666666666,5.6,32.12
524,HINDALCO,Mar 2023,4.52,22666.0,10.65,0.6359,153.4399,0.9987,11649.0,7559.0,45.0,42.7054,7.0,60291.0,19208.0,14.15,10.67,10.76,11.86,Materials,537689.01,71.42,2.69,1.33,223202.0,10097.0,7.0,Steel,0,37.5,43.75,2.083333333333333,12.5,35.714285714285715,78.57142857142857,10.416666666666668,2.083333333333333,-3.4,15.26
525,HINDALCO,Mar 2024,4.7,23872.0,9.569999999999999,0.5309,126.4654,0.936,9789.0,14267.0,45.0,47.8135,8.0,56356.0,24056.0,10.59,13.07,13.4,12.35,Materials,722281.1,56.45,9.32,0.98,215962.0,10155.0,8.0,Steel,0,41.66666666666667,41.66666666666667,4.166666666666666,25.0,57.14285714285714,71.42857142857143,8.333333333333332,6.25,2.59,9.76
526,HINDUNILVR,Mar 2013,14.22,4220.0,134.0,0.0087,20.3028,2.2332,3668.0,63.0,18.0,1.3264,104.0,25.0,3605.0,,,,,Consumer Staples,,,,,27004.0,3839.0,104.0,FMCG,1,1.1904761904761905,47.61904761904761,7.142857142857142,25.0,,,20.238095238095237,71.42857142857143,,
527,HINDUNILVR,Mar 2014,13.53,4759.0,111.85,0.013,30.923,2.1255,3343.0,475.0,18.0,1.6375,71.0,46.0,3818.0,,,,,Consumer Staples,,,,,29234.0,3956.0,71.0,FMCG,1,4.761904761904762,57.14285714285714,13.095238095238097,27.380952380952383,,,28.57142857142857,50.0,,
528,HINDUNILVR,Mar 2015,13.69,5412.0,108.67,0.0107,21.3128,2.2157,3430.0,138.0,20.0,1.8644,74.0,43.0,3292.0,,,,,Consumer Staples,,,,,31972.0,4376.0,74.0,FMCG,1,7.142857142857142,54.761904761904766,8.333333333333332,26.190476190476193,,,26.190476190476193,64.28571428571429,,
529,HINDUNILVR,Mar 2016,12.9,5910.0,63.14999999999999,0.0269,54.1029,2.1758,3889.0,282.0,19.0,3.0431,83.0,177.0,4171.0,,,,,Consumer Staples,,,,,32186.0,4151.0,83.0,FMCG,1,17.857142857142858,60.71428571428571,10.714285714285714,23.809523809523807,,,32.142857142857146,36.904761904761905,,
530,HINDUNILVR,Mar 2017,13.54,6328.0,66.58,0.0411,44.3119,2.1114,4012.0,1173.0,21.0,3.1222,82.0,277.0,5185.0,,,,,Consumer Staples,,,,,33162.0,4490.0,82.0,FMCG,1,15.476190476190476,55.952380952380956,14.285714285714285,22.61904761904762,,,35.714285714285715,38.095238095238095,,
531,HINDUNILVR,Mar 2018,14.71,7499.0,71.78999999999999,0.0,79.5099,1.99,4996.0,1063.0,24.0,3.3708,83.0,0.0,6059.0,5.65,6.37,5.92,5.98,Consumer Staples,,,,,35545.0,5227.0,83.0,FMCG,1,14.285714285714285,41.66666666666667,16.666666666666664,19.047619047619047,71.42857142857143,82.97872340425532,2.380952380952381,29.761904761904763,5.98,0.0
532,HINDUNILVR,Mar 2019,15.42,8880.0,77.03,0.0126,94.5745,2.1102,5362.0,438.0,28.0,3.6421,78.0,99.0,5800.0,6.1,8.9,9.24,8.08,Consumer Staples,366409.11,13.37,1.78,1.79,39310.0,6060.0,78.0,FMCG,1,13.095238095238097,38.095238095238095,15.476190476190476,17.857142857142858,67.3469387755102,68.08510638297872,27.380952380952383,27.380952380952383,8.08,0.0
533,HINDUNILVR,Mar 2020,16.98,9861.0,82.1,0.0,70.6297,1.974,9414.0,1791.0,31.0,3.8097,80.0,0.0,7623.0,4.47,9.07,9.16,7.57,Consumer Staples,365239.67,22.92,6.47,3.14,39783.0,6756.0,80.0,FMCG,1,11.904761904761903,20.833333333333336,17.857142857142858,7.142857142857142,83.6734693877551,63.829787234042556,2.380952380952381,32.142857142857146,7.57,0.0
534,HINDUNILVR,Mar 2021,17.01,11626.0,16.78,0.0,208.3941,0.6841,7935.0,1228.0,34.0,20.2868,119.0,0.0,9163.0,7.88,14.02,12.34,11.41,Consumer Staples,333086.26,14.47,14.18,3.06,47028.0,7999.0,119.0,FMCG,1,82.14285714285714,19.047619047619047,84.52380952380952,10.714285714285714,48.97959183673469,38.297872340425535,2.380952380952381,16.666666666666664,11.41,0.0
535,HINDUNILVR,Mar 2022,16.95,12857.0,18.12,0.0213,180.8858,0.7439,7320.0,1728.0,38.0,20.877,90.0,1043.0,9048.0,9.6,14.64,12.59,12.28,Consumer Staples,435060.89,20.69,4.16,1.4,52446.0,8892.0,90.0,FMCG,1,80.95238095238095,22.61904761904762,78.57142857142857,13.095238095238097,30.612244897959183,29.78723404255319,29.761904761904763,20.238095238095237,12.28,0.0
536,HINDUNILVR,Mar 2023,16.74,14147.0,20.16,0.0242,103.6964,0.829,8507.0,1484.0,43.0,21.406,91.0,1219.0,9991.0,11.25,14.18,12.37,12.6,Consumer Staples,495019.01,35.52,4.07,4.43,60580.0,10143.0,91.0,FMCG,1,71.42857142857143,25.0,63.095238095238095,9.523809523809524,12.244897959183673,34.04255319148936,30.952380952380953,26.190476190476193,12.6,0.0
537,HINDUNILVR,Mar 2024,16.61,14659.0,20.07,0.029,57.847,0.7886,10145.0,5324.0,44.0,21.7949,96.0,1484.0,15469.0,9.5,11.15,9.46,10.04,Consumer Staples,548890.59,34.51,11.88,4.32,61896.0,10282.0,96.0,FMCG,1,72.61904761904762,27.380952380952383,66.66666666666666,5.952380952380952,32.6530612244898,48.93617021276596,33.33333333333333,34.523809523809526,10.04,0.0
538,ICICIBANK,Mar 2013,22.57,-15085.0,14.73,7.0919,1.0795,0.0665,-1069.0,18563.0,15.0,5.9587,24.0,487659.0,17494.0,,,,,Financials,,,,,44885.0,10130.0,24.0,Private Banks,0,38.333333333333336,33.33333333333333,74.16666666666667,46.666666666666664,,,41.66666666666667,100.0,,
539,ICICIBANK,Mar 2014,23.6,-13084.0,15.28,7.1053,1.0911,0.0662,-8985.0,15750.0,17.0,6.6173,24.0,543055.0,6765.0,,,,,Financials,,,,,49479.0,11677.0,24.0,Private Banks,0,32.5,23.333333333333332,76.66666666666667,66.66666666666666,,,43.333333333333336,98.33333333333333,,
540,ICICIBANK,Mar 2015,23.55,-16120.0,15.28,7.0504,1.0989,0.0665,-25448.0,13175.0,19.0,7.3022,24.0,597207.0,-12273.0,,,,,Financials,,,,,54964.0,12942.0,24.0,Private Banks,0,32.5,25.0,74.16666666666667,90.0,,,36.666666666666664,96.66666666666667,,
541,ICICIBANK,Mar 2016,18.43,-26955.0,11.61,7.1347,1.24,0.0645,11585.0,12060.0,16.0,8.0921,29.0,671455.0,23645.0,,,,,Financials,,,,,59294.0,10927.0,29.0,Private Banks,0,76.66666666666667,73.33333333333333,80.0,30.0,,,45.0,83.33333333333334,,
542,ICICIBANK,Mar 2017,18.61,-37737.0,10.84,6.6985,1.2158,0.0618,50925.0,1711.0,16.0,8.9813,14.0,700874.0,52636.0,,,,,Financials,,,,,60940.0,11340.0,14.0,Private Banks,0,80.0,70.0,87.5,3.3333333333333335,,,26.666666666666668,93.33333333333333,,
543,ICICIBANK,Mar 2018,14.64,-44906.0,8.23,7.3687,1.2804,0.0553,-31168.0,50551.0,12.0,8.6026,12.0,815198.0,19383.0,6.73,-2.12,-4.36,0.08,Financials,,,,,62162.0,9100.0,12.0,Private Banks,0,86.66666666666667,85.0,98.33333333333333,91.66666666666666,100.0,82.85714285714286,53.333333333333336,73.33333333333333,20.53,-20.450000000000003
544,ICICIBANK,Mar 2019,7.9,-50971.0,4.98,7.8041,1.4109,0.0581,18389.0,30282.0,7.0,8.8637,15.0,891641.0,48671.0,7.79,-13.4,-16.26,-7.29,Financials,634101.51,75.38,9.81,3.37,71982.0,5689.0,15.0,Private Banks,0,96.66666666666667,96.66666666666667,93.33333333333333,20.0,97.14285714285714,94.28571428571428,60.0,48.333333333333336,19.47,-26.759999999999998
545,ICICIBANK,Mar 2020,13.23,-45190.0,9.13,8.2518,1.3134,0.0616,37470.0,42095.0,15.0,9.495,0.0,1014636.0,79565.0,9.07,-2.81,-4.62,0.55,Financials,645375.01,19.43,8.09,1.23,84836.0,11225.0,0.0,Private Banks,0,85.0,86.66666666666667,91.66666666666666,8.333333333333332,85.71428571428571,85.71428571428571,70.0,63.33333333333333,19.6,-19.05
546,ICICIBANK,Mar 2021,22.84,-44805.0,12.92,7.0046,1.2644,0.0567,74384.0,63631.0,27.0,11.3946,8.0,1103840.0,138015.0,8.5,13.26,11.03,10.93,Financials,851486.14,12.77,9.84,4.29,89163.0,20364.0,8.0,Private Banks,0,62.5,30.0,95.0,1.6666666666666667,94.28571428571428,74.28571428571429,33.33333333333333,80.0,17.86,-6.93
547,ICICIBANK,Mar 2022,27.82,-26558.0,14.58,6.8824,1.3,0.0544,18663.0,39448.0,36.0,13.0973,14.0,1252968.0,58111.0,9.38,18.54,17.61,15.18,Financials,1050380.96,78.39,13.83,2.51,95407.0,26538.0,14.0,Private Banks,0,43.333333333333336,13.333333333333334,100.0,16.666666666666664,80.0,68.57142857142857,30.0,68.33333333333333,17.1,-1.9200000000000017
548,ICICIBANK,Mar 2023,29.29,-17341.0,16.53,6.5264,1.3492,0.0618,-71460.0,67689.0,49.0,15.3542,16.0,1399894.0,-3771.0,14.26,31.26,32.5,26.01,Financials,1184576.28,78.87,1.36,0.92,121067.0,35461.0,16.0,Private Banks,0,15.0,8.333333333333332,87.5,100.0,54.285714285714285,11.428571428571429,23.333333333333332,56.666666666666664,17.59,8.420000000000002
549,ICICIBANK,Mar 2024,28.89,-14152.0,17.99,6.4456,1.3009,0.0675,12547.0,144737.0,63.0,18.2309,16.0,1651008.0,157284.0,17.25,51.95,55.18,41.46,Financials,1319221.86,25.76,6.2,3.43,159516.0,46081.0,16.0,Private Banks,0,5.0,10.0,69.16666666666667,28.333333333333332,34.285714285714285,5.714285714285714,21.666666666666668,66.66666666666666,20.41,21.05
550,ICICIGI,Mar 2013,8.799999999999999,-178.0,18.88,0.0,7.1451,0.3175,22.0,962.0,8.0,0.4279,0.0,0.0,984.0,,,,,Financials,,,,,4012.0,353.0,0.0,General Insurance,1,58.333333333333336,83.33333333333334,50.0,83.33333333333334,,,20.833333333333336,54.54545454545454,,
551,ICICIGI,Mar 2014,11.95,-225.0,21.72,0.0,5.5973,0.2952,-111.0,706.0,12.0,0.538,0.0,0.0,595.0,,,,,Financials,,,,,4352.0,520.0,0.0,General Insurance,1,8.333333333333332,33.33333333333333,83.33333333333334,91.66666666666666,,,20.833333333333336,63.63636363636363,,
552,ICICIGI,Mar 2015,13.82,-221.0,20.27,0.0,4.4869,0.2891,73.0,171.0,13.0,0.6456,15.0,0.0,-98.0,,,,,Financials,,,,,4234.0,585.0,15.0,General Insurance,1,16.666666666666664,8.333333333333332,91.66666666666666,66.66666666666666,,,20.833333333333336,81.81818181818183,,
553,ICICIGI,Mar 2016,8.4,764.0,15.66,0.0,,0.3849,201.0,310.0,11.0,0.7225,26.0,0.0,511.0,,,,,Financials,,,,,6033.0,507.0,26.0,General Insurance,1,91.66666666666666,91.66666666666666,8.333333333333332,50.0,,,20.833333333333336,,,
554,ICICIGI,Mar 2017,9.34,919.0,18.0,0.1243,-3306.5,0.322,-362.0,1990.0,16.0,0.865,22.0,485.0,1628.0,,,,,Financials,,,,,7520.0,702.0,22.0,General Insurance,1,66.66666666666666,75.0,41.66666666666667,100.0,,,100.0,90.9090909090909,,
555,ICICIGI,Mar 2018,12.47,-262.0,18.98,0.1068,4.5698,0.2323,494.0,1896.0,19.0,1.0002,17.0,485.0,2390.0,11.49,19.55,18.89,16.64,Financials,,,,,6912.0,862.0,17.0,General Insurance,1,50.0,16.666666666666664,100.0,25.0,100.0,28.57142857142857,91.66666666666666,72.72727272727273,16.64,0.0
556,ICICIGI,Mar 2019,9.4,1669.0,19.43,0.0898,-4754.5,0.3342,120.0,2856.0,23.0,1.1894,26.0,485.0,2976.0,20.73,15.07,13.9,16.57,Financials,827632.41,63.73,12.4,2.98,11163.0,1049.0,26.0,General Insurance,1,33.33333333333333,58.333333333333336,16.666666666666664,58.333333333333336,42.857142857142854,57.14285714285714,83.33333333333334,100.0,16.57,0.0
557,ICICIGI,Mar 2020,10.37,1772.0,19.47,0.0791,650.6667,0.3109,51.0,3382.0,26.0,1.3511,13.0,485.0,3433.0,22.16,15.34,14.87,17.46,Financials,742801.33,47.5,3.75,3.28,11517.0,1194.0,13.0,General Insurance,1,25.0,41.66666666666667,66.66666666666666,75.0,14.285714285714285,42.857142857142854,75.0,18.181818181818183,17.46,0.0
558,ICICIGI,Mar 2021,12.11,2072.0,19.38,0.0638,842.25,0.3095,407.0,1367.0,32.0,1.6701,25.0,485.0,1774.0,15.05,23.78,23.81,20.88,Financials,816329.22,55.8,11.08,1.18,12161.0,1473.0,25.0,General Insurance,1,41.66666666666667,25.0,75.0,41.66666666666667,71.42857142857143,14.285714285714285,66.66666666666666,9.090909090909092,20.88,0.0
559,ICICIGI,Mar 2022,7.93,1016.0,13.83,0.0277,18.5612,0.3152,944.0,135.0,26.0,1.8723,35.0,255.0,809.0,16.34,12.61,10.2,13.05,Financials,939135.7,66.71,8.08,2.81,16026.0,1271.0,35.0,General Insurance,1,100.0,100.0,58.333333333333336,8.333333333333332,57.14285714285714,100.0,58.333333333333336,36.36363636363637,13.05,0.0
560,ICICIGI,Mar 2023,9.67,1264.0,16.55,0.0034,16.7699,0.3245,605.0,1685.0,35.0,2.1271,31.0,35.0,2290.0,20.93,14.94,13.0,16.29,Financials,1242023.75,15.87,12.74,0.18,17876.0,1729.0,31.0,General Insurance,1,75.0,50.0,25.0,16.666666666666664,28.57142857142857,71.42857142857143,50.0,45.45454545454545,16.29,0.0
561,ICICIGI,Mar 2024,9.370000000000001,2577.0,15.72,0.0029,160.0268,0.3236,486.0,1921.0,39.0,2.4757,28.0,35.0,2407.0,12.91,12.84,11.14,12.3,Financials,1271789.21,49.0,7.86,3.46,20487.0,1919.0,28.0,General Insurance,1,83.33333333333334,66.66666666666666,33.33333333333333,33.33333333333333,85.71428571428571,85.71428571428571,41.66666666666667,27.27272727272727,12.3,0.0
562,ICICIPRULI,Mar 2013,7.57,745.0,38.25,0.0,21.4267,0.2662,-1077.0,1564.0,11.0,0.2772,32.0,0.0,-2641.0,,,,,Financials,,,,,20025.0,1515.0,32.0,Life Insurance,0,14.285714285714285,4.761904761904762,61.904761904761905,82.5,,,35.714285714285715,91.17647058823529,,
563,ICICIPRULI,Mar 2014,7.13,1504.0,35.61,0.0,158.0698,0.2687,3630.0,6012.0,11.0,0.3067,70.0,0.0,-2382.0,,,,,Financials,,,,,21888.0,1561.0,70.0,Life Insurance,0,21.428571428571427,7.142857142857142,59.523809523809526,22.5,,,35.714285714285715,61.76470588235294,,
564,ICICIPRULI,Mar 2015,4.760000000000001,1655.0,31.15,0.0,762.8605,0.3404,-1299.0,1822.0,11.0,0.3677,51.0,0.0,523.0,,,,,Financials,,,,,34453.0,1640.0,51.0,Life Insurance,0,26.190476190476193,14.285714285714285,11.904761904761903,85.0,,,35.714285714285715,2.941176470588235,,
565,ICICIPRULI,Mar 2016,7.91,1842.0,31.0,0.1933,,0.199,3661.0,27.0,12.0,0.3717,73.0,1029.0,3634.0,,,,,Financials,,,,,20849.0,1650.0,73.0,Life Insurance,0,28.57142857142857,2.380952380952381,80.95238095238095,20.0,,,95.23809523809523,,,
566,ICICIPRULI,Mar 2017,4.45,1806.0,26.26,0.0,277.0385,0.3032,3434.0,696.0,12.0,0.4464,63.0,0.0,4130.0,,,,,Financials,,,,,37816.0,1682.0,63.0,Life Insurance,0,35.714285714285715,21.428571428571427,33.33333333333333,25.0,,,35.714285714285715,20.588235294117645,,
567,ICICIPRULI,Mar 2018,4.17,1771.0,24.63,0.0,280.8106,0.2738,301.0,5389.0,11.0,0.4578,59.0,0.0,5690.0,14.16,1.34,0.0,5.17,Financials,,,,,38832.0,1619.0,59.0,Life Insurance,0,38.095238095238095,35.714285714285715,57.14285714285714,60.0,68.18181818181817,72.72727272727273,35.714285714285715,17.647058823529413,,
568,ICICIPRULI,Mar 2019,2.75,541.0,16.58,0.0,50.3358,0.2542,3818.0,7559.0,8.0,0.4785,40.0,0.0,11377.0,13.63,-6.11,-6.17,0.45,Financials,1606002.47,76.8,0.56,0.14,41463.0,1139.0,40.0,Life Insurance,0,66.66666666666666,61.904761904761905,71.42857142857143,17.5,72.72727272727273,81.81818181818183,35.714285714285715,79.41176470588235,,
569,ICICIPRULI,Mar 2020,5.07,-319.0,14.79,0.0,13.5247,0.1347,-2201.0,10797.0,7.0,0.5023,11.0,0.0,8596.0,-9.41,-8.24,-8.64,-8.76,Financials,1976358.03,36.03,3.99,2.21,21025.0,1067.0,11.0,Life Insurance,0,73.80952380952381,9.523809523809524,100.0,95.0,100.0,86.36363636363636,35.714285714285715,100.0,,
570,ICICIPRULI,Mar 2021,1.15,-390.0,10.5,0.1317,50.0731,0.3829,2230.0,5084.0,7.0,0.6343,30.0,1200.0,7314.0,31.88,-10.34,-10.22,3.77,Financials,1848771.31,34.52,5.19,2.44,83182.0,956.0,30.0,Life Insurance,0,90.47619047619048,88.09523809523809,7.142857142857142,35.0,9.090909090909092,90.9090909090909,92.85714285714286,82.35294117647058,,
571,ICICIPRULI,Mar 2022,1.19,-2163.0,8.290000000000001,0.131,20.597,0.26,1015.0,816.0,5.0,0.6373,10.0,1200.0,1831.0,10.94,-14.71,-16.06,-6.61,Financials,1702653.91,71.57,4.53,3.42,63564.0,759.0,10.0,Life Insurance,0,95.23809523809523,85.71428571428571,66.66666666666666,47.5,81.81818181818183,100.0,90.47619047619048,94.11764705882352,,
572,ICICIPRULI,Mar 2023,1.61,-1757.0,8.06,0.1189,17.8571,0.1973,-1056.0,1145.0,6.0,0.7012,11.0,1200.0,89.0,5.39,-12.87,-11.42,-6.3,Financials,1603509.84,52.59,3.98,4.42,50478.0,813.0,11.0,Life Insurance,0,97.61904761904762,78.57142857142857,83.33333333333334,80.0,90.9090909090909,95.45454545454545,88.09523809523809,97.05882352941177,,
573,ICICIPRULI,Mar 2024,0.9400000000000001,-1829.0,7.73,0.109,31.0215,0.302,105.0,7420.0,6.0,0.7637,10.0,1200.0,-7315.0,16.85,-5.66,-5.59,1.87,Financials,1596987.55,20.83,12.38,0.35,90307.0,851.0,10.0,Life Insurance,0,100.0,90.47619047619048,35.714285714285715,65.0,59.09090909090909,77.27272727272727,85.71428571428571,88.23529411764706,,
574,INDUSINDBK,Mar 2013,15.19,286.0,13.91,8.3324,1.4314,0.0953,-660.0,174.0,20.0,1.4589,15.0,63576.0,-486.0,,,,,Financials,,,,,6983.0,1061.0,15.0,Private Banks,0,51.66666666666667,80.0,3.3333333333333335,45.0,,,73.33333333333333,45.0,,
575,INDUSINDBK,Mar 2014,17.06,335.0,15.57,8.3229,1.3533,0.0948,-4280.0,174.0,27.0,1.7192,13.0,75264.0,-4106.0,,,,,Financials,,,,,8254.0,1408.0,13.0,Private Banks,0,25.0,76.66666666666667,5.0,56.666666666666664,,,71.66666666666667,55.00000000000001,,
576,INDUSINDBK,Mar 2015,18.51,288.0,16.85,8.9019,1.2308,0.0867,-1697.0,276.0,34.0,2.0121,12.0,94752.0,-1421.0,,,,,Financials,,,,,9692.0,1794.0,12.0,Private Banks,0,11.666666666666666,71.66666666666667,15.0,50.0,,,85.0,86.66666666666667,,
577,INDUSINDBK,Mar 2016,19.26,329.0,12.92,6.6679,1.2712,0.0831,-3185.0,258.0,38.0,2.9741,12.0,117996.0,-2927.0,,,,,Financials,,,,,11872.0,2286.0,12.0,Private Banks,0,62.5,65.0,21.666666666666668,55.00000000000001,,,25.0,75.0,,
578,INDUSINDBK,Mar 2017,19.91,379.0,13.89,7.2182,1.3635,0.0806,11284.0,285.0,48.0,3.4525,13.0,149026.0,11569.0,,,,,Financials,,,,,14406.0,2868.0,13.0,Private Banks,0,53.333333333333336,60.0,30.0,31.666666666666664,,,51.66666666666667,53.333333333333336,,
579,INDUSINDBK,Mar 2018,20.87,942.0,15.13,7.9664,1.3811,0.078,-20917.0,217.0,60.0,3.9735,12.0,189928.0,-20700.0,19.87,27.72,24.57,24.05,Financials,,,,,17281.0,3606.0,12.0,Private Banks,0,36.666666666666664,46.666666666666664,40.0,83.33333333333334,17.142857142857142,17.142857142857142,61.66666666666667,51.66666666666667,20.53,3.5199999999999996
580,INDUSINDBK,Mar 2019,14.83,-437.0,12.37,9.0755,1.6435,0.0801,-7022.0,633.0,55.0,4.4255,14.0,242189.0,-6389.0,21.95,18.58,15.29,18.61,Financials,1305732.17,68.96,5.36,3.85,22261.0,3301.0,14.0,Private Banks,0,73.33333333333333,83.33333333333334,31.666666666666664,63.33333333333333,7.142857142857142,65.71428571428571,90.0,40.0,19.47,-0.8599999999999994
581,INDUSINDBK,Mar 2020,15.35,-553.0,12.73,7.5718,1.814,0.0937,-11513.0,526.0,64.0,5.001,0.0,262793.0,-12039.0,24.32,19.75,13.49,19.19,Financials,1287117.57,60.27,1.94,0.5,28783.0,4418.0,0.0,Private Banks,0,66.66666666666666,78.33333333333333,6.666666666666667,70.0,2.857142857142857,57.14285714285714,58.333333333333336,28.333333333333332,19.6,-0.41000000000000014
582,INDUSINDBK,Mar 2021,9.78,-2469.0,6.54,7.0916,2.4376,0.0799,44420.0,226.0,37.0,5.61,14.0,307528.0,44646.0,19.56,4.41,-0.53,7.81,Financials,1682555.96,49.44,2.2,1.82,29000.0,2836.0,14.0,Private Banks,0,91.66666666666666,91.66666666666666,33.33333333333333,5.0,22.857142857142858,80.0,40.0,5.0,17.86,-10.05
583,INDUSINDBK,Mar 2022,14.96,-839.0,9.67,7.1493,2.1594,0.0767,16249.0,351.0,60.0,6.1546,14.0,341005.0,16600.0,16.43,9.96,4.56,10.32,Financials,1839916.06,71.98,0.61,2.12,30822.0,4611.0,14.0,Private Banks,0,83.33333333333334,81.66666666666667,45.0,25.0,37.142857142857146,77.14285714285715,46.666666666666664,8.333333333333332,17.1,-6.780000000000001
584,INDUSINDBK,Mar 2023,20.32,2067.0,13.53,7.0567,1.9019,0.0794,-12879.0,441.0,95.0,7.0389,15.0,385449.0,-12438.0,16.05,15.43,9.63,13.7,Financials,2045876.29,51.73,8.29,1.07,36368.0,7390.0,15.0,Private Banks,0,55.00000000000001,53.333333333333336,36.666666666666664,73.33333333333333,40.0,71.42857142857143,38.333333333333336,16.666666666666664,17.59,-3.8900000000000006
585,INDUSINDBK,Mar 2024,19.56,2978.0,14.25,6.8857,1.8795,0.0888,-17468.0,625.0,115.0,8.0716,14.0,432404.0,-16843.0,15.5,22.08,15.9,17.83,Financials,1807433.12,8.99,3.7,1.42,45748.0,8950.0,14.0,Private Banks,0,46.666666666666664,61.66666666666667,11.666666666666666,80.0,42.857142857142854,34.285714285714285,31.666666666666664,18.333333333333332,20.41,-2.580000000000002
586,INFY,Mar 2013,23.37,29.0,24.82,0.0,2780.6,0.872,4451.0,2922.0,21.0,13.2846,25.0,0.0,7373.0,,,,,Information Technology,,,,,40352.0,9429.0,25.0,IT Services,0,57.6271186440678,3.389830508474576,91.52542372881356,57.6271186440678,,,9.322033898305085,1.8181818181818181,,
587,INFY,Mar 2014,21.26,27.0,23.93,0.0,1783.7778,0.8801,7262.0,2563.0,23.0,15.5699,34.0,0.0,9825.0,,,,,Information Technology,,,,,50133.0,10656.0,34.0,IT Services,0,67.79661016949152,16.94915254237288,88.13559322033898,40.67796610169492,,,9.322033898305085,3.6363636363636362,,
588,INFY,Mar 2015,23.2,28.0,24.39,0.0,1526.0833,0.8043,9352.0,999.0,27.0,8.8699,55.0,0.0,8353.0,,,,,Information Technology,,,,,53319.0,12372.0,55.0,IT Services,0,62.71186440677966,5.084745762711865,98.30508474576271,35.59322033898305,,,9.322033898305085,5.454545454545454,,
589,INFY,Mar 2016,21.6,27.0,21.85,0.0,,0.8315,9143.0,885.0,29.0,5.3972,41.0,0.0,10028.0,,,,,Information Technology,,,,,62441.0,13489.0,41.0,IT Services,0,76.27118644067797,13.559322033898304,94.91525423728814,37.28813559322034,,,9.322033898305085,,,
590,INFY,Mar 2017,20.96,27.0,20.81,0.0,,0.8236,-3133.0,14664.0,31.0,6.0299,41.0,0.0,11531.0,,,,,Information Technology,,,,,68484.0,14353.0,41.0,IT Services,0,86.4406779661017,22.033898305084744,96.61016949152543,100.0,,,9.322033898305085,,,
591,INFY,Mar 2018,22.73,27.0,24.69,0.0,,0.8888,17751.0,4533.0,37.0,5.9672,59.0,0.0,13218.0,11.81,11.2,11.99,11.67,Information Technology,,,,,70522.0,16029.0,59.0,IT Services,0,59.32203389830508,6.779661016949152,86.4406779661017,18.64406779661017,65.71428571428571,40.0,9.322033898305085,,13.51,-1.8399999999999999
592,INFY,Mar 2019,18.64,24.0,23.73,0.0,,0.9835,14209.0,632.0,35.0,2.993,60.0,0.0,14841.0,10.52,7.66,8.76,8.98,Information Technology,473902.69,32.63,10.31,2.63,82675.0,15410.0,60.0,IT Services,0,69.49152542372882,40.67796610169492,79.66101694915254,30.508474576271187,77.14285714285715,80.0,9.322033898305085,,11.34,-2.3599999999999994
593,INFY,Mar 2020,18.33,25.0,25.42,0.0708,147.4706,0.989,16672.0,331.0,39.0,3.0844,45.0,4633.0,17003.0,11.23,6.11,7.63,8.32,Information Technology,468232.33,26.14,13.59,2.22,90791.0,16639.0,45.0,IT Services,0,55.932203389830505,42.3728813559322,76.27118644067797,23.728813559322035,71.42857142857143,91.42857142857143,47.45762711864407,30.909090909090907,10.59,-2.2699999999999996
594,INFY,Mar 2021,19.33,28.0,25.44,0.0697,154.3077,0.9345,15851.0,7373.0,45.0,3.5947,59.0,5325.0,23224.0,9.98,7.56,9.18,8.91,Information Technology,624026.61,31.65,1.88,3.87,100472.0,19423.0,59.0,IT Services,0,54.23728813559322,33.89830508474576,84.7457627118644,25.423728813559322,88.57142857142857,82.85714285714286,45.76271186440678,29.09090909090909,7.29,1.62
595,INFY,Mar 2022,18.21,26.0,29.39,0.0726,168.93,1.0421,17400.0,6485.0,53.0,3.5915,59.0,5474.0,23885.0,12.18,9.06,11.32,10.85,Information Technology,800850.39,36.33,9.93,1.85,121641.0,22146.0,59.0,IT Services,0,42.3728813559322,44.06779661016949,64.40677966101694,22.033898305084744,62.857142857142854,60.0,49.152542372881356,27.27272727272727,9.15,1.6999999999999993
596,INFY,Mar 2023,16.43,24.0,31.97,0.1101,133.2077,1.1779,21396.0,1071.0,58.0,3.6446,73.0,8299.0,22467.0,15.79,8.51,9.41,11.24,Information Technology,871427.0,71.12,11.97,0.56,146767.0,24108.0,73.0,IT Services,0,28.8135593220339,52.54237288135594,40.67796610169492,13.559322033898304,22.857142857142858,68.57142857142857,86.4406779661017,32.72727272727273,11.53,-0.28999999999999915
597,INFY,Mar 2024,17.08,24.0,29.79,0.0949,87.5234,1.1298,20117.0,5093.0,63.0,4.2548,,8359.0,25210.0,13.2,11.24,12.47,12.3,Information Technology,1112279.92,35.99,8.97,4.1,153670.0,26248.0,,IT Services,0,40.67796610169492,49.152542372881356,54.23728813559322,15.254237288135593,45.714285714285715,34.285714285714285,67.79661016949152,41.81818181818181,8.98,3.3200000000000003
598,IOC,Mar 2013,0.79,3.0,5.75,1.4225,2.4232,1.9091,46.0,9294.0,3.0,2.5963,36.0,89671.0,9340.0,,,,,Energy,,,,,461780.0,3627.0,36.0,Oil & Gas,0,93.33333333333333,96.66666666666667,16.666666666666664,74.16666666666667,,,95.0,98.33333333333333,,
599,IOC,Mar 2014,1.43,4.0,10.26,1.3976,3.7468,1.8362,5601.0,18594.0,5.0,2.7971,30.0,94916.0,24195.0,,,,,Energy,,,,,488345.0,6967.0,30.0,Oil & Gas,0,70.0,88.33333333333333,25.0,40.0,,,93.33333333333333,93.33333333333333,,
600,IOC,Mar 2015,1.08,2.0,7.08,0.9428,3.9122,1.9219,35877.0,10215.0,3.0,2.8349,33.0,64893.0,46092.0,,,,,Energy,,,,,449507.0,4872.0,33.0,Oil & Gas,0,90.0,93.33333333333333,15.0,8.333333333333332,,,73.33333333333333,91.66666666666666,,
601,IOC,Mar 2016,3.59,6.0,13.8,0.6507,7.8167,1.4934,12014.0,13610.0,8.0,3.7966,28.0,58552.0,25624.0,,,,,Energy,,,,,346045.0,12413.0,28.0,Oil & Gas,0,45.0,76.66666666666667,30.0,23.333333333333332,,,53.333333333333336,75.0,,
602,IOC,Mar 2017,5.74,10.0,19.97,0.6197,10.2872,1.2983,10532.0,17684.0,14.0,2.1544,45.0,63271.0,28216.0,,,,,Energy,,,,,355379.0,20385.0,45.0,Oil & Gas,0,18.333333333333332,55.00000000000001,40.0,28.333333333333332,,,48.333333333333336,55.00000000000001,,
603,IOC,Mar 2018,5.37,10.0,19.87,0.5765,11.8681,1.4246,11996.0,17119.0,15.0,1.2013,90.0,65650.0,29115.0,-1.81,44.22,37.97,26.79,Energy,,,,,421492.0,22626.0,90.0,Oil & Gas,0,20.0,58.333333333333336,36.666666666666664,25.0,100.0,2.941176470588235,41.66666666666667,45.0,7.92,18.869999999999997
604,IOC,Mar 2019,3.27,7.0,15.36,0.8604,7.9917,1.5749,-9822.0,22569.0,12.0,1.225,49.0,96765.0,12747.0,1.58,19.91,19.14,13.54,Energy,1122574.59,15.28,13.46,2.98,528158.0,17274.0,49.0,Oil & Gas,0,36.666666666666664,80.0,28.333333333333332,86.66666666666667,82.85714285714286,23.52941176470588,71.66666666666667,71.66666666666667,10.08,3.459999999999999
605,IOC,Mar 2020,-0.39,3.0,-1.97,1.3605,1.5345,1.4661,-21955.0,29101.0,-1.0,1.0391,-437.0,129790.0,7146.0,1.48,,,0.49,Energy,1296710.19,47.71,1.36,1.72,483763.0,-1876.0,-437.0,Oil & Gas,0,100.0,100.0,31.666666666666664,93.33333333333333,85.71428571428571,,91.66666666666666,100.0,10.69,-10.2
606,IOC,Mar 2021,5.98,11.0,19.46,1.043,15.2148,1.0248,26715.0,22935.0,15.0,1.2181,51.0,116649.0,49650.0,1.01,11.88,13.4,8.76,Energy,1309862.08,50.51,10.81,3.46,363950.0,21762.0,51.0,Oil & Gas,0,21.666666666666668,53.333333333333336,48.333333333333336,10.0,91.42857142857143,47.05882352941176,80.0,30.0,11.98,-3.2200000000000006
607,IOC,Mar 2022,4.37,8.0,19.27,0.9887,9.5508,1.4343,4453.0,21294.0,18.0,1.4545,46.0,132020.0,25747.0,10.65,4.76,5.15,6.85,Energy,1605938.54,79.84,7.17,3.59,589321.0,25727.0,46.0,Oil & Gas,0,25.0,68.33333333333333,33.33333333333333,43.333333333333336,45.714285714285715,73.52941176470588,75.0,65.0,17.08,-10.229999999999999
608,IOC,Mar 2023,1.39,4.0,8.38,1.0662,4.7189,1.9044,1614.0,28030.0,7.0,1.0145,42.0,148977.0,29644.0,14.84,-12.35,-14.14,-3.88,Energy,1666992.08,77.78,0.97,2.19,841756.0,11704.0,42.0,Oil & Gas,0,86.66666666666667,90.0,18.333333333333332,66.66666666666666,22.857142857142858,97.05882352941177,81.66666666666667,86.66666666666667,15.22,-19.1
609,IOC,Mar 2024,5.56,10.0,23.53,0.7231,10.2823,1.6084,39635.0,31464.0,30.0,1.3318,40.0,132628.0,71099.0,8.01,20.1,20.11,16.07,Energy,1418164.33,28.61,4.24,1.25,776352.0,43161.0,40.0,Oil & Gas,0,10.0,56.666666666666664,26.666666666666668,5.0,57.14285714285714,20.588235294117645,58.333333333333336,56.666666666666664,12.08,3.99
610,IRCTC,Mar 2015,12.37,14.0,29.5,0.0,,0.9114,23.0,46.0,13.0,2.22,20.0,0.0,69.0,,,,,Consumer Discretionary,,,,,1059.0,131.0,20.0,Railway Services,1,60.0,100.0,20.0,90.0,,,35.0,,,
611,IRCTC,Mar 2016,13.83,14.0,34.87,0.0,,0.9513,295.0,7.0,19.0,2.71,40.0,0.0,288.0,,,,,Consumer Discretionary,,,,,1367.0,189.0,40.0,Railway Services,1,40.0,90.0,10.0,50.0,,,35.0,,,
612,IRCTC,Mar 2017,15.07,21.0,29.1,0.0,127.0,0.8324,432.0,94.0,11.0,1.9675,49.0,0.0,338.0,,,,,Consumer Discretionary,,,,,1520.0,229.0,49.0,Railway Services,1,70.0,80.0,30.0,30.0,,,35.0,25.0,,
613,IRCTC,Mar 2018,15.08,19.0,23.14,0.0,124.3333,0.6322,64.0,40.0,11.0,2.3875,21.0,0.0,24.0,,,,,Consumer Discretionary,,,,,1466.0,221.0,21.0,Railway Services,1,90.0,70.0,80.0,80.0,,,35.0,37.5,,
614,IRCTC,Mar 2019,16.52,20.0,28.85,0.0,254.5,0.7209,146.0,353.0,4.0,0.6694,98.0,0.0,499.0,,,,,Consumer Discretionary,1245806.34,64.3,1.79,1.38,1870.0,309.0,98.0,Railway Services,1,80.0,60.0,40.0,70.0,,,35.0,12.5,,
615,IRCTC,Mar 2020,22.66,31.0,39.04,0.0,78.0,0.6985,417.0,8.0,6.0,0.8213,39.0,0.0,409.0,16.41,31.39,-14.33,11.16,Consumer Discretionary,1081327.44,36.42,8.58,2.19,2264.0,513.0,39.0,Railway Services,1,20.0,50.0,60.0,40.0,60.0,40.0,35.0,87.5,11.16,0.0
616,IRCTC,Mar 2021,24.07,24.0,12.84,0.0543,39.0,0.2464,-205.0,453.0,2.0,0.91,43.0,79.0,248.0,-10.68,-0.21,-36.25,-15.71,Consumer Discretionary,1100112.67,54.75,10.26,3.94,777.0,187.0,43.0,Railway Services,1,100.0,40.0,100.0,100.0,100.0,100.0,90.0,100.0,-15.71,0.0
617,IRCTC,Mar 2022,35.13,47.0,35.29,0.0561,86.0,0.4838,282.0,242.0,8.0,1.1687,42.0,105.0,524.0,4.33,23.58,-6.17,7.25,Consumer Discretionary,1322589.51,12.08,2.09,1.05,1879.0,660.0,42.0,Railway Services,1,30.0,10.0,90.0,60.0,80.0,80.0,100.0,62.5,7.25,0.0
618,IRCTC,Mar 2023,28.41,36.0,40.6,0.0339,89.0,0.6958,495.0,317.0,13.0,1.5488,44.0,84.0,812.0,19.29,35.41,3.4,19.37,Consumer Discretionary,1359334.39,22.05,11.74,2.02,3541.0,1006.0,44.0,Railway Services,1,10.0,20.0,70.0,20.0,20.0,20.0,80.0,50.0,19.37,0.0
619,IRCTC,Mar 2024,26.02,34.0,34.4,0.0186,82.7368,0.701,667.0,215.0,14.0,2.0187,47.0,60.0,882.0,17.96,29.17,28.47,25.2,Consumer Discretionary,1258520.29,60.44,5.74,1.08,4270.0,1111.0,47.0,Railway Services,1,50.0,30.0,50.0,10.0,40.0,60.0,70.0,75.0,25.2,0.0
620,IRFC,Mar 2016,11.31,99.0,7.37,7.5925,1.3533,0.0693,-16376.0,2.0,188.0,0.2546,40.0,87503.0,-16378.0,,,,,Financials,,,,,7507.0,849.0,40.0,Railway Finance,1,100.0,88.88888888888889,22.22222222222222,22.22222222222222,,,22.22222222222222,66.66666666666666,,
621,IRFC,Mar 2017,10.32,100.0,7.779999999999999,8.8596,1.3097,0.0698,-19453.0,2.0,143.0,0.184,40.0,106395.0,-19455.0,,,,,Financials,,,,,9047.0,934.0,40.0,Railway Finance,1,88.88888888888889,100.0,11.11111111111111,33.33333333333333,,,55.55555555555556,100.0,,
622,IRFC,Mar 2018,22.18,100.0,14.75,9.6213,1.3905,0.0574,-28074.0,2.0,3.0,0.2134,18.0,134006.0,-28076.0,10.8,31.53,-57.72,-5.13,Financials,,,,,9267.0,2055.0,18.0,Railway Finance,1,22.22222222222222,66.66666666666666,33.33333333333333,44.44444444444444,100.0,57.14285714285714,100.0,33.33333333333333,-5.13,0.0
623,IRFC,Mar 2019,20.25,100.0,9.01,6.9495,1.3546,0.0539,-41747.0,1.0,2.0,0.2668,18.0,173933.0,-41748.0,12.43,26.32,-60.54,-7.26,Financials,1262848.07,24.73,1.86,0.55,11134.0,2255.0,18.0,Railway Finance,1,77.77777777777779,77.77777777777779,55.55555555555556,66.66666666666666,85.71428571428571,71.42857142857143,11.11111111111111,44.44444444444444,-7.26,0.0
624,IRFC,Mar 2020,23.78,100.0,10.54,7.7355,1.3141,0.0487,-62700.0,1.0,3.0,0.255,0.0,234377.0,-62701.0,14.1,33.31,-57.33,-3.31,Financials,1180569.92,37.81,13.6,4.37,13421.0,3192.0,0.0,Railway Finance,1,66.66666666666666,55.55555555555556,66.66666666666666,77.77777777777779,71.42857142857143,42.857142857142854,33.33333333333333,88.88888888888889,-3.31,0.0
625,IRFC,Mar 2021,28.0,99.0,12.3,8.9977,1.3933,0.0415,-89907.0,0.0,3.0,0.2748,31.0,323145.0,-89907.0,16.01,39.07,-56.29,-0.4,Financials,1481705.69,74.92,11.42,1.97,15771.0,4416.0,31.0,Railway Finance,1,55.55555555555556,22.22222222222222,100.0,100.0,57.14285714285714,28.57142857142857,66.66666666666666,22.22222222222222,-0.4,0.0
626,IRFC,Mar 2022,30.0,99.0,14.85,9.4748,1.4337,0.0451,-64417.0,5.0,5.0,0.3137,30.0,388440.0,-64412.0,17.54,45.5,-48.86,4.73,Financials,1637618.34,35.23,1.11,2.58,20299.0,6090.0,30.0,Railway Finance,1,11.11111111111111,11.11111111111111,88.88888888888889,88.88888888888889,42.857142857142854,14.285714285714285,88.88888888888889,11.11111111111111,4.73,0.0
627,IRFC,Mar 2023,26.0,99.0,13.8,9.3761,1.3543,0.0484,-28588.0,0.0,5.0,0.3419,32.0,418935.0,-28588.0,20.68,24.58,10.76,18.67,Financials,2059203.5,52.73,4.09,0.49,23722.0,6167.0,32.0,Railway Finance,1,33.33333333333333,33.33333333333333,77.77777777777779,55.55555555555556,14.285714285714285,85.71428571428571,77.77777777777779,55.55555555555556,18.67,0.0
628,IRFC,Mar 2024,24.06,100.0,13.04,8.3784,1.3195,0.0549,7906.0,8.0,5.0,0.3763,31.0,412039.0,7914.0,19.07,23.25,20.11,20.81,Financials,2618348.58,9.81,3.91,2.82,26645.0,6412.0,31.0,Railway Finance,1,44.44444444444444,44.44444444444444,44.44444444444444,11.11111111111111,28.57142857142857,100.0,44.44444444444444,77.77777777777779,20.81,0.0
629,ITC,Mar 2013,24.37,35.0,33.27,0.0044,111.787,0.895,3221.0,3881.0,6.0,2.9314,55.0,102.0,7102.0,,,,,Consumer Staples,,,,,31618.0,7704.0,55.0,FMCG,0,34.523809523809526,13.095238095238097,50.0,28.57142857142857,,,13.690476190476192,25.0,,
630,ITC,Mar 2014,25.49,37.0,33.05,0.0089,484.3448,0.8643,4090.0,3254.0,7.0,3.426,54.0,242.0,7344.0,,,,,Consumer Staples,,,,,35306.0,9001.0,54.0,FMCG,0,35.714285714285715,9.523809523809524,55.952380952380956,21.428571428571427,,,21.428571428571427,1.1904761904761905,,
631,ITC,Mar 2015,25.19,37.0,30.81,0.0085,170.1209,0.8447,4568.0,5275.0,8.0,3.9571,52.0,269.0,9843.0,,,,,Consumer Staples,,,,,38817.0,9779.0,52.0,FMCG,0,41.66666666666667,10.714285714285714,58.333333333333336,20.238095238095237,,,19.047619047619047,21.428571428571427,,
632,ITC,Mar 2016,24.24,37.0,22.26,0.002,205.3077,0.7588,5878.0,3921.0,8.0,5.3019,73.0,84.0,9799.0,,,,,Consumer Staples,,,,,39192.0,9501.0,73.0,FMCG,0,61.904761904761905,14.285714285714285,77.38095238095238,16.666666666666664,,,8.333333333333332,19.047619047619047,,
633,ITC,Mar 2017,24.5,36.0,22.57,0.001,351.6122,0.7651,7376.0,3251.0,8.0,3.82,56.0,46.0,10627.0,,,,,Consumer Staples,,,,,42768.0,10477.0,56.0,FMCG,0,60.71428571428571,11.904761904761903,73.80952380952381,11.904761904761903,,,7.142857142857142,7.142857142857142,,
634,ITC,Mar 2018,26.45,38.0,21.89,0.0007,163.1391,0.6763,6055.0,7114.0,9.0,4.3041,56.0,36.0,13169.0,6.56,8.33,8.45,7.78,Consumer Staples,,,,,43449.0,11493.0,56.0,FMCG,0,66.66666666666666,7.142857142857142,85.71428571428571,15.476190476190476,57.14285714285714,70.2127659574468,5.952380952380952,22.61904761904762,5.98,1.7999999999999998
635,ITC,Mar 2019,26.55,38.0,21.7,0.0002,290.3803,0.6738,7037.0,5546.0,10.0,4.8239,56.0,13.0,12583.0,6.49,7.36,7.39,7.08,Consumer Staples,215793.67,69.58,1.15,2.84,48340.0,12836.0,56.0,FMCG,0,68.45238095238095,5.952380952380952,86.90476190476191,14.285714285714285,59.183673469387756,76.59574468085107,4.761904761904762,9.523809523809524,8.08,-1.0
636,ITC,Mar 2020,31.57,39.0,23.89,0.0042,268.6543,0.6388,8516.0,6174.0,12.0,5.3111,82.0,277.0,14690.0,4.93,9.78,8.45,7.72,Consumer Staples,281943.95,72.45,1.41,3.51,49388.0,15593.0,82.0,FMCG,0,57.14285714285714,1.1904761904761905,94.04761904761905,8.333333333333332,75.51020408163265,59.57446808510638,11.904761904761903,13.095238095238097,7.57,0.14999999999999947
637,ITC,Mar 2021,27.17,35.0,22.18,0.0045,338.6552,0.6678,18267.0,5740.0,11.0,4.9023,101.0,271.0,12527.0,4.68,7.09,6.58,6.12,Consumer Staples,366869.92,73.65,6.34,1.91,49257.0,13383.0,101.0,FMCG,0,63.095238095238095,4.761904761904762,89.28571428571429,2.380952380952381,79.59183673469387,78.72340425531915,15.476190476190476,8.333333333333332,11.41,-5.29
638,ITC,Mar 2022,25.56,34.0,24.82,0.004,375.55,0.7856,13538.0,2238.0,12.0,5.0694,93.0,249.0,15776.0,7.23,8.15,8.45,7.94,Consumer Staples,390285.11,33.63,11.99,3.1,60645.0,15503.0,93.0,FMCG,0,54.761904761904766,8.333333333333332,67.85714285714286,3.571428571428571,55.10204081632652,72.3404255319149,9.523809523809524,3.571428571428571,12.28,-4.339999999999999
639,ITC,Mar 2023,27.46,36.0,28.16,0.0044,356.4359,0.8263,13146.0,5732.0,15.0,5.5636,100.0,306.0,18878.0,10.3,11.13,10.76,10.73,Consumer Staples,376827.06,55.53,3.36,0.78,70919.0,19477.0,100.0,FMCG,0,46.42857142857143,3.571428571428571,64.28571428571429,4.761904761904762,22.448979591836736,51.06382978723404,13.690476190476192,5.952380952380952,12.6,-1.8699999999999992
640,ITC,Mar 2024,29.28,37.0,27.85,0.0041,362.9625,0.7723,18742.0,1563.0,16.0,5.9701,84.0,303.0,17179.0,7.95,10.08,9.86,9.3,Consumer Staples,332245.58,47.85,3.24,4.26,70866.0,20751.0,84.0,FMCG,0,47.61904761904761,2.380952380952381,71.42857142857143,1.1904761904761905,46.93877551020408,57.446808510638306,10.714285714285714,4.761904761904762,10.04,-0.7399999999999984
641,JINDALSTEL,Mar 2013,14.9,31.0,13.89,1.1584,6.0347,0.347,-6069.0,9591.0,31.0,22.8516,5.0,24618.0,3522.0,,,,,Materials,,,,,19807.0,2952.0,5.0,Steel,0,20.833333333333336,4.166666666666666,91.66666666666666,91.66666666666666,,,35.41666666666667,33.33333333333333,,
642,JINDALSTEL,Mar 2014,9.83,30.0,8.39,1.6085,3.4023,0.2799,-8114.0,12694.0,21.0,24.8462,7.0,36368.0,4580.0,,,,,Materials,,,,,19286.0,1896.0,7.0,Steel,0,50.0,18.75,93.75,97.91666666666666,,,70.83333333333334,56.25,,
643,JINDALSTEL,Mar 2015,-7.48,28.0,-6.9,2.1624,1.4139,0.2568,-5535.0,6717.0,-14.0,23.1231,0.0,45501.0,1182.0,,,,,Materials,,,,,19401.0,-1452.0,0.0,Steel,0,87.5,95.83333333333334,95.83333333333334,89.58333333333334,,,93.75,87.5,,
644,JINDALSTEL,Mar 2016,-15.86,18.0,-9.520000000000001,1.4427,1.032,0.2107,2071.0,2262.0,-32.0,35.644,0.0,46797.0,4333.0,,,,,Materials,,,,,19469.0,-3087.0,0.0,Steel,0,93.75,100.0,100.0,64.58333333333334,,,58.333333333333336,95.83333333333334,,
645,JINDALSTEL,Mar 2017,-11.75,22.0,-8.450000000000001,1.5257,1.2633,0.2385,4852.0,1998.0,-25.0,32.6641,0.0,45850.0,6850.0,,,,,Materials,,,,,21603.0,-2538.0,0.0,Steel,0,91.66666666666666,97.91666666666666,97.91666666666666,45.83333333333333,,,64.58333333333334,91.66666666666666,,
646,JINDALSTEL,Mar 2018,-4.850000000000001,19.0,-5.319999999999999,1.4139,1.5222,0.373,6293.0,1431.0,-15.0,31.3247,0.0,42962.0,7724.0,10.94,,,3.65,Materials,,,,,33286.0,-1616.0,0.0,Steel,0,83.33333333333334,89.58333333333334,89.58333333333334,37.5,50.0,,56.25,85.41666666666666,-0.59,4.24
647,JINDALSTEL,Mar 2019,-5.140000000000001,18.0,-7.52,1.2329,1.628,0.5277,8195.0,832.0,-17.0,33.0773,0.0,39559.0,9027.0,19.48,,,6.49,Materials,399948.98,29.77,10.36,2.48,46966.0,-2412.0,0.0,Steel,0,89.58333333333334,91.66666666666666,81.25,29.166666666666668,7.142857142857142,,43.75,83.33333333333334,15.26,-8.77
648,JINDALSTEL,Mar 2020,-1.05,18.0,-1.24,1.1458,1.8325,0.4226,7338.0,1476.0,-1.0,31.5069,0.0,36824.0,8814.0,14.34,,,4.78,Materials,417203.18,39.16,8.97,4.45,37923.0,-400.0,0.0,Steel,0,77.08333333333334,79.16666666666666,87.5,33.33333333333333,28.57142857142857,,33.33333333333333,81.25,0.01,4.7700000000000005
649,JINDALSTEL,Mar 2021,12.34,32.0,13.41,0.9401,4.085,0.4442,10077.0,1884.0,36.0,31.1912,0.0,29910.0,11961.0,12.17,,,4.06,Materials,375828.8,35.51,9.13,1.81,34579.0,4267.0,0.0,Steel,0,23.958333333333336,12.5,85.41666666666666,18.75,46.42857142857143,,20.833333333333336,43.75,2.97,1.0899999999999994
650,JINDALSTEL,Mar 2022,13.22,30.0,18.99,0.379,7.2431,0.6676,13717.0,2331.0,56.0,35.2723,5.0,13502.0,16048.0,18.82,,,6.27,Materials,349306.1,47.36,3.25,4.38,51166.0,6766.0,5.0,Steel,0,12.5,10.416666666666668,50.0,8.333333333333332,10.714285714285714,,6.25,29.166666666666668,5.6,0.6699999999999999
651,JINDALSTEL,Mar 2023,7.470000000000001,19.0,10.27,0.3371,6.5028,0.7664,3257.0,4090.0,31.0,38.706,6.0,13046.0,7347.0,9.84,,,3.28,Materials,421683.82,73.96,8.84,2.46,53212.0,3974.0,6.0,Steel,0,39.58333333333333,25.0,31.25,52.083333333333336,60.71428571428571,,2.083333333333333,31.25,-3.4,6.68
652,JINDALSTEL,Mar 2024,11.8,20.0,13.41,0.3717,8.0046,0.64,-2336.0,8344.0,58.0,44.316,3.0,16472.0,6008.0,1.4,,,0.47,Materials,396587.97,77.64,5.73,1.9,50354.0,5943.0,3.0,Steel,0,23.958333333333336,14.583333333333334,62.5,79.16666666666666,89.28571428571429,,4.166666666666666,27.083333333333332,2.59,-2.12
653,JIOFIN,Mar 2023,68.89,88.0,0.03,0.0065,,0.0004,945.0,1110.0,,5706.0,0.0,743.0,2055.0,,,,,Financials,1137314.0,65.98,7.88,4.29,45.0,31.0,0.0,Consumer Finance,0,100.0,5.555555555555555,100.0,2.7777777777777777,,,5.555555555555555,,32.31,
654,JIOFIN,Mar 2024,86.52,84.0,1.15,0.0,198.8,0.0128,763.0,1441.0,3.0,2.1903,0.0,0.0,-678.0,,,,,Financials,1401774.99,34.24,9.91,3.09,1855.0,1605.0,0.0,Consumer Finance,0,97.22222222222221,2.7777777777777777,97.22222222222221,5.555555555555555,,,2.7777777777777777,34.375,27.08,
655,JSWENERGY,Mar 2013,10.16,32.0,14.52,1.6726,2.918,0.4353,781.0,944.0,6.0,0.3783,36.0,10377.0,1725.0,,,,,Energy,,,,,8870.0,901.0,36.0,Power & Utilities,0,22.5,60.0,11.25,62.5,,,50.0,58.75,,
656,JSWENERGY,Mar 2014,8.790000000000001,38.0,11.57,1.538,2.5506,0.4494,1906.0,363.0,5.0,0.4007,43.0,10106.0,2269.0,,,,,Energy,,,,,8648.0,760.0,43.0,Power & Utilities,0,45.0,65.0,7.5,53.75,,,42.5,63.74999999999999,,
657,JSWENERGY,Mar 2015,14.53,39.0,18.06,1.2362,3.3597,0.4813,2972.0,422.0,8.0,0.4584,24.0,9294.0,3394.0,,,,,Energy,,,,,9347.0,1358.0,24.0,Power & Utilities,0,8.75,42.5,5.0,42.5,,,28.749999999999996,52.5,,
658,JSWENERGY,Mar 2016,14.86,41.0,15.05,1.5315,2.9166,0.3442,266.0,3272.0,9.0,0.5964,22.0,14862.0,3538.0,,,,,Energy,,,,,9824.0,1460.0,22.0,Power & Utilities,0,20.0,38.75,27.500000000000004,66.25,,,41.25,60.0,,
659,JSWENERGY,Mar 2017,7.539999999999999,40.0,6.01,1.3838,2.1039,0.2911,3091.0,762.0,4.0,0.6369,13.0,14349.0,3853.0,,,,,Energy,,,,,8263.0,623.0,13.0,Power & Utilities,0,77.5,67.5,48.75,41.25,,,33.75,71.25,,
660,JSWENERGY,Mar 2018,1.06,34.0,0.77,1.0696,1.8956,0.3012,3719.0,215.0,0.0,0.6774,0.0,11883.0,3934.0,-1.92,-37.64,,-13.19,Energy,,,,,8049.0,85.0,0.0,Power & Utilities,0,85.0,83.75,46.25,32.5,88.88888888888889,100.0,25.0,81.25,-0.87,-12.32
661,JSWENERGY,Mar 2019,7.489999999999999,31.0,5.79,0.8928,2.729,0.3525,2436.0,55.0,4.0,0.7204,24.0,10555.0,2491.0,1.11,-2.09,-4.36,-1.78,Energy,62025.39,38.52,14.43,4.49,9138.0,684.0,24.0,Power & Utilities,0,78.75,68.75,25.0,50.0,82.22222222222221,88.88888888888889,22.5,62.5,4.15,-5.930000000000001
662,JSWENERGY,Mar 2020,13.07,36.0,9.28,0.8449,3.1713,0.3318,2383.0,301.0,7.0,0.7093,15.0,9840.0,2082.0,-2.41,-4.46,-2.64,-3.17,Energy,74355.45,36.57,13.65,3.06,8273.0,1081.0,15.0,Power & Utilities,0,61.25000000000001,48.75,33.75,51.24999999999999,91.11111111111111,94.44444444444444,20.0,55.00000000000001,4.58,-7.75
663,JSWENERGY,Mar 2021,11.89,42.0,5.67,0.577,3.5279,0.2641,2670.0,1030.0,5.0,0.8835,41.0,8371.0,3700.0,-6.76,-10.83,-11.09,-9.56,Energy,66726.89,71.29,3.09,0.11,6922.0,823.0,41.0,Power & Utilities,0,81.25,57.49999999999999,55.00000000000001,46.25,100.0,97.22222222222221,2.5,50.0,7.3,-16.86
664,JSWENERGY,Mar 2022,21.34,44.0,10.01,0.5135,5.3372,0.2676,1565.0,1387.0,11.0,1.0619,19.0,8943.0,2952.0,-0.23,22.85,22.42,15.01,Energy,87619.18,33.5,2.05,0.13,8167.0,1743.0,19.0,Power & Utilities,0,56.25,33.75,53.75,55.00000000000001,86.66666666666667,13.88888888888889,1.25,21.25,9.6,5.41
665,JSWENERGY,Mar 2023,14.32,32.0,7.94,1.3447,4.6872,0.2134,-4694.0,6778.0,9.0,1.1352,22.0,25051.0,2084.0,5.12,77.08,,27.4,Energy,95613.82,42.08,0.76,0.07,10332.0,1480.0,22.0,Power & Utilities,0,70.0,43.75,57.49999999999999,88.75,55.55555555555556,8.333333333333332,32.5,28.749999999999996,11.42,15.979999999999999
666,JSWENERGY,Mar 2024,15.02,47.0,8.28,1.5156,2.8514,0.1988,-1963.0,8197.0,10.0,1.2695,19.0,31573.0,6234.0,4.68,20.32,20.11,15.04,Energy,110870.53,24.79,9.88,1.25,11486.0,1725.0,19.0,Power & Utilities,0,67.5,37.5,58.75,82.5,60.0,16.666666666666664,38.75,61.25000000000001,9.8,5.239999999999998
667,JSWSTEEL,Mar 2013,2.43,17.0,5.44,1.2672,3.1546,0.6644,411.0,5433.0,4.0,6.0088,30.0,21625.0,5844.0,,,,,Materials,,,,,38210.0,929.0,30.0,Steel,0,60.416666666666664,64.58333333333334,54.166666666666664,72.91666666666666,,,45.83333333333333,60.416666666666664,,
668,JSWSTEEL,Mar 2014,0.7799999999999999,18.0,1.9,1.6779,2.4734,0.6597,-3024.0,5618.0,2.0,6.9881,74.0,35527.0,2594.0,,,,,Materials,,,,,51220.0,402.0,74.0,Steel,0,68.75,70.83333333333334,56.25,83.33333333333334,,,77.08333333333334,68.75,,
669,JSWSTEEL,Mar 2015,3.25,18.0,7.73,1.7386,2.7103,0.6184,504.0,7372.0,7.0,7.3564,19.0,38754.0,7876.0,,,,,Materials,,,,,52972.0,1722.0,19.0,Steel,0,54.166666666666664,52.083333333333336,68.75,70.83333333333334,,,81.25,64.58333333333334,,
670,JSWSTEEL,Mar 2016,-1.16,15.0,-2.54,2.2252,1.2374,0.5072,3040.0,3857.0,-1.0,6.301,-67.0,42204.0,6897.0,,,,,Materials,,,,,41546.0,-481.0,-67.0,Steel,0,81.25,81.25,83.33333333333334,56.25,,,97.91666666666666,93.75,,
671,JSWSTEEL,Mar 2017,6.239999999999999,22.0,15.31,1.9135,3.2712,0.6318,2794.0,5094.0,15.0,7.5239,19.0,43334.0,7888.0,,,,,Materials,,,,,55604.0,3467.0,19.0,Steel,0,18.75,29.166666666666668,66.66666666666666,60.416666666666664,,,87.5,58.333333333333336,,
672,JSWSTEEL,Mar 2018,8.5,21.0,21.83,1.407,3.9824,0.7821,7850.0,4529.0,26.0,9.2709,16.0,39393.0,12379.0,13.49,45.76,45.41,34.89,Materials,,,,,71933.0,6113.0,16.0,Steel,0,8.333333333333332,22.916666666666664,27.083333333333332,31.25,42.857142857142854,28.57142857142857,54.166666666666664,50.0,-0.59,35.480000000000004
673,JSWSTEEL,Mar 2019,8.88,22.0,21.62,1.3621,4.8828,0.7383,3246.0,11387.0,32.0,11.5598,16.0,47396.0,14633.0,10.6,79.66,74.11,54.79,Materials,1475187.02,35.01,7.86,1.29,84757.0,7524.0,16.0,Steel,0,10.416666666666668,20.833333333333336,35.41666666666667,54.166666666666664,53.57142857142857,7.142857142857142,50.0,41.66666666666667,15.26,39.53
674,JSWSTEEL,Mar 2020,5.34,16.0,10.71,1.6783,2.702,0.5563,-6804.0,19589.0,17.0,12.1591,15.0,61423.0,12785.0,6.72,17.88,19.42,14.67,Materials,1978764.31,34.84,1.91,2.19,73326.0,3919.0,15.0,Steel,0,35.41666666666667,33.33333333333333,77.08333333333334,93.75,78.57142857142857,57.14285714285714,79.16666666666666,66.66666666666666,0.01,14.66
675,JSWSTEEL,Mar 2021,9.86,25.0,16.84,1.3342,5.2189,0.5383,11087.0,7702.0,33.0,15.4848,25.0,62392.0,18789.0,13.96,,,4.65,Materials,2171392.42,60.28,3.42,0.09,79839.0,7873.0,25.0,Steel,0,16.666666666666664,16.666666666666664,79.16666666666666,16.666666666666664,39.285714285714285,,47.91666666666667,39.58333333333333,2.97,1.6800000000000002
676,JSWSTEEL,Mar 2022,14.3,27.0,31.11,1.0734,8.1952,0.7449,11522.0,14748.0,85.0,22.3578,25.0,72237.0,26270.0,21.36,43.28,41.47,35.37,Materials,2278384.96,36.76,12.62,2.73,146371.0,20938.0,25.0,Steel,0,4.166666666666666,8.333333333333332,33.33333333333333,14.583333333333334,3.571428571428571,35.714285714285715,29.166666666666668,25.0,5.6,29.769999999999996
677,JSWSTEEL,Mar 2023,2.49,11.0,6.3,1.2307,2.9022,0.7883,12593.0,10730.0,17.0,21.8256,25.0,80853.0,23323.0,18.2,-7.5,-8.15,0.85,Materials,2101814.77,8.68,9.24,2.83,165960.0,4139.0,25.0,Steel,0,58.333333333333336,60.416666666666664,22.916666666666664,10.416666666666668,14.285714285714285,92.85714285714286,41.66666666666667,62.5,-3.4,4.25
678,JSWSTEEL,Mar 2024,5.13,16.0,11.55,1.1328,3.6591,0.7679,-2389.0,14467.0,36.0,25.4652,25.0,87984.0,12078.0,15.6,3.59,2.38,7.19,Materials,2612646.38,69.27,4.37,2.94,175006.0,8973.0,25.0,Steel,0,29.166666666666668,39.58333333333333,29.166666666666668,81.25,21.428571428571427,85.71428571428571,31.25,54.166666666666664,2.59,4.6000000000000005
679,KOTAKBANK,Mar 2013,20.65,-1789.0,14.66,5.6043,1.2883,0.0936,-6157.0,9035.0,15.0,4.093,2.0,85561.0,2878.0,,,,,Financials,,,,,10838.0,2238.0,2.0,Private Banks,0,40.0,50.0,8.333333333333332,58.333333333333336,,,20.0,70.0,,
680,KOTAKBANK,Mar 2014,21.08,-1379.0,13.24,4.5031,1.333,0.0981,7938.0,1130.0,16.0,4.9569,2.0,85937.0,9068.0,,,,,Financials,,,,,11986.0,2527.0,2.0,Private Banks,0,58.333333333333336,43.333333333333336,1.6666666666666667,33.33333333333333,,,8.333333333333332,60.0,,
681,KOTAKBANK,Mar 2015,23.31,-3366.0,14.01,4.7056,1.189,0.0897,-2165.0,4467.0,20.0,5.7399,2.0,104258.0,2302.0,,,,,Financials,,,,,13319.0,3105.0,2.0,Private Banks,0,49.166666666666664,26.666666666666668,10.0,51.66666666666667,,,10.0,95.0,,
682,KOTAKBANK,Mar 2016,17.27,-2263.0,10.56,5.3854,1.5109,0.0847,2672.0,2353.0,19.0,3.6384,3.0,179679.0,5025.0,,,,,Financials,,,,,20402.0,3524.0,3.0,Private Banks,0,81.66666666666667,75.0,16.666666666666664,40.0,,,18.333333333333332,43.333333333333336,,
683,KOTAKBANK,Mar 2017,22.48,-3965.0,13.04,5.3318,1.2705,0.0808,7933.0,5289.0,27.0,4.1839,2.0,205230.0,13222.0,,,,,Financials,,,,,22324.0,5019.0,2.0,Private Banks,0,60.0,35.0,28.333333333333332,35.0,,,16.666666666666664,76.66666666666667,,
684,KOTAKBANK,Mar 2018,24.9,-4141.0,12.4,4.9485,1.2271,0.0744,-15867.0,5475.0,33.0,5.2978,2.0,249840.0,-10392.0,18.32,22.83,17.08,19.41,Financials,,,,,25131.0,6258.0,2.0,Private Banks,0,71.66666666666667,18.333333333333332,53.333333333333336,78.33333333333333,31.428571428571427,28.57142857142857,13.333333333333334,90.0,20.53,-1.120000000000001
685,KOTAKBANK,Mar 2019,24.15,-5114.0,12.47,5.0495,1.2225,0.0755,-1501.0,3323.0,38.0,6.0567,2.0,291763.0,1822.0,20.0,23.31,18.89,20.73,Financials,588705.26,49.36,12.73,1.87,29831.0,7204.0,2.0,Private Banks,0,70.0,21.666666666666668,49.166666666666664,48.333333333333336,14.285714285714285,22.857142857142858,15.0,91.66666666666666,19.47,1.2600000000000016
686,KOTAKBANK,Mar 2020,25.67,-5005.0,12.9,4.8993,1.3357,0.0755,33551.0,13068.0,45.0,6.9631,0.0,326477.0,46619.0,20.24,22.58,17.61,20.14,Financials,554552.04,43.71,3.59,0.53,33474.0,8593.0,0.0,Private Banks,0,65.0,16.666666666666664,49.166666666666664,11.666666666666666,11.428571428571429,31.428571428571427,11.666666666666666,58.333333333333336,19.6,0.5399999999999991
687,KOTAKBANK,Mar 2021,30.44,-9958.0,11.85,3.8785,1.2626,0.0685,-6291.0,11172.0,50.0,8.5105,2.0,327110.0,4881.0,9.97,23.17,21.35,18.16,Financials,488474.8,37.51,5.14,1.52,32820.0,9990.0,2.0,Private Banks,0,75.0,6.666666666666667,63.33333333333333,60.0,77.14285714285715,25.71428571428571,5.0,81.66666666666667,17.86,0.3000000000000007
688,KOTAKBANK,Mar 2022,35.83,-8512.0,12.51,3.7837,1.2299,0.0617,-2595.0,10903.0,61.0,9.7445,2.0,365747.0,8308.0,8.61,19.22,17.7,15.18,Financials,455106.0,73.13,3.75,0.64,33741.0,12089.0,2.0,Private Banks,0,68.33333333333333,1.6666666666666667,90.0,53.333333333333336,91.42857142857143,60.0,3.3333333333333335,88.33333333333333,17.1,-1.9200000000000017
689,KOTAKBANK,Mar 2023,35.41,-5746.0,13.35,3.7456,1.2878,0.0679,-11623.0,10381.0,75.0,11.2602,2.0,418807.0,-1242.0,10.9,18.99,17.84,15.91,Financials,467372.62,75.47,6.71,2.71,42151.0,14925.0,2.0,Private Banks,0,56.666666666666664,3.3333333333333335,65.0,71.66666666666667,74.28571428571429,62.857142857142854,1.6666666666666667,71.66666666666667,17.59,-1.6799999999999997
690,KOTAKBANK,Mar 2024,32.39,-13382.0,14.01,4.0037,1.2364,0.0733,6766.0,8919.0,92.0,13.0757,2.0,520374.0,15685.0,13.52,20.38,19.34,17.75,Financials,430223.52,32.9,1.15,1.51,56237.0,18213.0,2.0,Private Banks,0,49.166666666666664,5.0,55.00000000000001,36.666666666666664,57.14285714285714,45.714285714285715,6.666666666666667,85.0,20.41,-2.66
691,LICI,Mar 2019,0.46,1.0,324.32,332.5938,,0.1668,22910.0,9636.0,,0.81,2.0,269401.0,13274.0,,,,,Financials,166637.32,53.3,0.6,0.77,571508.0,2627.0,2.0,Life Insurance,1,2.380952380952381,95.23809523809523,95.23809523809523,5.0,,,100.0,,,
692,LICI,Mar 2020,0.43,-1.0,270.46,252.9082,,0.1794,13952.0,40415.0,,1.002,2.0,253414.0,54367.0,,,,,Financials,196576.3,20.36,2.12,1.11,628043.0,2710.0,2.0,Life Insurance,1,4.761904761904762,98.80952380952381,88.09523809523809,7.5,,,97.61904761904762,,,
693,LICI,Mar 2021,0.43,0.0,43.2,0.0006,,0.1804,229049.0,148447.0,7.0,6.884,0.0,4.0,80602.0,,,,,Financials,183625.08,38.3,8.3,3.88,690914.0,2974.0,0.0,Life Insurance,1,11.904761904761903,98.80952380952381,85.71428571428571,2.5,,,73.80952380952381,,,
694,LICI,Mar 2022,0.5700000000000001,0.0,36.38,0.0001,,0.1701,8748.0,12531.0,57.0,0.1793,23.0,1.0,-3783.0,,,,,Financials,171741.93,13.18,2.48,3.12,723606.0,4125.0,23.0,Life Insurance,1,19.047619047619047,92.85714285714286,92.85714285714286,10.0,,,71.42857142857143,,,
695,LICI,Mar 2023,4.590000000000001,4.0,77.86,0.0,545.5455,0.1714,1671.0,52848.0,65.0,0.731,5.0,0.0,54519.0,,,,,Financials,204112.31,76.58,7.85,1.11,784628.0,35997.0,5.0,Life Insurance,1,7.142857142857142,16.666666666666664,90.47619047619048,40.0,,,35.714285714285715,5.88235294117647,,
696,LICI,Mar 2024,4.84,4.0,49.45,0.0,371.9375,0.1591,853.0,25269.0,66.0,1.3083,15.0,0.0,26122.0,8.16,73.18,,,Financials,183583.67,30.67,8.1,3.77,845966.0,40916.0,15.0,Life Insurance,1,9.523809523809524,11.904761904761903,97.61904761904762,55.00000000000001,86.36363636363636,4.545454545454546,35.714285714285715,11.76470588235294,,
697,LODHA,Mar 2016,8.52,26.0,17.69,3.4823,2.668,0.2663,-467.0,854.0,16.0,3.6787,0.0,13835.0,387.0,,,,,Real Estate,,,,,8249.0,703.0,0.0,Real Estate,0,9.523809523809524,57.14285714285714,9.523809523809524,90.47619047619048,,,76.19047619047619,52.38095238095239,,
698,LODHA,Mar 2017,7.37,20.0,14.48,4.0126,2.9864,0.2336,295.0,1174.0,13.0,3.569,0.0,16183.0,1469.0,,,,,Real Estate,,,,,7926.0,584.0,0.0,Real Estate,0,23.809523809523807,66.66666666666666,33.33333333333333,71.42857142857143,,,85.71428571428571,42.857142857142854,,
699,LODHA,Mar 2018,8.21,17.0,15.41,4.3898,5.0436,0.2404,45.0,651.0,10.0,1.301,0.0,22616.0,696.0,34.81,24.64,10.76,23.4,Real Estate,,,,,9677.0,794.0,0.0,Real Estate,0,19.047619047619047,61.904761904761905,21.428571428571427,76.19047619047619,7.142857142857142,30.76923076923077,95.23809523809523,23.809523809523807,29.23,-5.830000000000002
700,LODHA,Mar 2019,13.81,27.0,42.8,6.6756,5.7236,0.2388,-638.0,175.0,21.0,0.9699,0.0,25641.0,-463.0,32.15,33.97,18.47,28.2,Real Estate,1516344.89,70.86,14.94,3.4,11907.0,1644.0,0.0,Real Estate,0,4.761904761904762,38.095238095238095,28.57142857142857,95.23809523809523,14.285714285714285,15.384615384615385,100.0,9.523809523809524,8.66,19.54
701,LODHA,Mar 2020,5.96,15.0,16.3,4.0472,2.7514,0.3058,3954.0,182.0,9.0,1.1495,0.0,18423.0,3772.0,14.82,-1.44,-12.94,0.15,Real Estate,1462369.84,58.75,11.25,3.82,12443.0,742.0,0.0,Real Estate,0,14.285714285714285,80.95238095238095,4.761904761904762,23.809523809523807,21.428571428571427,76.92307692307693,90.47619047619048,47.61904761904761,-1.49,1.64
702,LODHA,Mar 2021,0.88,25.0,1.04,3.9559,1.0942,0.1386,2944.0,420.0,1.0,1.1614,0.0,18193.0,2524.0,-7.96,-41.54,-42.57,-30.69,Real Estate,1550822.64,47.06,13.02,3.37,5449.0,48.0,0.0,Real Estate,0,95.23809523809523,95.23809523809523,47.61904761904761,38.095238095238095,92.85714285714286,100.0,80.95238095238095,100.0,10.76,-41.45
703,LODHA,Mar 2022,13.08,24.0,9.98,0.953,3.6032,0.2404,3137.0,1139.0,12.0,2.5116,20.0,11537.0,1998.0,3.1,15.65,-1.59,5.72,Real Estate,1322559.29,13.49,1.97,1.52,9233.0,1208.0,20.0,Real Estate,0,33.33333333333333,42.857142857142854,21.428571428571427,28.57142857142857,28.57142857142857,61.53846153846154,57.14285714285714,33.33333333333333,5.88,-0.16000000000000014
704,LODHA,Mar 2023,5.17,22.0,3.87,0.7155,2.1307,0.2421,4539.0,1789.0,5.0,2.6272,14.0,9060.0,2750.0,-0.43,-9.2,-12.94,-7.52,Real Estate,1199352.96,52.31,12.05,1.85,9470.0,490.0,14.0,Real Estate,0,61.904761904761905,85.71428571428571,14.285714285714285,14.285714285714285,42.857142857142854,84.61538461538461,42.857142857142854,61.904761904761905,-12.73,5.210000000000001
705,LODHA,Mar 2024,15.06,26.0,8.9,0.4407,5.6286,0.2186,-435.0,2947.0,16.0,1.7574,,7698.0,2512.0,-2.83,-1.12,-5.29,-3.08,Real Estate,1209919.99,51.95,7.65,4.05,10316.0,1554.0,,Real Estate,0,38.095238095238095,33.33333333333333,38.095238095238095,85.71428571428571,50.0,69.23076923076923,28.57142857142857,14.285714285714285,7.82,-10.9
706,LT,Mar 2013,7.109999999999999,15.0,395.15,0.1748,2.9981,31.9699,-11277.0,6922.0,38.0,8.3688,22.0,234.0,-4355.0,,,,,Industrials,,,,,74426.0,5291.0,22.0,Engineering & Construction,1,8.333333333333332,33.33333333333333,16.666666666666664,83.33333333333334,,,100.0,25.0,,
707,LT,Mar 2014,5.74,17.0,303.42,0.0683,2.375,31.9032,-12653.0,5510.0,35.0,10.0625,27.0,110.0,-7143.0,,,,,Industrials,,,,,85054.0,4885.0,27.0,Engineering & Construction,1,16.666666666666664,83.33333333333334,25.0,91.66666666666666,,,50.0,91.66666666666666,,
708,LT,Mar 2015,5.4,17.0,245.11,0.1076,2.3543,30.8694,-6143.0,4778.0,34.0,12.6625,32.0,218.0,-1365.0,,,,,Industrials,,,,,91929.0,4966.0,32.0,Engineering & Construction,1,25.0,91.66666666666666,33.33333333333333,66.66666666666666,,,75.0,100.0,,
709,LT,Mar 2016,4.54,15.0,216.09,0.0259,2.4214,32.2353,-7867.0,4627.0,31.0,12.5,40.0,55.0,-3240.0,,,,,Industrials,,,,,101122.0,4592.0,40.0,Engineering & Construction,1,33.33333333333333,100.0,8.333333333333332,75.0,,,41.66666666666667,83.33333333333334,,
710,LT,Mar 2017,5.93,15.0,206.3,0.0,2.6484,24.748,-3141.0,9796.0,43.0,18.4941,22.0,0.0,6655.0,,,,,Industrials,,,,,109312.0,6486.0,22.0,Engineering & Construction,1,58.333333333333336,75.0,41.66666666666667,50.0,,,16.666666666666664,66.66666666666666,,
711,LT,Mar 2018,6.69,17.0,207.36,0.0,2.797,22.4251,-6117.0,3914.0,53.0,22.7059,30.0,0.0,-10031.0,9.97,8.63,6.88,8.49,Industrials,,,,,119683.0,8004.0,30.0,Engineering & Construction,1,50.0,58.333333333333336,50.0,58.333333333333336,28.57142857142857,100.0,16.666666666666664,41.66666666666667,8.49,0.0
712,LT,Mar 2019,7.56,17.0,208.81,0.0,2.7377,20.2911,-15779.0,11023.0,63.0,28.7824,28.0,0.0,-4756.0,9.72,15.9,12.47,12.7,Industrials,685872.93,60.92,9.78,0.34,135220.0,10217.0,28.0,Engineering & Construction,1,41.66666666666667,16.666666666666664,58.333333333333336,100.0,42.857142857142854,42.857142857142854,16.666666666666664,50.0,12.7,0.0
713,LT,Mar 2020,7.489999999999999,17.0,201.59,0.1688,2.5014,16.5005,-1714.0,8408.0,68.0,31.7882,26.0,912.0,6694.0,9.61,17.01,14.87,13.83,Industrials,606183.52,18.62,6.6,3.85,145452.0,10894.0,26.0,Engineering & Construction,1,66.66666666666666,25.0,66.66666666666666,41.66666666666667,57.14285714285714,28.57142857142857,91.66666666666666,75.0,13.83,0.0
714,LT,Mar 2021,9.5,17.0,176.9,0.1093,2.6869,12.7012,17324.0,5750.0,82.0,40.5778,44.0,798.0,23074.0,6.1,22.99,21.48,16.86,Industrials,690472.41,13.01,9.07,3.34,135979.0,12921.0,44.0,Engineering & Construction,1,75.0,8.333333333333332,75.0,16.666666666666664,100.0,14.285714285714285,83.33333333333334,58.333333333333336,16.86,0.0
715,LT,Mar 2022,6.660000000000001,16.0,72.92,0.0181,2.8888,7.6084,15579.0,3585.0,62.0,47.6267,36.0,258.0,19164.0,7.44,9.94,7.59,8.32,Industrials,864042.71,18.77,11.91,1.0,156521.0,10419.0,36.0,Engineering & Construction,1,100.0,66.66666666666666,100.0,25.0,85.71428571428571,57.14285714285714,33.33333333333333,33.33333333333333,8.32,0.0
716,LT,Mar 2023,6.83,15.0,75.52,0.0929,3.1823,7.8081,14729.0,8048.0,75.0,55.3067,32.0,1541.0,22777.0,8.9,9.38,7.19,8.49,Industrials,937726.82,29.41,13.63,0.38,183341.0,12531.0,32.0,Engineering & Construction,1,91.66666666666666,50.0,91.66666666666666,33.33333333333333,71.42857142857143,71.42857142857143,58.333333333333336,16.666666666666664,8.49,0.0
717,LT,Mar 2024,7.03,14.0,77.66999999999999,0.1035,3.5442,8.0276,20445.0,2179.0,95.0,66.7267,36.0,2071.0,18266.0,10.34,8.76,8.56,9.22,Industrials,1124597.5,30.8,2.48,1.26,221113.0,15547.0,36.0,Engineering & Construction,1,83.33333333333334,41.66666666666667,83.33333333333334,8.333333333333332,14.285714285714285,85.71428571428571,66.66666666666666,8.333333333333332,9.22,0.0
718,LTIM,Mar 2013,14.59,23.0,41.97,0.1748,42.4762,1.6542,384.0,224.0,174.0,8.3688,54.0,234.0,608.0,,,,,Information Technology,,,,,3851.0,562.0,54.0,IT Services,0,8.47457627118644,74.57627118644068,8.47457627118644,93.22033898305084,,,98.30508474576271,80.0,,
719,LTIM,Mar 2014,20.24,23.0,61.86000000000001,0.0683,44.0,1.8455,808.0,180.0,309.0,10.0625,55.0,110.0,628.0,,,,,Information Technology,,,,,4920.0,996.0,55.0,IT Services,0,1.694915254237288,27.11864406779661,3.389830508474576,83.05084745762711,,,44.06779661016949,76.36363636363637,,
720,LTIM,Mar 2015,15.45,20.0,37.96,0.1076,110.4,1.6716,539.0,103.0,238.0,12.6625,63.0,218.0,642.0,,,,,Information Technology,,,,,4978.0,769.0,63.0,IT Services,0,16.94915254237288,64.40677966101694,5.084745762711865,89.83050847457628,,,83.05084745762711,36.36363636363637,,
721,LTIM,Mar 2016,14.3,18.0,39.34,0.0259,202.5,1.8636,818.0,40.0,49.0,12.5,72.0,55.0,858.0,,,,,Information Technology,,,,,5846.0,836.0,72.0,IT Services,0,11.864406779661017,76.27118644067797,1.694915254237288,81.35593220338984,,,35.59322033898305,21.818181818181817,,
722,LTIM,Mar 2017,14.94,19.0,30.88,0.0,472.3333,1.4718,209.0,961.0,57.0,18.4941,29.0,0.0,1170.0,,,,,Information Technology,,,,,6501.0,971.0,29.0,IT Services,0,32.20338983050847,69.49152542372882,11.864406779661017,98.30508474576271,,,9.322033898305085,14.545454545454545,,
723,LTIM,Mar 2018,15.22,16.0,28.81,0.0,100.8125,1.3689,392.0,452.0,65.0,22.7059,33.0,0.0,844.0,13.66,14.62,-17.88,3.47,Information Technology,,,,,7306.0,1112.0,33.0,IT Services,0,44.06779661016949,66.10169491525424,16.94915254237288,91.52542372881356,40.0,22.857142857142858,9.322033898305085,40.0,13.51,-10.04
724,LTIM,Mar 2019,16.05,20.0,30.98,0.0,198.6364,1.4175,646.0,749.0,87.0,28.7824,32.0,0.0,1395.0,13.93,8.76,-22.39,0.1,Information Technology,1328108.48,60.16,10.57,3.97,9446.0,1516.0,32.0,IT Services,0,30.508474576271187,55.932203389830505,13.559322033898304,86.4406779661017,37.142857142857146,62.857142857142854,9.322033898305085,23.636363636363637,11.34,-11.24
725,LTIM,Mar 2020,13.97,19.0,28.13,0.1688,28.4096,1.2341,1001.0,643.0,87.0,31.7882,32.0,912.0,1644.0,16.92,14.6,-18.23,4.43,Information Technology,1325609.47,61.37,3.82,2.41,10879.0,1520.0,32.0,IT Services,0,45.76271186440678,79.66101694915254,30.508474576271187,79.66101694915254,17.142857142857142,25.71428571428571,96.61016949152543,94.54545454545455,10.59,-6.16
726,LTIM,Mar 2021,15.67,22.0,26.53,0.1093,37.962,1.1554,743.0,1657.0,111.0,40.5778,36.0,798.0,2400.0,16.17,18.31,17.77,17.42,Information Technology,1325692.27,30.49,14.47,3.0,12370.0,1938.0,36.0,IT Services,0,50.847457627118644,61.016949152542374,47.45762711864407,84.7457627118644,20.0,14.285714285714285,84.7457627118644,85.45454545454545,7.29,10.130000000000003
727,LTIM,Mar 2022,15.13,20.0,27.65,0.0181,48.9024,1.2692,1608.0,1643.0,225.0,47.6267,41.0,258.0,3251.0,32.06,32.4,31.6,32.02,Information Technology,1202160.21,45.11,12.85,0.47,26109.0,3950.0,41.0,IT Services,0,47.45762711864407,67.79661016949152,27.11864406779661,74.57627118644068,8.571428571428571,2.857142857142857,33.89830508474576,69.0909090909091,9.15,22.870000000000005
728,LTIM,Mar 2023,13.29,18.0,26.58,0.0929,44.4333,1.4132,2824.0,271.0,149.0,55.3067,40.0,1541.0,3095.0,35.35,31.72,18.05,28.37,Information Technology,1066603.12,71.7,1.11,3.12,33183.0,4410.0,40.0,IT Services,0,49.152542372881356,81.35593220338984,15.254237288135593,61.016949152542374,2.857142857142857,5.714285714285714,66.10169491525424,74.54545454545455,11.53,16.840000000000003
729,LTIM,Mar 2024,12.91,18.0,22.9,0.1035,31.9324,1.2895,1752.0,3918.0,155.0,66.7267,42.0,2071.0,5670.0,30.33,24.78,12.24,22.45,Information Technology,1347046.9,64.52,2.38,4.43,35517.0,4585.0,42.0,IT Services,0,72.88135593220339,83.05084745762711,23.728813559322035,69.49152542372882,11.428571428571429,8.571428571428571,81.35593220338984,92.72727272727272,8.98,13.469999999999999
730,M&M,Mar 2013,6.01,13.0,20.69,1.4384,4.3348,0.9023,-3825.0,2903.0,33.0,6.7664,19.0,28711.0,-922.0,,,,,Consumer Discretionary,,,,,68693.0,4129.0,19.0,Automobiles,0,46.98795180722892,63.85542168674698,72.28915662650603,87.95180722891565,,,72.28915662650603,74.69879518072288,,
731,M&M,Mar 2014,6.959999999999999,14.0,22.11,1.5089,3.7045,0.842,-4768.0,4524.0,38.0,7.9007,18.0,35167.0,-244.0,,,,,Consumer Discretionary,,,,,74001.0,5154.0,18.0,Automobiles,0,39.75903614457831,59.036144578313255,78.3132530120482,89.1566265060241,,,74.69879518072288,79.51807228915662,,
732,M&M,Mar 2015,4.73,12.0,13.08,1.4662,3.0386,0.7571,-3302.0,4357.0,25.0,8.7355,23.0,37911.0,1055.0,,,,,Consumer Discretionary,,,,,71448.0,3381.0,23.0,Automobiles,0,81.92771084337349,71.08433734939759,83.13253012048193,86.74698795180723,,,73.49397590361446,87.95180722891565,,
733,M&M,Mar 2016,4.69,13.0,13.42,1.5685,3.4088,0.7595,-3121.0,5506.0,25.0,9.8119,21.0,41553.0,2385.0,,,,,Consumer Discretionary,,,,,75841.0,3554.0,21.0,Automobiles,0,78.3132530120482,72.28915662650603,81.92771084337349,85.54216867469879,,,77.10843373493977,84.33734939759037,,
734,M&M,Mar 2017,4.84,13.0,13.6,1.6375,3.513,0.7359,-5692.0,5875.0,30.0,9.5749,22.0,48762.0,183.0,,,,,Consumer Discretionary,,,,,83773.0,4051.0,22.0,Automobiles,0,77.10843373493977,69.87951807228916,85.54216867469879,91.56626506024097,,,79.51807228915662,83.13253012048193,,
735,M&M,Mar 2018,8.64,14.0,21.64,1.52,4.4123,0.6753,-4785.0,5467.0,60.0,6.7726,11.0,55898.0,682.0,6.04,14.02,12.7,10.92,Consumer Discretionary,,,,,92094.0,7958.0,11.0,Automobiles,0,42.168674698795186,43.373493975903614,90.36144578313254,90.36144578313254,58.333333333333336,28.57142857142857,75.90361445783132,73.49397590361446,21.56,-10.639999999999999
736,M&M,Mar 2019,5.75,15.0,15.05,1.772,3.5616,0.6469,-11521.0,7174.0,43.0,7.3498,17.0,70848.0,-4347.0,7.19,3.14,2.5,4.28,Consumer Discretionary,1707695.34,76.49,7.02,3.01,104721.0,6017.0,17.0,Automobiles,0,73.49397590361446,65.06024096385542,91.56626506024097,98.79518072289156,47.91666666666667,71.42857142857143,84.33734939759037,81.92771084337349,19.26,-14.98
737,M&M,Mar 2020,-0.43,13.0,-0.8,2.0539,1.8341,0.4549,-8327.0,6870.0,1.0,7.2146,205.0,82092.0,-1457.0,1.08,,-47.47,-15.46,Consumer Discretionary,2271322.15,65.84,6.63,0.76,75382.0,-321.0,205.0,Automobiles,0,95.18072289156626,95.18072289156626,98.79518072289156,95.18072289156626,85.41666666666666,,87.95180722891565,98.79518072289156,8.31,-23.770000000000003
738,M&M,Mar 2021,2.04,15.0,3.64,1.9389,2.0713,0.4503,-1777.0,19686.0,15.0,7.4923,54.0,80625.0,17909.0,-0.42,-15.71,-9.71,-8.61,Consumer Discretionary,3046586.67,8.87,14.35,3.76,74278.0,1512.0,54.0,Automobiles,0,93.97590361445783,92.7710843373494,100.0,79.51807228915662,97.91666666666666,97.61904761904762,85.54216867469879,97.59036144578313,-1.58,-7.029999999999999
739,M&M,Mar 2022,8.04,16.0,15.39,1.6469,3.5646,0.5231,5996.0,3252.0,53.0,8.4754,20.0,77605.0,9248.0,1.48,12.35,12.05,8.63,Consumer Discretionary,3425061.3,52.32,14.96,3.79,90171.0,7253.0,20.0,Automobiles,0,72.28915662650603,48.19277108433735,97.59036144578313,8.433734939759036,81.25,33.33333333333333,81.92771084337349,80.72289156626506,-6.5,15.13
740,M&M,Mar 2023,9.379999999999999,17.0,20.18,1.6366,4.1588,0.5936,-15940.0,8866.0,83.0,10.1196,18.0,92247.0,-7074.0,5.66,7.4,6.71,6.59,Consumer Discretionary,3314570.19,34.84,13.53,2.01,121269.0,11374.0,18.0,Automobiles,0,53.01204819277109,39.75903614457831,95.18072289156626,100.0,62.5,61.904761904761905,78.3132530120482,75.90361445783132,3.38,3.21
741,M&M,Mar 2024,8.82,18.0,18.54,1.6414,3.7647,0.5925,-11245.0,5615.0,91.0,11.8833,21.0,108647.0,-5630.0,5.84,15.32,16.18,12.45,Consumer Discretionary,4173085.48,14.22,0.81,2.37,139078.0,12270.0,21.0,Automobiles,0,57.831325301204814,42.168674698795186,96.3855421686747,97.59036144578313,60.416666666666664,21.428571428571427,80.72289156626506,77.10843373493977,11.22,1.2299999999999986
742,MARUTI,Mar 2013,5.58,10.0,12.98,0.0825,26.0505,1.6101,940.0,3119.0,82.0,12.6013,10.0,1569.0,4059.0,,,,,Consumer Discretionary,,,,,44304.0,2470.0,10.0,Automobiles,1,84.33734939759037,66.26506024096386,14.457831325301203,45.78313253012048,,,55.42168674698795,55.42168674698795,,
743,MARUTI,Mar 2014,6.41,12.0,13.28,0.0932,32.7935,1.4151,-2.0,4997.0,94.0,14.2358,13.0,2004.0,4995.0,,,,,Consumer Discretionary,,,,,44542.0,2854.0,13.0,Automobiles,1,80.72289156626506,60.24096385542169,22.89156626506024,63.85542168674698,,,56.62650602409639,53.01204819277109,,
744,MARUTI,Mar 2015,7.5,14.0,15.66,0.0274,35.3624,1.4735,1958.0,4491.0,126.0,16.1046,20.0,666.0,6449.0,,,,,Consumer Discretionary,,,,,50801.0,3809.0,20.0,Automobiles,1,71.08433734939759,53.6144578313253,18.072289156626507,31.32530120481928,,,44.57831325301205,51.80722891566265,,
745,MARUTI,Mar 2016,9.55,16.0,17.95,0.0075,127.9024,1.3479,1252.0,7230.0,182.0,20.2755,19.0,231.0,8482.0,,,,,Consumer Discretionary,,,,,57589.0,5497.0,19.0,Automobiles,1,61.44578313253012,36.144578313253014,26.506024096385545,42.168674698795186,,,16.867469879518072,28.915662650602407,,
746,MARUTI,Mar 2017,11.03,15.0,20.26,0.0131,144.0449,1.3103,1109.0,9173.0,249.0,24.553,30.0,484.0,10282.0,,,,,Consumer Discretionary,,,,,68085.0,7511.0,30.0,Automobiles,1,51.80722891566265,30.120481927710845,33.734939759036145,44.57831325301205,,,24.69879518072289,25.301204819277107,,
747,MARUTI,Mar 2018,9.87,15.0,18.52,0.0028,41.2514,1.3247,3486.0,8302.0,261.0,28.1848,31.0,121.0,11788.0,12.49,26.12,26.06,21.56,Consumer Discretionary,,,,,79809.0,7881.0,31.0,Automobiles,1,59.036144578313255,34.93975903614458,30.120481927710845,14.457831325301203,16.666666666666664,11.904761904761903,2.4096385542168677,49.39759036144578,21.56,0.0
748,MARUTI,Mar 2019,8.89,13.0,16.25,0.0034,180.5263,1.3455,3061.0,3540.0,253.0,31.1868,32.0,160.0,6601.0,14.08,21.8,21.9,19.26,Consumer Discretionary,1445154.02,65.97,4.77,1.13,86068.0,7651.0,32.0,Automobiles,1,66.26506024096386,40.963855421686745,27.710843373493976,18.072289156626507,12.5,14.285714285714285,3.614457831325301,19.27710843373494,19.26,0.0
749,MARUTI,Mar 2020,7.5,10.0,11.49,0.0037,80.3358,1.1891,2939.0,557.0,188.0,32.7238,32.0,184.0,3496.0,8.29,8.31,8.33,8.31,Consumer Discretionary,1349572.01,11.64,1.03,0.97,75660.0,5678.0,32.0,Automobiles,1,86.74698795180723,53.6144578313253,42.168674698795186,19.27710843373494,33.33333333333333,50.0,4.819277108433735,36.144578313253014,8.31,0.0
750,MARUTI,Mar 2021,6.239999999999999,8.0,8.36,0.0103,82.9118,0.9859,1565.0,7291.0,145.0,34.7689,31.0,541.0,8856.0,4.09,-4.4,-4.44,-1.58,Consumer Discretionary,1153447.24,42.37,6.22,2.61,70372.0,4389.0,31.0,Automobiles,1,90.36144578313254,61.44578313253012,63.85542168674698,37.34939759036144,72.91666666666666,88.09523809523809,22.89156626506024,34.93975903614458,-1.58,0.0
751,MARUTI,Mar 2022,4.390000000000001,7.0,7.01,0.0077,59.9449,1.1832,1601.0,239.0,128.0,36.6444,47.0,426.0,1840.0,5.34,-12.38,-12.46,-6.5,Consumer Discretionary,1390095.96,36.35,2.5,4.01,88330.0,3880.0,47.0,Automobiles,1,91.56626506024097,74.69879518072288,44.57831325301205,36.144578313253014,65.625,95.23809523809523,18.072289156626507,39.75903614457831,-6.5,0.0
752,MARUTI,Mar 2023,6.98,11.0,11.08,0.0167,61.6548,1.1828,1995.0,8820.0,274.0,47.5159,34.0,1248.0,10815.0,8.21,0.95,0.98,3.38,Consumer Discretionary,1507366.44,14.7,14.19,1.41,118410.0,8264.0,34.0,Automobiles,1,87.95180722891565,57.831325301204814,45.78313253012048,30.120481927710845,35.41666666666667,76.19047619047619,28.915662650602407,38.55421686746988,3.38,0.0
753,MARUTI,Mar 2024,9.51,13.0,15.75,0.0014,117.9072,1.2303,4936.0,11865.0,429.0,54.5452,29.0,119.0,16801.0,10.51,12.01,11.14,11.22,Consumer Discretionary,1503863.63,20.78,8.26,1.78,141858.0,13488.0,29.0,Automobiles,1,69.87951807228916,37.34939759036144,39.75903614457831,10.843373493975903,22.916666666666664,35.714285714285715,1.2048192771084338,31.32530120481928,11.22,0.0
754,MOTHERSON,Mar 2013,1.79,6.0,19.75,2.1424,7.192,1.9859,397.0,1089.0,1.0,3.8797,26.0,4904.0,1486.0,,,,,Consumer Discretionary,,,,,25298.0,452.0,26.0,Auto Components,0,33.33333333333333,100.0,12.5,58.333333333333336,,,100.0,95.65217391304348,,
755,MOTHERSON,Mar 2014,3.61,8.0,37.07,1.6357,9.2109,1.9951,1323.0,1372.0,2.0,3.3625,29.0,4840.0,2695.0,,,,,Consumer Discretionary,,,,,30414.0,1097.0,29.0,Auto Components,0,12.5,70.83333333333334,4.166666666666666,33.33333333333333,,,95.83333333333334,82.6086956521739,,
756,MOTHERSON,Mar 2015,3.73,8.0,38.87,1.5436,9.6101,1.9892,546.0,2844.0,2.0,3.7773,31.0,5131.0,3390.0,,,,,Consumer Discretionary,,,,,34661.0,1292.0,31.0,Auto Components,0,8.333333333333332,66.66666666666666,8.333333333333332,50.0,,,91.66666666666666,78.26086956521739,,
757,MOTHERSON,Mar 2016,4.77,10.0,40.35,1.3803,10.7971,1.8925,282.0,1906.0,3.0,3.3311,26.0,6069.0,2188.0,,,,,Consumer Discretionary,,,,,37216.0,1774.0,26.0,Auto Components,0,4.166666666666666,58.333333333333336,16.666666666666664,70.83333333333334,,,87.5,65.21739130434783,,
758,MOTHERSON,Mar 2017,5.13,10.0,26.26,1.2511,12.0453,1.3266,-2345.0,6145.0,3.0,5.9086,18.0,10349.0,3800.0,,,,,Consumer Discretionary,,,,,42376.0,2172.0,18.0,Auto Components,0,16.666666666666664,50.0,33.33333333333333,100.0,,,83.33333333333334,60.86956521739131,,
759,MOTHERSON,Mar 2018,4.01,9.0,22.87,1.0496,12.781,1.5228,70.0,3194.0,3.0,4.7067,30.0,10374.0,3264.0,17.35,37.97,24.57,26.63,Consumer Discretionary,,,,,56303.0,2260.0,30.0,Auto Components,0,20.833333333333336,62.5,20.833333333333336,91.66666666666666,7.142857142857142,7.142857142857142,70.83333333333334,56.52173913043478,7.22,19.41
760,MOTHERSON,Mar 2019,3.3,8.0,19.14,1.0521,13.4303,1.4858,994.0,3318.0,3.0,3.4693,29.0,11534.0,4312.0,15.87,13.85,8.45,12.72,Consumer Discretionary,62318.66,45.66,12.32,4.25,63523.0,2098.0,29.0,Auto Components,0,37.5,75.0,25.0,37.5,14.285714285714285,14.285714285714285,75.0,52.17391304347826,11.05,1.67
761,MOTHERSON,Mar 2020,2.13,8.0,11.49,1.1665,8.9309,1.3485,4132.0,2220.0,2.0,3.5636,40.0,13136.0,6352.0,11.87,0.03,0.0,3.97,Consumer Discretionary,81298.87,30.92,9.22,2.24,60729.0,1294.0,40.0,Auto Components,0,79.16666666666666,87.5,29.166666666666668,4.166666666666666,21.428571428571427,57.14285714285714,79.16666666666666,86.95652173913044,-9.95,13.92
762,MOTHERSON,Mar 2021,2.73,8.0,12.49,0.9498,9.6445,1.2015,3165.0,1886.0,2.0,3.975,46.0,11930.0,5051.0,9.04,-2.43,-7.79,-0.39,Consumer Discretionary,102529.39,32.08,10.45,1.98,57370.0,1569.0,46.0,Auto Components,0,70.83333333333334,83.33333333333334,41.66666666666667,8.333333333333332,35.714285714285715,64.28571428571429,66.66666666666666,73.91304347826086,-13.4,13.01
763,MOTHERSON,Mar 2022,1.85,7.0,5.74,0.6863,9.7403,1.1444,159.0,2304.0,1.0,4.5549,34.0,14130.0,2463.0,8.52,-11.46,-19.73,-7.56,Consumer Discretionary,136555.49,76.33,10.98,2.66,63774.0,1182.0,34.0,Auto Components,0,95.83333333333334,95.83333333333334,54.166666666666664,87.5,42.857142857142854,85.71428571428571,58.333333333333336,69.56521739130434,-3.56,-3.9999999999999996
764,MOTHERSON,Mar 2023,2.12,8.0,7.44,0.6143,8.0935,1.2847,2395.0,2248.0,2.0,3.3115,29.0,13792.0,4643.0,6.95,-5.87,-7.79,-2.24,Consumer Discretionary,125781.85,26.19,14.98,1.04,78788.0,1670.0,29.0,Auto Components,0,87.5,91.66666666666666,37.5,16.666666666666664,50.0,71.42857142857143,54.166666666666664,91.30434782608695,2.41,-4.65
765,MOTHERSON,Mar 2024,3.06,9.0,11.55,0.7617,5.2247,1.1724,925.0,6644.0,4.0,3.8577,20.0,19922.0,7569.0,9.21,7.56,5.92,7.56,Consumer Discretionary,146151.16,9.54,2.38,2.18,98692.0,3020.0,20.0,Auto Components,0,75.0,79.16666666666666,45.83333333333333,41.66666666666667,28.57142857142857,35.714285714285715,62.5,100.0,8.42,-0.8600000000000003
766,NAUKRI,Mar 2013,16.1,26.0,12.5,0.0016,48.3333,0.5721,29.0,46.0,8.0,0.5578,12.0,1.0,75.0,,,,,Communication Services,,,,,472.0,76.0,12.0,Internet Services,1,41.66666666666667,50.0,8.333333333333332,58.333333333333336,,,58.333333333333336,54.166666666666664,,
767,NAUKRI,Mar 2014,10.58,17.0,8.93,0.0015,48.3333,0.5349,-123.0,204.0,8.0,0.6165,30.0,1.0,81.0,,,,,Communication Services,,,,,567.0,60.0,30.0,Internet Services,1,50.0,66.66666666666666,16.666666666666664,66.66666666666666,,,50.0,54.166666666666664,,
768,NAUKRI,Mar 2015,-1.91,3.0,-0.9900000000000001,0.0007,27.5,0.3302,-1000.0,1051.0,2.0,1.1792,150.0,1.0,51.0,,,,,Communication Services,,,,,732.0,-14.0,150.0,Internet Services,1,83.33333333333334,75.0,66.66666666666666,91.66666666666666,,,41.66666666666667,75.0,,
769,NAUKRI,Mar 2016,15.78,12.0,7.649999999999999,0.0006,67.3333,0.3886,76.0,2.0,11.0,1.2752,27.0,1.0,78.0,,,,,Communication Services,,,,,748.0,118.0,27.0,Internet Services,1,58.333333333333336,58.333333333333336,41.66666666666667,41.66666666666667,,,29.166666666666668,41.66666666666667,,
770,NAUKRI,Mar 2017,-4.84,-1.0,-2.7,0.0006,10.25,0.4325,48.0,165.0,-2.0,1.3157,-230.0,1.0,213.0,,,,,Communication Services,,,,,888.0,-43.0,-230.0,Internet Services,1,91.66666666666666,91.66666666666666,33.33333333333333,50.0,,,29.166666666666668,91.66666666666666,,
771,NAUKRI,Mar 2018,50.71,22.0,24.5,0.0005,124.0,0.3806,104.0,149.0,42.0,1.6762,13.0,1.0,253.0,15.92,45.82,39.33,33.69,Communication Services,,,,,988.0,501.0,13.0,Internet Services,1,25.0,33.33333333333333,50.0,33.33333333333333,42.857142857142854,75.0,16.666666666666664,25.0,33.69,0.0
772,NAUKRI,Mar 2019,51.43,1.0,23.28,0.0004,106.5714,0.3609,217.0,59.0,49.0,2.0844,12.0,1.0,276.0,15.21,58.06,43.69,38.99,Communication Services,241741.48,24.1,14.39,0.21,1151.0,592.0,12.0,Internet Services,1,33.33333333333333,25.0,58.333333333333336,16.666666666666664,57.14285714285714,50.0,8.333333333333332,33.33333333333333,38.99,0.0
773,NAUKRI,Mar 2020,-18.75,-27.0,-11.21,0.0351,-4.5714,0.4535,447.0,97.0,-19.0,1.7992,-31.0,77.0,350.0,12.38,,,4.13,Communication Services,322764.36,26.32,6.43,1.61,1312.0,-246.0,-31.0,Internet Services,1,100.0,100.0,25.0,8.333333333333332,71.42857142857143,,100.0,100.0,4.13,0.0
774,NAUKRI,Mar 2021,125.71,7.0,26.28,0.012,150.7273,0.1793,-1767.0,2043.0,110.0,4.1829,7.0,65.0,276.0,8.56,64.42,58.49,43.82,Communication Services,365918.61,36.89,9.77,0.1,1128.0,1418.0,7.0,Internet Services,1,16.666666666666664,16.666666666666664,75.0,100.0,100.0,25.0,91.66666666666666,16.666666666666664,43.82,0.0
775,NAUKRI,Mar 2022,810.6999999999999,28.0,74.71,0.0037,1296.0,0.0776,-470.0,1177.0,991.0,13.3659,1.0,64.0,707.0,12.34,,,4.11,Communication Services,460029.78,41.41,8.91,1.85,1589.0,12882.0,1.0,Internet Services,1,8.333333333333332,8.333333333333332,91.66666666666666,83.33333333333334,85.71428571428571,,66.66666666666666,8.333333333333332,4.11,0.0
776,NAUKRI,Mar 2023,-2.98,15.0,-0.52,0.0081,12.8889,0.1408,154.0,358.0,-8.0,10.386,-228.0,108.0,512.0,18.88,,,6.29,Communication Services,560212.42,55.05,12.48,2.61,2346.0,-70.0,-228.0,Internet Services,1,75.0,83.33333333333334,83.33333333333334,25.0,14.285714285714285,,79.16666666666666,83.33333333333334,6.29,0.0
777,NAUKRI,Mar 2024,23.46,28.0,1.97,0.0081,28.9714,0.0703,-150.0,852.0,44.0,23.4589,49.0,246.0,702.0,17.12,0.1,-2.13,5.03,Communication Services,563824.44,32.88,8.33,4.29,2536.0,595.0,49.0,Internet Services,1,66.66666666666666,41.66666666666667,100.0,75.0,28.57142857142857,100.0,79.16666666666666,66.66666666666666,5.03,0.0
778,NESTLEIND,Dec 2013,12.27,21.0,47.17,0.5021,55.2703,1.4414,1355.0,441.0,12.0,2.4667,42.0,1189.0,1796.0,,,,,Consumer Staples,,,,,9101.0,1117.0,42.0,FMCG,0,25.0,65.47619047619048,33.33333333333333,46.42857142857143,,,85.71428571428571,35.714285714285715,,
779,NESTLEIND,Dec 2014,12.02,21.0,41.77,0.007,151.8571,1.6933,1212.0,432.0,12.0,2.9552,51.0,20.0,1644.0,,,,,Consumer Staples,,,,,9855.0,1185.0,51.0,FMCG,0,28.57142857142857,68.45238095238095,28.57142857142857,50.0,,,17.857142857142858,23.809523809523807,,
780,NESTLEIND,Dec 2015,6.890000000000001,19.0,19.99,0.0064,388.0,1.3432,1028.0,70.0,6.0,2.9344,83.0,18.0,1098.0,,,,,Consumer Staples,,,,,8175.0,563.0,83.0,FMCG,0,73.80952380952381,88.09523809523809,36.904761904761905,54.761904761904766,,,16.666666666666664,2.380952380952381,,
781,NESTLEIND,Dec 2016,10.95,20.0,30.5,0.0101,21.8681,1.3423,1340.0,126.0,10.0,3.4188,61.0,33.0,1466.0,,,,,Consumer Staples,,,,,9141.0,1001.0,61.0,FMCG,0,42.857142857142854,71.42857142857143,38.095238095238095,47.61904761904761,,,23.809523809523807,63.095238095238095,,
782,NESTLEIND,Dec 2017,12.24,21.0,35.82,0.0102,24.7174,1.3595,1687.0,131.0,13.0,3.5625,68.0,35.0,1818.0,,,,,Consumer Staples,,,,,10010.0,1225.0,68.0,FMCG,0,32.142857142857146,66.66666666666666,35.714285714285715,44.047619047619044,,,25.0,55.952380952380956,,
783,NESTLEIND,Dec 2018,14.23,23.0,43.75,0.0095,25.6875,1.3961,2000.0,52.0,17.0,3.826,69.0,35.0,2052.0,4.41,7.55,7.21,6.39,Consumer Staples,,,,,11292.0,1607.0,69.0,FMCG,0,27.380952380952383,46.42857142857143,34.523809523809526,40.476190476190474,85.71428571428571,74.46808510638297,22.61904761904762,52.38095238095239,,
784,NESTLEIND,Dec 2019,15.91,24.0,102.61,0.0985,24.5969,1.7244,2378.0,83.0,20.0,1.9979,168.0,189.0,2295.0,4.65,10.68,10.76,8.7,Consumer Staples,1166468.62,64.83,4.06,1.83,12369.0,1968.0,168.0,FMCG,0,9.523809523809524,33.33333333333333,27.380952380952383,33.33333333333333,81.63265306122449,55.319148936170215,47.61904761904761,58.333333333333336,,
785,NESTLEIND,Dec 2020,15.6,24.0,103.12,0.0728,20.4146,1.6899,2133.0,321.0,22.0,2.1031,93.0,147.0,2454.0,10.31,29.9,29.67,23.29,Consumer Staples,1106130.85,79.55,5.8,1.48,13350.0,2082.0,93.0,FMCG,0,8.333333333333332,36.30952380952381,29.761904761904763,38.095238095238095,20.408163265306122,4.25531914893617,41.66666666666667,69.04761904761905,,
786,NESTLEIND,Dec 2021,14.37,24.0,108.84,0.1367,17.0792,1.7903,316.0,1920.0,22.0,2.0271,91.0,266.0,2236.0,10.03,16.17,17.08,14.43,Consumer Staples,1425221.19,20.87,13.55,0.43,14741.0,2118.0,91.0,FMCG,0,5.952380952380952,45.23809523809524,23.809523809523807,77.38095238095238,24.489795918367346,21.27659574468085,60.71428571428571,77.38095238095238,,
787,NESTLEIND,Dec 2022,14.15,22.0,97.23,0.1102,24.6,1.8818,2345.0,392.0,25.0,2.5615,89.0,271.0,2737.0,11.04,14.31,13.97,13.11,Consumer Staples,1676726.13,46.21,9.96,1.32,16897.0,2391.0,89.0,FMCG,0,10.714285714285714,50.0,20.238095238095237,34.523809523809526,16.3265306122449,31.914893617021278,50.595238095238095,57.14285714285714,,
788,NESTLEIND,Dec 2023,15.68,23.0,121.96,0.1102,38.5462,2.1301,2465.0,927.0,31.0,2.5615,56.0,271.0,3392.0,11.11,13.29,12.77,12.39,Consumer Staples,1811624.04,11.53,1.76,4.1,19126.0,2999.0,56.0,FMCG,0,2.380952380952381,34.523809523809526,11.904761904761903,32.142857142857146,14.285714285714285,40.42553191489361,50.595238095238095,41.66666666666667,,
789,NESTLEIND,Mar 2024,16.12,24.0,117.75,0.1033,41.1862,2.3182,2938.0,1237.0,41.0,3.4792,79.0,345.0,4175.0,14.55,14.85,15.44,14.95,Consumer Staples,1677775.19,54.96,14.34,3.85,24394.0,3933.0,79.0,FMCG,0,3.571428571428571,30.357142857142854,5.952380952380952,30.952380952380953,6.122448979591836,27.659574468085108,48.80952380952381,39.285714285714285,10.04,4.91
790,NHPC,Mar 2013,45.02,65.0,9.64,0.6827,9.4059,0.1023,1516.0,1330.0,2.0,0.2422,28.0,20340.0,2846.0,,,,,Energy,,,,,6381.0,2873.0,28.0,Power & Utilities,0,58.75,1.25,96.25,56.25,,,10.0,5.0,,
791,NHPC,Mar 2014,22.1,59.0,5.779999999999999,0.7371,4.3483,0.1203,2702.0,1122.0,1.0,0.2551,27.0,20819.0,3824.0,,,,,Energy,,,,,7389.0,1633.0,27.0,Power & Utilities,0,80.0,32.5,83.75,45.0,,,12.5,37.5,,
792,NHPC,Mar 2015,34.03,62.0,9.1,0.6692,5.1937,0.1338,3293.0,768.0,2.0,0.2778,27.0,20584.0,4061.0,,,,,Energy,,,,,8221.0,2798.0,27.0,Power & Utilities,0,65.0,12.5,73.75,40.0,,,8.75,22.5,,
793,NHPC,Mar 2016,28.31,57.0,7.470000000000001,0.6301,5.1353,0.133,5225.0,746.0,2.0,0.2858,81.0,19938.0,5971.0,,,,,Energy,,,,,8354.0,2365.0,81.0,Power & Utilities,0,71.25,28.749999999999996,75.0,21.25,,,6.25,23.75,,
794,NHPC,Mar 2017,40.36,57.0,11.99,0.6627,6.2921,0.1433,6465.0,1864.0,3.0,0.2828,61.0,19227.0,8329.0,,,,,Energy,,,,,8623.0,3480.0,61.0,Power & Utilities,0,40.0,7.5,66.25,18.75,,,7.5,15.0,,
795,NHPC,Mar 2018,35.91,55.0,9.27,0.6192,5.8799,0.1232,3810.0,886.0,2.0,0.2928,57.0,18602.0,4696.0,3.98,-0.62,0.0,1.12,Energy,,,,,7755.0,2785.0,57.0,Power & Utilities,0,62.5,11.25,80.0,31.25,70.0,86.11111111111111,5.0,17.5,-0.87,1.9900000000000002
796,NHPC,Mar 2019,31.57,55.0,9.21,0.6191,7.4933,0.1346,2642.0,1182.0,3.0,0.3066,56.0,19066.0,3824.0,3.98,11.67,24.57,13.41,Energy,1011493.79,78.1,6.89,2.06,8983.0,2836.0,56.0,Power & Utilities,0,63.74999999999999,18.75,72.5,47.5,70.0,44.44444444444444,3.75,10.0,4.15,9.26
797,NHPC,Mar 2020,33.42,54.0,10.66,0.7401,6.5644,0.1404,6.0,2987.0,3.0,0.3124,52.0,23226.0,2993.0,4.01,3.64,8.45,5.37,Energy,1127857.12,60.03,9.48,3.57,10008.0,3345.0,52.0,Power & Utilities,0,51.24999999999999,16.25,69.375,67.5,66.66666666666666,77.77777777777779,13.750000000000002,12.5,4.58,0.79
798,NHPC,Mar 2021,37.31,55.0,10.89,0.7069,11.0295,0.1319,3463.0,1607.0,3.0,0.329,49.0,23365.0,5070.0,2.92,8.77,8.45,6.71,Energy,1493411.59,50.32,13.06,3.6,9648.0,3600.0,49.0,Power & Utilities,0,48.75,10.0,77.5,36.25,73.33333333333333,61.111111111111114,11.25,3.75,7.3,-0.5899999999999999
799,NHPC,Mar 2022,41.27,44.0,10.81,0.7473,8.5222,0.1183,1506.0,3084.0,4.0,0.3476,52.0,26096.0,4590.0,1.18,1.64,5.92,2.91,Energy,1937747.16,59.63,14.49,3.67,9144.0,3774.0,52.0,Power & Utilities,0,50.0,5.0,85.0,57.49999999999999,80.0,83.33333333333334,15.0,7.5,9.6,-6.6899999999999995
800,NHPC,Mar 2023,40.17,58.0,11.53,0.7992,14.5832,0.123,514.0,4191.0,4.0,0.368,48.0,29540.0,4705.0,6.46,8.88,14.87,10.07,Energy,1730799.02,48.09,10.79,0.42,10607.0,4261.0,48.0,Power & Utilities,0,46.25,8.75,81.25,63.74999999999999,51.11111111111111,58.333333333333336,16.25,1.25,11.42,-1.3499999999999996
801,NHPC,Mar 2024,41.82,50.0,10.41,0.8413,11.2434,0.1032,970.0,5968.0,4.0,0.3853,53.0,32561.0,6938.0,1.4,7.27,5.92,4.86,Energy,1740404.25,71.17,13.74,1.68,9632.0,4028.0,53.0,Power & Utilities,0,52.5,2.5,95.0,61.25000000000001,77.77777777777779,69.44444444444444,18.75,2.5,9.8,-4.94
802,NTPC,Mar 2013,17.6,25.0,15.49,0.8668,9.2035,0.4,-337.0,16845.0,13.0,0.9853,38.0,70419.0,16508.0,,,,,Energy,,,,,71518.0,12586.0,38.0,Power & Utilities,1,17.5,36.25,15.0,70.0,,,21.25,6.25,,
803,NTPC,Mar 2014,14.56,25.0,13.06,0.9327,6.9013,0.3914,1022.0,15509.0,12.0,1.0592,42.0,81455.0,16531.0,,,,,Energy,,,,,78330.0,11403.0,42.0,Power & Utilities,1,33.75,41.25,17.5,60.0,,,23.75,11.25,,
804,NTPC,Mar 2015,12.5,22.0,12.17,1.2455,5.3666,0.3639,-1088.0,15977.0,10.0,0.9957,21.0,102252.0,14889.0,,,,,Energy,,,,,79957.0,9992.0,21.0,Power & Utilities,1,38.75,53.75,21.25,77.5,,,30.0,20.0,,
805,NTPC,Mar 2016,14.69,25.0,11.77,1.0857,5.8693,0.3267,4963.0,19162.0,11.0,1.1107,26.0,99424.0,24125.0,,,,,Energy,,,,,73396.0,10781.0,26.0,Power & Utilities,1,42.5,40.0,38.75,22.5,,,26.25,18.75,,
806,NTPC,Mar 2017,13.06,26.0,10.95,1.1629,6.1791,0.33,-4313.0,24480.0,11.0,1.1866,37.0,113773.0,20167.0,,,,,Energy,,,,,82042.0,10714.0,37.0,Power & Utilities,1,47.5,50.0,36.25,87.5,,,27.500000000000004,16.25,,
807,NTPC,Mar 2018,11.92,26.0,10.14,1.2557,6.3101,0.3118,-1008.0,20678.0,11.0,1.2561,40.0,130049.0,19670.0,4.25,-3.56,-3.29,-0.87,Energy,,,,,88083.0,10502.0,40.0,Power & Utilities,1,53.75,56.25,45.0,73.75,62.22222222222222,91.66666666666666,31.25,13.750000000000002,-0.87,0.0
808,NTPC,Mar 2019,13.99,23.0,12.6,1.5541,4.5545,0.2891,-5377.0,24063.0,14.0,1.1254,44.0,173058.0,18686.0,5.07,4.24,3.13,4.15,Energy,636264.32,33.8,0.79,1.01,100287.0,14034.0,44.0,Power & Utilities,1,36.25,45.0,51.24999999999999,90.0,57.77777777777777,75.0,45.0,32.5,4.15,0.0
809,NTPC,Mar 2020,10.87,29.0,10.02,1.708,4.8596,0.2899,-5738.0,29628.0,12.0,1.201,27.0,202984.0,23890.0,6.48,3.56,3.71,4.58,Energy,549989.15,22.83,7.06,2.72,109464.0,11902.0,27.0,Power & Utilities,1,55.00000000000001,58.75,50.0,91.25,48.888888888888886,80.55555555555556,51.24999999999999,26.25,4.58,0.0
810,NTPC,Mar 2021,13.42,31.0,11.9,1.6718,4.2351,0.2802,11410.0,21034.0,15.0,1.2967,41.0,210208.0,32444.0,8.73,6.78,6.4,7.3,Energy,739976.68,54.58,13.83,0.75,111531.0,14969.0,41.0,Power & Utilities,1,41.25,47.5,52.5,11.25,44.44444444444444,72.22222222222221,48.75,40.0,7.3,0.0
811,NTPC,Mar 2022,12.78,30.0,12.53,1.5565,4.8177,0.319,18897.0,22891.0,17.0,1.396,41.0,210707.0,41788.0,10.09,9.62,9.1,9.6,Energy,733611.88,54.44,0.57,0.34,132669.0,16960.0,41.0,Power & Utilities,1,37.5,51.24999999999999,42.5,8.75,35.55555555555556,52.77777777777778,46.25,27.500000000000004,9.6,0.0
812,NTPC,Mar 2023,9.719999999999999,27.0,11.65,1.5162,4.3817,0.394,21007.0,26145.0,17.0,1.5162,42.0,222913.0,47152.0,14.88,10.27,9.1,11.42,Energy,953935.75,79.29,12.24,3.18,176207.0,17121.0,42.0,Power & Utilities,1,43.75,62.5,16.25,5.0,24.444444444444443,50.0,40.0,36.25,11.42,0.0
813,NTPC,Mar 2024,11.95,29.0,13.27,1.4755,4.605,0.3724,8644.0,32141.0,21.0,1.6573,36.0,237131.0,40785.0,12.22,8.74,8.45,9.8,Energy,907823.11,30.8,5.24,0.06,178501.0,21332.0,36.0,Power & Utilities,1,27.500000000000004,55.00000000000001,20.0,16.25,31.11111111111111,63.888888888888886,37.5,30.0,9.8,0.0
814,ONGC,Mar 2013,14.81,27.0,15.73,0.1356,101.2169,0.6392,-1346.0,41220.0,19.0,3.5654,34.0,20686.0,39874.0,,,,,Energy,,,,,161984.0,23994.0,34.0,Oil & Gas,0,31.666666666666664,3.3333333333333335,76.66666666666667,78.33333333333333,,,5.0,1.6666666666666667,,
815,ONGC,Mar 2014,15.31,28.0,15.49,0.2853,90.2244,0.5358,-10363.0,63633.0,21.0,4.0241,31.0,49113.0,53270.0,,,,,Energy,,,,,174121.0,26665.0,31.0,Oil & Gas,0,35.0,1.6666666666666667,85.0,90.0,,,20.0,3.3333333333333335,,
816,ONGC,Mar 2015,11.0,26.0,9.81,0.2989,16.853,0.4763,3892.0,30058.0,14.0,4.2182,44.0,53944.0,33950.0,,,,,Energy,,,,,160923.0,17703.0,44.0,Oil & Gas,0,75.0,10.0,91.66666666666666,51.66666666666667,,,21.666666666666668,23.333333333333332,,
817,ONGC,Mar 2016,10.56,32.0,6.619999999999999,0.23,10.675,0.3629,8036.0,38256.0,10.0,4.624,56.0,45500.0,46292.0,,,,,Energy,,,,,124036.0,13102.0,56.0,Oil & Gas,0,91.66666666666666,15.0,98.33333333333333,35.0,,,13.333333333333334,53.333333333333336,,
818,ONGC,Mar 2017,10.33,19.0,15.01,0.4117,18.2478,0.6355,1965.0,43815.0,19.0,3.0292,40.0,80029.0,45780.0,,,,,Energy,,,,,282506.0,29169.0,40.0,Oil & Gas,0,40.0,16.666666666666664,78.33333333333333,61.66666666666667,,,26.666666666666668,21.666666666666668,,
819,ONGC,Mar 2018,8.08,18.0,12.78,0.5223,13.4663,0.7027,-10006.0,66798.0,17.0,3.1794,38.0,106550.0,56792.0,14.78,1.67,-2.2,4.75,Energy,,,,,322706.0,26068.0,38.0,Oil & Gas,0,50.0,35.0,75.0,88.33333333333333,25.71428571428571,88.23529411764706,35.0,41.66666666666667,7.92,-3.17
820,ONGC,Mar 2019,8.05,18.0,15.64,0.4967,14.4571,0.8564,24326.0,37132.0,24.0,3.4489,29.0,107742.0,61458.0,19.35,4.94,2.71,9.0,Energy,312963.15,54.62,10.21,0.54,421624.0,33938.0,29.0,Oil & Gas,0,33.33333333333333,36.666666666666664,61.66666666666667,13.333333333333334,11.428571428571429,70.58823529411765,31.666666666666664,33.33333333333333,10.08,-1.08
821,ONGC,Mar 2020,2.89,13.0,5.59,0.6313,7.0887,0.7804,17434.0,53159.0,9.0,3.2608,58.0,129473.0,70593.0,19.78,-8.34,-8.46,0.99,Energy,347727.36,53.8,7.0,0.27,396728.0,11456.0,58.0,Oil & Gas,0,95.0,81.66666666666667,70.0,20.0,5.714285714285714,94.11764705882352,51.66666666666667,78.33333333333333,10.69,-9.7
822,ONGC,Mar 2021,7.03,16.0,9.67,0.6027,11.9598,0.5609,8044.0,39141.0,13.0,3.5132,28.0,133187.0,47185.0,19.63,10.27,5.39,11.76,Energy,316247.83,16.47,6.68,3.51,303849.0,21360.0,28.0,Oil & Gas,0,76.66666666666667,43.333333333333336,81.66666666666667,33.33333333333333,8.571428571428571,61.76470588235294,46.666666666666664,43.333333333333336,11.98,-0.22000000000000064
823,ONGC,Mar 2022,10.03,16.0,19.0,0.4701,15.2161,0.8422,37051.0,41197.0,36.0,4.1256,29.0,121986.0,78248.0,11.7,11.06,13.63,12.13,Energy,406613.69,44.82,14.33,4.48,491246.0,49294.0,29.0,Oil & Gas,0,28.333333333333332,18.333333333333332,65.0,6.666666666666667,37.142857142857146,52.94117647058824,30.0,28.333333333333332,17.08,-4.9499999999999975
824,ONGC,Mar 2023,5.18,12.0,11.68,0.5069,9.5699,1.0313,11372.0,74690.0,28.0,4.4618,40.0,142255.0,86062.0,14.4,4.69,10.49,9.86,Energy,374517.84,43.8,0.83,4.34,632291.0,32778.0,40.0,Oil & Gas,0,53.333333333333336,65.0,46.666666666666664,26.666666666666668,28.57142857142857,76.47058823529412,33.33333333333333,63.33333333333333,15.22,-5.360000000000001
825,ONGC,Mar 2024,9.66,17.0,16.94,0.4544,11.3613,0.8332,42060.0,57203.0,39.0,5.3588,31.0,153181.0,99263.0,7.0,10.97,10.2,9.39,Energy,390111.05,18.15,10.36,1.11,591396.0,57101.0,31.0,Oil & Gas,0,30.0,23.333333333333332,66.66666666666666,3.3333333333333335,60.0,58.82352941176471,28.333333333333332,50.0,12.08,-2.6899999999999995
826,PFC,Mar 2013,25.63,35.0,18.74,5.8899,0.5456,0.1023,-25080.0,22.0,13.0,1.7939,21.0,139473.0,-25102.0,,,,,Financials,,,,,17314.0,4438.0,21.0,Power Financing,1,75.0,37.5,41.66666666666667,50.0,,,29.166666666666668,75.0,,
827,PFC,Mar 2014,25.52,36.0,19.85,5.785,0.5845,0.1102,-22464.0,9.0,17.0,2.085,22.0,159215.0,-22473.0,,,,,Financials,,,,,21407.0,5462.0,22.0,Power Financing,1,45.83333333333333,45.83333333333333,25.0,41.66666666666667,,,16.666666666666664,54.166666666666664,,
828,PFC,Mar 2015,24.03,34.0,18.52,5.7942,0.547,0.1092,-21946.0,491.0,18.0,2.4554,20.0,187795.0,-21455.0,,,,,Financials,,,,,24988.0,6004.0,20.0,Power Financing,1,79.16666666666666,54.166666666666664,29.166666666666668,37.5,,,20.833333333333336,70.83333333333334,,
829,PFC,Mar 2016,22.2,33.0,17.16,5.5696,0.5515,0.1127,-15271.0,1973.0,19.0,2.7294,30.0,200660.0,-13298.0,,,,,Financials,,,,,27861.0,6184.0,30.0,Power Financing,1,83.33333333333334,75.0,12.5,25.0,,,12.5,66.66666666666666,,
830,PFC,Mar 2017,8.110000000000001,19.0,6.069999999999999,5.5094,0.3164,0.1063,1128.0,667.0,7.0,1.3956,59.0,202993.0,1795.0,,,,,Financials,,,,,27581.0,2236.0,59.0,Power Financing,1,100.0,100.0,33.33333333333333,12.5,,,8.333333333333332,100.0,,
831,PFC,Mar 2018,18.09,24.0,22.08,11.0747,0.3894,0.0931,-55739.0,1409.0,20.0,1.5089,31.0,441151.0,-57148.0,22.94,14.66,9.0,15.53,Financials,,,,,48624.0,8797.0,31.0,Power Financing,1,29.166666666666668,87.5,58.333333333333336,79.16666666666666,7.142857142857142,57.14285714285714,91.66666666666666,91.66666666666666,15.53,0.0
832,PFC,Mar 2019,23.36,33.0,26.82,11.449,0.5163,0.086,-93715.0,13463.0,30.0,1.7849,0.0,539488.0,-80252.0,20.38,18.27,12.03,16.89,Financials,1215368.18,37.83,3.81,0.88,54106.0,12640.0,0.0,Power Financing,1,4.166666666666666,66.66666666666666,91.66666666666666,95.83333333333334,28.57142857142857,42.857142857142854,95.83333333333334,83.33333333333334,16.89,0.0
833,PFC,Mar 2020,15.24,23.0,19.18,12.0761,0.3456,0.0895,-42221.0,73.0,22.0,1.8712,35.0,596561.0,-42148.0,20.0,9.56,4.1,11.22,Financials,1544887.02,36.3,4.82,0.46,62189.0,9477.0,35.0,Power Financing,1,62.5,95.83333333333334,66.66666666666666,70.83333333333334,35.714285714285715,71.42857142857143,100.0,95.83333333333334,11.22,0.0
834,PFC,Mar 2021,21.93,28.0,25.86,10.8559,0.4457,0.0924,-57402.0,1741.0,36.0,2.3018,22.0,659682.0,-59143.0,20.8,20.51,13.63,18.31,Financials,1682458.73,71.66,1.56,0.75,71656.0,15716.0,22.0,Power Financing,1,16.666666666666664,79.16666666666666,62.5,83.33333333333334,21.428571428571427,14.285714285714285,87.5,87.5,18.31,0.0
835,PFC,Mar 2022,24.61,31.0,26.18,9.2147,0.5238,0.0964,4357.0,547.0,42.0,2.715,23.0,660476.0,4904.0,22.56,53.03,43.1,39.56,Financials,1504604.05,15.39,8.05,0.15,76262.0,18768.0,23.0,Power Financing,1,8.333333333333332,50.0,45.83333333333333,8.333333333333332,14.285714285714285,7.142857142857142,83.33333333333334,79.16666666666666,39.56,0.0
836,PFC,Mar 2023,27.26,34.0,25.17,8.9256,0.5646,0.0867,-76411.0,1694.0,48.0,3.1878,22.0,751158.0,-74717.0,9.82,19.21,19.14,16.06,Financials,1625821.23,32.45,5.31,0.09,77684.0,21179.0,22.0,Power Financing,1,20.833333333333336,25.0,81.25,91.66666666666666,78.57142857142857,35.714285714285715,79.16666666666666,62.5,16.06,0.0
837,PFC,Mar 2024,28.92,37.0,26.16,8.5219,0.5804,0.0881,-101229.0,3409.0,60.0,3.0651,23.0,861961.0,-97820.0,11.08,15.92,14.87,13.96,Financials,2011885.81,35.6,6.59,0.42,91508.0,26461.0,23.0,Power Financing,1,12.5,8.333333333333332,75.0,100.0,57.14285714285714,50.0,75.0,58.333333333333336,13.96,0.0
838,PIDILITIND,Mar 2013,11.53,15.0,25.68,0.0672,41.5625,1.406,328.0,144.0,8.0,3.2373,31.0,111.0,472.0,,,,,Materials,,,,,3678.0,424.0,31.0,Specialty Chemicals,1,25.0,75.0,33.33333333333333,66.66666666666666,,,100.0,100.0,,
839,PIDILITIND,Mar 2014,10.51,16.0,23.05,0.0236,44.375,1.4628,295.0,99.0,9.0,3.8275,31.0,46.0,394.0,,,,,Materials,,,,,4283.0,450.0,31.0,Specialty Chemicals,1,50.0,100.0,8.333333333333332,75.0,,,8.333333333333332,83.33333333333334,,
840,PIDILITIND,Mar 2015,10.61,16.0,22.64,0.0256,50.6875,1.4612,116.0,436.0,10.0,4.451,29.0,58.0,552.0,,,,,Materials,,,,,4844.0,514.0,29.0,Specialty Chemicals,1,58.333333333333336,91.66666666666666,16.666666666666664,83.33333333333334,,,16.666666666666664,50.0,,
841,PIDILITIND,Mar 2016,15.05,22.0,30.59,0.0303,96.4615,1.4435,416.0,491.0,16.0,5.1725,26.0,80.0,907.0,,,,,Materials,,,,,5361.0,807.0,26.0,Specialty Chemicals,1,8.333333333333332,41.66666666666667,25.0,41.66666666666667,,,41.66666666666667,16.666666666666664,,
842,PIDILITIND,Mar 2017,15.36,22.0,24.86,0.0282,98.3571,1.1776,-85.0,879.0,17.0,6.8059,28.0,98.0,794.0,,,,,Materials,,,,,5617.0,863.0,28.0,Specialty Chemicals,1,41.66666666666667,33.33333333333333,50.0,91.66666666666666,,,33.33333333333333,8.333333333333332,,
843,PIDILITIND,Mar 2018,15.89,22.0,27.03,0.035,93.375,1.1691,835.0,39.0,19.0,7.0078,32.0,125.0,796.0,10.57,17.9,18.89,15.79,Materials,,,,,6078.0,966.0,32.0,Specialty Chemicals,1,16.666666666666664,8.333333333333332,58.333333333333336,25.0,64.28571428571429,14.285714285714285,50.0,25.0,15.79,0.0
844,PIDILITIND,Mar 2019,13.11,19.0,22.37,0.0272,57.7308,1.1988,332.0,513.0,18.0,8.1333,36.0,113.0,845.0,10.57,15.58,14.87,13.67,Materials,175760.23,17.69,11.27,3.98,7078.0,928.0,36.0,Specialty Chemicals,1,66.66666666666666,58.333333333333336,41.66666666666667,58.333333333333336,64.28571428571429,42.857142857142854,25.0,33.33333333333333,13.67,0.0
845,PIDILITIND,Mar 2020,15.38,22.0,25.18,0.0646,49.2059,1.1182,1383.0,103.0,22.0,8.7373,32.0,288.0,1280.0,8.53,16.9,17.08,14.17,Materials,187037.75,78.98,3.06,2.56,7294.0,1122.0,32.0,Specialty Chemicals,1,33.33333333333333,25.0,75.0,8.333333333333332,85.71428571428571,28.57142857142857,83.33333333333334,58.333333333333336,14.17,0.0
846,PIDILITIND,Mar 2021,15.44,23.0,20.13,0.0592,47.5676,0.8274,-296.0,1688.0,22.0,10.9667,38.0,331.0,1392.0,6.35,6.89,6.58,6.61,Materials,193847.18,68.76,12.53,2.06,7293.0,1126.0,38.0,Specialty Chemicals,1,83.33333333333334,16.666666666666664,100.0,100.0,100.0,85.71428571428571,75.0,66.66666666666666,6.61,0.0
847,PIDILITIND,Mar 2022,12.17,19.0,18.85,0.065,45.119,1.045,397.0,558.0,24.0,12.5569,42.0,416.0,955.0,12.05,6.94,7.14,8.71,Materials,174189.7,35.42,3.26,4.17,9921.0,1207.0,42.0,Specialty Chemicals,1,91.66666666666666,66.66666666666666,83.33333333333334,50.0,28.57142857142857,71.42857142857143,91.66666666666666,75.0,8.71,0.0
848,PIDILITIND,Mar 2023,10.92,17.0,17.87,0.0542,42.5208,1.1232,659.0,899.0,25.0,14.1412,44.0,391.0,1558.0,14.19,5.94,5.64,8.59,Materials,162985.56,38.11,2.48,4.36,11799.0,1289.0,44.0,Specialty Chemicals,1,100.0,83.33333333333334,66.66666666666666,33.33333333333333,14.285714285714285,100.0,66.66666666666666,91.66666666666666,8.59,0.0
849,PIDILITIND,Mar 2024,14.11,22.0,20.78,0.0454,54.3333,1.0254,955.0,1769.0,34.0,16.4843,47.0,382.0,2724.0,11.84,13.49,13.56,12.96,Materials,162274.18,36.12,12.3,1.01,12383.0,1747.0,47.0,Specialty Chemicals,1,75.0,50.0,91.66666666666666,16.666666666666664,42.857142857142854,57.14285714285714,58.333333333333336,41.66666666666667,12.96,0.0
854,PNB,Mar 2013,11.66,,812.3,10.8333,,5.6265,-1292.0,600.0,28.0,1.236,19.0,6695.0,-692.0,,,,,Financials,,,,,43071.0,5020.0,19.0,Public Sector Banks,0,2.083333333333333,16.666666666666664,2.083333333333333,64.58333333333334,,,22.916666666666664,,,
859,PNB,Mar 2014,8.17,,393.36,10.8223,,3.8958,16604.0,302.0,20.0,1.4152,10.0,10108.0,16906.0,,,,,Financials,,,,,44958.0,3674.0,10.0,Public Sector Banks,0,4.166666666666666,33.33333333333333,4.166666666666666,31.25,,,20.833333333333336,,,
864,PNB,Mar 2015,7.24,,223.24,10.4376,,2.559,3942.0,872.0,18.0,1.5183,18.0,16481.0,4814.0,,,,,Financials,,,,,48710.0,3525.0,18.0,Public Sector Banks,0,6.25,37.5,6.25,47.91666666666667,,,18.75,,,
869,PNB,Mar 2016,-6.909999999999999,,-163.56,12.1221,,1.7122,12815.0,1352.0,-19.0,1.6898,-2.0,26014.0,14167.0,,,,,Financials,,,,,50804.0,-3510.0,-2.0,Public Sector Banks,0,97.91666666666666,85.41666666666666,8.333333333333332,37.5,,,25.0,,,
874,PNB,Mar 2017,2.58,,22.21,6.3638,,1.1187,22097.0,159.0,6.0,3.3602,0.0,35497.0,21938.0,,,,,Financials,,,,,48058.0,1239.0,0.0,Public Sector Banks,0,16.666666666666664,64.58333333333334,18.75,12.5,,,8.333333333333332,,,
879,PNB,Mar 2018,-24.86,,-184.37,8.1865,,0.7732,-1350.0,392.0,-44.0,3.9335,0.0,53777.0,-1742.0,2.5,,,0.83,Financials,,,,,48725.0,-12111.0,0.0,Public Sector Banks,0,100.0,100.0,20.833333333333336,66.66666666666666,96.42857142857143,,12.5,,,
884,PNB,Mar 2019,-18.31,,-128.45,9.665,,0.6227,-34161.0,629.0,-21.0,4.4521,0.0,71859.0,-33532.0,3.01,,,1.0,Financials,1116326.04,70.8,13.8,1.23,52147.0,-9550.0,0.0,Public Sector Banks,0,95.83333333333334,97.91666666666666,25.0,95.83333333333334,89.28571428571429,,16.666666666666664,,,
889,PNB,Mar 2020,0.88,,6.1,8.5235,,0.6963,-13131.0,338.0,1.0,4.7304,0.0,67736.0,-12793.0,2.43,-32.75,-43.9,-24.74,Financials,1458207.93,19.1,9.35,3.19,54918.0,485.0,0.0,Public Sector Banks,0,56.25,77.08333333333334,22.916666666666664,87.5,100.0,100.0,14.583333333333334,,,
894,PNB,Mar 2021,3.29,,30.39,6.6983,,1.1486,30163.0,787.0,2.0,5.278,0.0,59394.0,30950.0,10.03,,,3.34,Financials,1774323.73,20.42,9.61,4.26,81935.0,2695.0,0.0,Public Sector Banks,0,14.583333333333334,62.5,16.666666666666664,8.333333333333332,53.57142857142857,,10.416666666666668,,,
899,PNB,Mar 2022,5.13,,39.87,5.4036,,1.1614,18828.0,1204.0,4.0,5.7994,18.0,52961.0,20032.0,9.67,25.83,-7.79,9.24,Financials,2107018.91,21.47,10.12,3.31,76242.0,3908.0,18.0,Public Sector Banks,0,10.416666666666668,47.91666666666667,14.583333333333334,18.75,60.71428571428571,54.54545454545454,6.25,,,
904,PNB,Mar 2023,3.87,,30.67,4.8956,,1.3,21860.0,732.0,3.0,6.4811,21.0,53621.0,22592.0,12.25,,,4.08,Financials,2086779.73,20.74,8.38,2.83,86845.0,3359.0,21.0,Public Sector Banks,0,12.5,58.333333333333336,12.5,14.583333333333334,35.714285714285715,,4.166666666666666,,,
909,PNB,Mar 2024,8.4,,61.31999999999999,3.6843,,1.507,-29445.0,1506.0,8.0,5.7435,18.0,55017.0,-27939.0,15.9,,,5.3,Financials,1825925.6,19.29,10.91,1.32,109065.0,9157.0,18.0,Public Sector Banks,0,8.333333333333332,31.25,10.416666666666668,93.75,21.428571428571427,,2.083333333333333,,,
911,POWERGRID,Mar 2013,32.97,83.0,16.34,2.6222,4.5414,0.1154,-10394.0,22084.0,5.0,0.5703,31.0,69233.0,11690.0,,,,,Energy,,,,,13081.0,4313.0,31.0,Power & Utilities,0,15.0,17.5,87.5,96.25,,,67.5,33.75,,
913,POWERGRID,Mar 2014,29.24,83.0,13.11,2.4272,4.2077,0.1099,-11416.0,26639.0,5.0,0.6632,30.0,84220.0,15223.0,,,,,Energy,,,,,15555.0,4548.0,30.0,Power & Utilities,0,32.5,22.5,90.0,97.5,,,62.5,42.5,,
915,POWERGRID,Mar 2015,28.77,85.0,13.13,2.5038,3.8368,0.1091,-8385.0,24185.0,5.0,0.7347,21.0,96243.0,15800.0,,,,,Energy,,,,,17540.0,5046.0,21.0,Power & Utilities,0,31.25,26.25,91.25,95.0,,,66.25,45.0,,
917,POWERGRID,Mar 2016,28.85,88.0,13.55,2.4686,3.7043,0.1152,-6568.0,21576.0,6.0,0.8404,20.0,108545.0,15008.0,,,,,Energy,,,,,20652.0,5959.0,20.0,Power & Utilities,0,25.0,25.0,88.75,92.5,,,63.74999999999999,48.75,,
919,POWERGRID,Mar 2017,29.0,87.0,14.94,2.3862,3.769,0.1313,-2261.0,23836.0,8.0,0.9531,31.0,118988.0,21575.0,,,,,Energy,,,,,25697.0,7451.0,31.0,Power & Utilities,0,21.25,23.75,78.75,83.75,,,60.0,46.25,,
921,POWERGRID,Mar 2018,27.39,87.0,15.07,2.4162,4.0997,0.1329,-2991.0,25701.0,9.0,1.0403,33.0,131503.0,22710.0,18.02,13.72,12.47,14.74,Energy,,,,,29954.0,8204.0,33.0,Power & Utilities,0,18.75,31.25,76.25,85.0,11.11111111111111,36.11111111111111,61.25000000000001,43.75,-0.87,15.61
923,POWERGRID,Mar 2019,28.62,77.0,16.98,2.4772,3.2534,0.1417,4544.0,18727.0,11.0,1.1294,43.0,146376.0,23271.0,17.65,17.15,17.08,17.29,Energy,253564.15,70.85,7.24,3.98,35059.0,10034.0,43.0,Power & Utilities,0,13.750000000000002,27.500000000000004,67.5,28.749999999999996,13.333333333333334,25.0,65.0,53.75,4.15,13.139999999999999
925,POWERGRID,Mar 2020,29.3,87.0,17.09,2.2918,3.755,0.1471,20006.0,10733.0,12.0,1.2365,47.0,148270.0,30739.0,16.56,16.99,19.14,17.56,Energy,277274.49,37.33,5.79,2.72,37744.0,11059.0,47.0,Power & Utilities,0,12.5,21.25,65.0,7.5,15.555555555555555,27.77777777777778,58.75,47.5,4.58,12.979999999999999
927,POWERGRID,Mar 2021,30.36,88.0,17.21,2.048,4.3854,0.155,20159.0,9244.0,13.0,1.3367,52.0,143232.0,29403.0,13.93,15.1,16.72,15.25,Energy,300348.19,30.87,8.89,3.39,39640.0,12036.0,52.0,Power & Utilities,0,11.25,20.0,63.74999999999999,6.25,26.666666666666668,30.555555555555557,55.00000000000001,35.0,7.3,7.95
929,POWERGRID,Mar 2022,40.42,86.0,22.07,1.7666,5.0421,0.1659,26877.0,753.0,18.0,1.0931,61.0,134696.0,26124.0,10.13,17.69,17.61,15.14,Energy,270631.91,65.69,3.16,4.37,41622.0,16824.0,61.0,Power & Utilities,0,5.0,6.25,62.5,2.5,33.33333333333333,22.22222222222222,52.5,25.0,9.6,5.540000000000001
931,POWERGRID,Mar 2023,33.81,87.0,18.57,1.5487,4.2214,0.1808,33065.0,7138.0,17.0,1.1903,67.0,128584.0,40203.0,8.77,13.45,13.56,11.93,Energy,300792.57,31.09,12.44,3.26,45603.0,15420.0,67.0,Power & Utilities,0,7.5,15.0,61.25000000000001,1.25,42.22222222222222,38.88888888888889,43.75,41.25,11.42,0.5099999999999998
933,POWERGRID,Mar 2024,33.97,87.0,17.87,1.4173,4.603,0.1828,24176.0,13114.0,17.0,0.937,67.0,123516.0,37290.0,5.51,9.19,9.1,7.93,Energy,372584.24,64.39,5.1,3.09,45843.0,15573.0,67.0,Power & Utilities,0,10.0,13.750000000000002,60.0,3.75,53.333333333333336,55.55555555555556,35.0,31.25,9.8,-1.870000000000001
934,RECLTD,Mar 2013,28.11,97.0,21.87,6.1473,1.6422,0.1044,-19907.0,152.0,15.0,1.7761,21.0,107762.0,-20059.0,,,,,Financials,,,,,13634.0,3833.0,21.0,Power Financing,0,33.33333333333333,16.666666666666664,37.5,33.33333333333333,,,41.66666666666667,12.5,,
935,RECLTD,Mar 2014,27.53,97.0,22.79,6.0651,1.6598,0.1126,-17108.0,136.0,18.0,2.1077,20.0,126173.0,-17244.0,,,,,Financials,,,,,17223.0,4741.0,20.0,Power Financing,0,25.0,20.833333333333336,16.666666666666664,29.166666666666668,,,37.5,8.333333333333332,,
936,RECLTD,Mar 2015,26.01,94.0,21.31,6.0218,1.6386,0.112,-23747.0,151.0,20.0,2.5402,20.0,150979.0,-23898.0,,,,,Financials,,,,,20544.0,5344.0,20.0,Power Financing,0,37.5,29.166666666666668,20.833333333333336,45.83333333333333,,,33.33333333333333,16.666666666666664,,
937,RECLTD,Mar 2016,23.59,93.0,19.7,5.8565,1.5718,0.1166,-14034.0,756.0,22.0,2.9274,30.0,169212.0,-13278.0,,,,,Financials,,,,,24125.0,5691.0,30.0,Power Financing,0,50.0,58.333333333333336,4.166666666666666,20.833333333333336,,,25.0,29.166666666666668,,
938,RECLTD,Mar 2017,25.94,92.0,18.75,4.9851,1.6694,0.1158,6704.0,101.0,24.0,1.7049,30.0,167852.0,6805.0,,,,,Financials,,,,,24338.0,6313.0,30.0,Power Financing,0,70.83333333333334,33.33333333333333,8.333333333333332,4.166666666666666,,,4.166666666666666,4.166666666666666,,
939,RECLTD,Mar 2018,19.64,85.0,13.66,6.2712,1.4473,0.0935,-32464.0,46.0,17.0,1.65,41.0,204367.0,-32510.0,10.69,3.03,2.53,5.42,Financials,,,,,22658.0,4451.0,41.0,Power Financing,0,95.83333333333334,83.33333333333334,54.166666666666664,54.166666666666664,64.28571428571429,92.85714285714286,45.83333333333333,45.83333333333333,15.53,-10.11
940,RECLTD,Mar 2019,22.6,93.0,16.62,7.0703,1.5179,0.0851,-35409.0,457.0,22.0,1.7492,38.0,244249.0,-35866.0,8.09,3.9,4.1,5.36,Financials,252889.41,55.19,7.65,2.17,25408.0,5741.0,38.0,Power Financing,0,87.5,70.83333333333334,95.83333333333334,62.5,85.71428571428571,85.71428571428571,62.5,37.5,16.89,-11.530000000000001
941,RECLTD,Mar 2020,16.61,87.0,14.05,8.0879,1.3708,0.0863,-32591.0,121.0,19.0,1.7923,44.0,286289.0,-32712.0,7.82,-1.43,-1.02,1.79,Financials,326394.54,30.66,6.23,4.03,29942.0,4972.0,44.0,Power Financing,0,91.66666666666666,91.66666666666666,87.5,58.333333333333336,100.0,100.0,70.83333333333334,50.0,11.22,-9.43
942,RECLTD,Mar 2021,23.56,91.0,19.14,7.5341,1.5022,0.0887,-42651.0,861.0,32.0,2.2159,30.0,329723.0,-43512.0,8.07,8.04,7.78,7.96,Financials,306600.13,16.55,4.55,0.35,35557.0,8378.0,30.0,Power Financing,0,66.66666666666666,62.5,70.83333333333334,75.0,92.85714285714286,78.57142857142857,66.66666666666666,41.66666666666667,18.31,-10.349999999999998
943,RECLTD,Mar 2022,25.55,88.0,19.56,6.4903,1.5646,0.0956,-1106.0,287.0,38.0,2.5982,30.0,333043.0,-819.0,10.04,9.71,9.63,9.79,Financials,362149.73,77.79,3.64,4.17,39276.0,10036.0,30.0,Power Financing,0,54.166666666666664,41.66666666666667,50.0,16.666666666666664,71.42857142857143,64.28571428571429,54.166666666666664,33.33333333333333,39.56,-29.770000000000003
944,RECLTD,Mar 2023,28.28,95.0,19.21,6.5518,1.5867,0.0848,-38303.0,943.0,42.0,2.2074,30.0,380790.0,-37360.0,11.75,20.2,19.83,17.26,Financials,324371.96,74.2,3.44,2.37,39486.0,11167.0,30.0,Power Financing,0,58.333333333333336,12.5,100.0,66.66666666666666,50.0,21.428571428571427,58.333333333333336,25.0,16.06,1.2000000000000028
945,RECLTD,Mar 2024,29.77,101.0,20.4,6.4249,1.6005,0.0867,-59554.0,1831.0,54.0,2.6339,30.0,445568.0,-57723.0,13.34,19.76,19.67,17.59,Financials,291917.42,31.49,4.59,2.18,47517.0,14145.0,30.0,Power Financing,0,41.66666666666667,4.166666666666666,81.25,87.5,42.857142857142854,28.57142857142857,50.0,20.833333333333336,13.96,3.629999999999999
946,RELIANCE,Mar 2013,5.27,8.0,11.47,0.5889,11.814,1.0927,9317.0,27601.0,15.0,6.2008,13.0,107219.0,36918.0,,,,,Energy,,,,,395957.0,20886.0,13.0,Oil & Gas,1,60.0,60.0,43.333333333333336,31.666666666666664,,,45.0,46.666666666666664,,
947,RELIANCE,Mar 2014,5.2,8.0,11.35,0.6984,11.4181,1.0109,-29809.0,73070.0,16.0,6.7581,12.0,138761.0,43261.0,,,,,Energy,,,,,433521.0,22548.0,12.0,Oil & Gas,1,61.66666666666667,63.33333333333333,50.0,95.0,,,55.00000000000001,48.333333333333336,,
948,RELIANCE,Mar 2015,6.31,10.0,10.82,0.77,13.8652,0.7421,-30332.0,64706.0,17.0,7.4244,12.0,168251.0,34374.0,,,,,Energy,,,,,374372.0,23640.0,12.0,Oil & Gas,1,65.0,50.0,71.66666666666667,96.66666666666667,,,60.0,38.333333333333336,,
949,RELIANCE,Mar 2016,10.95,15.0,12.9,0.8409,14.6283,0.4551,1948.0,36186.0,22.0,7.8547,10.0,194714.0,38134.0,,,,,Energy,,,,,272583.0,29861.0,10.0,Oil & Gas,1,46.666666666666664,11.666666666666666,95.0,63.33333333333333,,,68.33333333333333,31.666666666666664,,
950,RELIANCE,Mar 2017,9.81,15.0,11.31,0.8247,14.4269,0.43,-16651.0,66201.0,22.0,8.9121,11.0,217475.0,49550.0,,,,,Energy,,,,,303954.0,29833.0,11.0,Oil & Gas,1,63.33333333333333,20.0,96.66666666666667,91.66666666666666,,,66.66666666666666,35.0,,
951,RELIANCE,Mar 2018,9.229999999999999,16.0,12.29,0.8172,9.2131,0.4817,3267.0,68192.0,27.0,4.9562,10.0,239843.0,71459.0,-0.26,11.55,12.47,7.92,Energy,,,,,390823.0,36080.0,10.0,Oil & Gas,1,51.66666666666667,25.0,90.0,53.333333333333336,94.28571428571428,50.0,65.0,68.33333333333333,7.92,0.0
952,RELIANCE,Mar 2019,7.01,15.0,10.29,0.7949,5.6172,0.5697,-52161.0,94507.0,29.0,6.5324,10.0,307714.0,42346.0,5.56,12.06,12.63,10.08,Energy,648684.98,42.66,12.4,1.43,568337.0,39837.0,10.0,Oil & Gas,1,68.33333333333333,45.0,80.0,98.33333333333333,62.857142857142854,44.11764705882353,63.33333333333333,81.66666666666667,10.08,0.0
953,RELIANCE,Mar 2020,6.68,15.0,8.88,0.7906,4.4416,0.513,22380.0,72497.0,29.0,7.0858,10.0,355133.0,94877.0,9.77,11.03,11.27,10.69,Energy,552791.93,62.77,2.06,0.09,596679.0,39880.0,10.0,Oil & Gas,1,80.0,48.333333333333336,86.66666666666667,15.0,48.57142857142857,55.88235294117647,61.66666666666667,88.33333333333333,10.69,0.0
954,RELIANCE,Mar 2021,11.52,17.0,7.68,0.3984,4.8715,0.3532,-115427.0,142385.0,39.0,10.8638,9.0,278962.0,26958.0,11.34,12.47,12.13,11.98,Energy,477545.63,14.91,14.48,2.92,466307.0,53739.0,9.0,Oil & Gas,1,88.33333333333333,8.333333333333332,100.0,100.0,42.857142857142854,41.17647058823529,23.333333333333332,85.0,11.98,0.0
955,RELIANCE,Mar 2022,9.77,16.0,8.7,0.4094,8.7892,0.4635,1492.0,109162.0,45.0,11.5223,9.0,319158.0,110654.0,17.98,17.86,15.39,17.08,Energy,421125.76,34.76,7.47,2.6,694673.0,67845.0,9.0,Oil & Gas,1,81.66666666666667,21.666666666666668,93.33333333333333,68.33333333333333,14.285714285714285,26.47058823529412,25.0,70.0,17.08,0.0
956,RELIANCE,Mar 2023,8.450000000000001,16.0,10.35,0.6309,7.8861,0.5457,22031.0,93001.0,49.0,10.5804,9.0,451664.0,115032.0,17.53,15.48,12.66,15.22,Energy,449714.02,75.41,8.7,0.62,876396.0,74088.0,9.0,Oil & Gas,1,66.66666666666666,33.33333333333333,83.33333333333334,16.666666666666664,17.142857142857142,35.294117647058826,50.0,73.33333333333333,15.22,0.0
957,RELIANCE,Mar 2024,8.790000000000001,18.0,9.959999999999999,0.5785,7.7289,0.5123,45207.0,113581.0,51.0,11.7275,10.0,458991.0,158788.0,9.61,14.68,11.95,12.08,Energy,432472.71,58.34,3.25,4.21,899041.0,79020.0,10.0,Oil & Gas,1,73.33333333333333,28.333333333333332,88.33333333333333,1.6666666666666667,51.42857142857142,38.23529411764706,43.333333333333336,76.66666666666667,12.08,0.0
958,SBILIFE,Mar 2013,4.24,3.0,23.03,0.0,179.75,0.2768,903.0,227.0,6.0,0.2736,8.0,0.0,1130.0,,,,,Financials,,,,,14870.0,630.0,8.0,Life Insurance,0,45.23809523809524,28.57142857142857,54.761904761904766,52.5,,,35.714285714285715,52.94117647058824,,
959,SBILIFE,Mar 2014,4.22,3.0,21.69,0.0,171.0,0.2846,-542.0,708.0,7.0,0.3356,14.0,0.0,166.0,,,,,Financials,,,,,17258.0,728.0,14.0,Life Insurance,0,50.0,32.142857142857146,47.61904761904761,77.5,,,35.714285714285715,55.88235294117647,,
960,SBILIFE,Mar 2015,3.48,3.0,20.09,0.0,244.25,0.3157,2533.0,178.0,8.0,0.4056,15.0,0.0,2711.0,,,,,Financials,,,,,23399.0,815.0,15.0,Life Insurance,0,52.38095238095239,38.095238095238095,26.190476190476193,27.500000000000004,,,35.714285714285715,29.411764705882355,,
961,SBILIFE,Mar 2016,4.37,5.0,17.83,0.0,209.8,0.2316,-1426.0,7204.0,8.0,0.4733,14.0,0.0,5778.0,,,,,Financials,,,,,19324.0,844.0,14.0,Life Insurance,0,57.14285714285714,26.190476190476193,76.19047619047619,87.5,,,35.714285714285715,44.11764705882353,,
962,SBILIFE,Mar 2017,3.13,4.0,17.2,0.0,241.4,0.2988,-507.0,9032.0,10.0,0.5552,16.0,0.0,8525.0,,,,,Financials,,,,,30548.0,955.0,16.0,Life Insurance,0,64.28571428571429,52.38095238095239,39.285714285714285,75.0,,,35.714285714285715,32.35294117647059,,
963,SBILIFE,Mar 2018,3.38,4.0,17.62,0.0,248.0,0.2799,1485.0,8910.0,12.0,0.6528,17.0,0.0,10395.0,18.03,12.79,14.87,15.23,Financials,,,,,34068.0,1150.0,17.0,Life Insurance,0,59.523809523809526,42.857142857142854,52.38095238095239,42.5,45.45454545454545,13.636363636363635,35.714285714285715,26.47058823529412,,
964,SBILIFE,Mar 2019,2.98,3.0,17.52,0.0,217.5,0.304,-79.0,13552.0,13.0,0.7576,15.0,0.0,13473.0,20.91,12.76,13.18,15.62,Financials,491285.25,41.21,6.55,4.01,44604.0,1327.0,15.0,Life Insurance,0,61.904761904761905,54.761904761904766,28.57142857142857,67.5,31.818181818181817,18.181818181818183,35.714285714285715,38.23529411764706,,
965,SBILIFE,Mar 2020,3.25,3.0,16.26,0.0,,0.2645,2313.0,16986.0,14.0,0.8743,0.0,0.0,19299.0,13.36,11.78,11.84,12.33,Financials,625311.99,10.2,6.98,0.64,43798.0,1422.0,0.0,Life Insurance,0,69.04761904761905,47.61904761904761,64.28571428571429,32.5,77.27272727272727,27.27272727272727,35.714285714285715,,,
966,SBILIFE,Mar 2021,1.78,1.0,14.0,0.0,,0.3611,4675.0,19203.0,15.0,1.04,17.0,0.0,23878.0,33.49,11.52,13.4,19.47,Financials,654418.26,76.94,1.19,0.73,81913.0,1456.0,17.0,Life Insurance,0,76.19047619047619,76.19047619047619,9.523809523809524,15.0,4.545454545454546,31.818181818181817,35.714285714285715,,,
967,SBILIFE,Mar 2022,1.81,1.0,12.96,0.0,,0.3036,241.0,21611.0,15.0,1.1622,13.0,0.0,21852.0,22.12,9.54,8.45,13.37,Financials,781640.88,47.37,11.71,3.14,82983.0,1506.0,13.0,Life Insurance,0,80.95238095238095,73.80952380952381,30.952380952380953,62.5,22.727272727272727,45.45454545454545,35.714285714285715,,,
968,SBILIFE,Mar 2023,2.13,0.0,13.22,0.0,198.4,0.2563,-1547.0,30203.0,17.0,1.3005,15.0,0.0,28656.0,18.81,8.4,7.21,11.47,Financials,703278.16,60.68,3.62,4.39,80636.0,1721.0,15.0,Life Insurance,0,78.57142857142857,64.28571428571429,69.04761904761905,90.0,36.36363636363637,50.0,35.714285714285715,47.05882352941176,,
969,SBILIFE,Mar 2024,1.43,0.0,12.7,0.0,240.3333,0.3314,-2099.0,31221.0,19.0,1.4893,14.0,0.0,29122.0,24.23,7.37,7.89,13.16,Financials,886097.71,69.98,9.48,1.62,131988.0,1894.0,14.0,Life Insurance,0,83.33333333333334,83.33333333333334,19.047619047619047,92.5,18.181818181818183,59.09090909090909,35.714285714285715,35.294117647058826,,
970,SHREECEM,Jun 2013,18.53,29.0,26.12,0.3351,9.057,0.8795,990.0,270.0,288.0,10.9829,7.0,1288.0,1260.0,,,,,Materials,,,,,5418.0,1004.0,7.0,Cement,0,2.941176470588235,2.941176470588235,2.941176470588235,61.76470588235294,,,70.58823529411765,85.29411764705883,,
971,SHREECEM,Jun 2014,13.77,24.0,16.71,0.2547,11.5814,0.7798,167.0,1234.0,226.0,13.46,10.0,1200.0,1401.0,,,,,Materials,,,,,5715.0,787.0,10.0,Cement,0,11.76470588235294,26.47058823529412,14.705882352941178,79.41176470588235,,,64.70588235294117,73.52941176470588,,
972,SHREECEM,Jun 2015,6.81,21.0,8.07,0.1738,11.9504,0.7826,249.0,990.0,122.0,15.0743,20.0,917.0,1239.0,,,,,Materials,,,,,6259.0,426.0,20.0,Cement,0,88.23529411764706,97.05882352941177,11.76470588235294,76.47058823529412,,,50.0,70.58823529411765,,
973,SHREECEM,Mar 2017,15.58,29.0,17.39,0.168,22.2868,0.7697,154.0,2048.0,384.0,21.9943,36.0,1293.0,2202.0,,,,,Materials,,,,,8594.0,1339.0,36.0,Cement,0,8.823529411764707,8.823529411764707,17.647058823529413,85.29411764705883,,,47.05882352941176,29.411764705882355,,
974,SHREECEM,Mar 2018,14.08,25.0,15.56,0.3825,21.2,0.6494,-1716.0,3595.0,397.0,25.42,13.0,3403.0,1879.0,12.66,6.63,6.63,8.64,Materials,,,,,9833.0,1384.0,13.0,Cement,0,14.705882352941178,17.647058823529413,52.94117647058824,97.05882352941177,65.0,80.0,76.47058823529412,32.35294117647059,0.38,8.26
975,SHREECEM,Mar 2019,8.08,22.0,10.5,0.2898,11.5565,0.8104,1360.0,720.0,289.0,27.6314,21.0,2803.0,2080.0,17.05,5.22,5.04,9.1,Materials,1156357.29,35.24,14.91,3.67,12555.0,1015.0,21.0,Cement,0,73.52941176470588,85.29411764705883,5.88235294117647,52.94117647058824,30.0,85.0,67.64705882352942,76.47058823529412,6.14,2.96
976,SHREECEM,Mar 2020,12.0,29.0,11.72,0.2389,13.8625,0.6452,-1617.0,5590.0,426.0,36.5806,26.0,3146.0,3973.0,15.51,29.37,28.41,24.43,Materials,1370108.42,67.14,8.03,3.07,12868.0,1544.0,26.0,Cement,0,52.94117647058824,50.0,55.88235294117647,94.11764705882352,40.0,10.0,61.76470588235294,55.88235294117647,18.75,5.68
977,SHREECEM,Mar 2021,17.23,30.0,15.18,0.1448,17.996,0.6303,1603.0,2651.0,646.0,42.7694,9.0,2230.0,4254.0,19.72,15.38,14.52,16.54,Materials,1568926.09,32.7,6.72,3.78,13560.0,2337.0,9.0,Cement,0,17.647058823529413,5.88235294117647,67.64705882352942,44.11764705882353,20.0,50.0,41.17647058823529,47.05882352941176,15.1,1.4399999999999995
978,SHREECEM,Mar 2022,8.450000000000001,25.0,7.27,0.1219,16.1749,0.632,525.0,2143.0,352.0,48.5,14.0,2129.0,2668.0,11.8,-1.07,-1.73,3.0,Materials,1932061.03,25.68,0.89,1.01,15010.0,1269.0,14.0,Cement,0,94.11764705882352,77.94117647058823,64.70588235294117,73.52941176470588,75.0,95.0,38.23529411764706,50.0,19.48,-16.48
979,SHREECEM,Mar 2023,13.27,17.0,12.71,0.1462,13.0,0.6779,164.0,2405.0,664.0,51.7667,28.0,2725.0,2569.0,12.67,11.35,10.83,11.62,Materials,2414420.31,36.21,8.67,4.29,17852.0,2369.0,28.0,Cement,0,47.05882352941176,32.35294117647059,41.17647058823529,82.35294117647058,60.0,60.0,44.11764705882353,61.76470588235294,16.64,-5.020000000000001
980,SHREECEM,Mar 2024,8.450000000000001,22.0,8.37,0.08,19.8256,0.7349,1929.0,1418.0,480.0,57.5083,16.0,1656.0,3347.0,10.33,11.29,10.68,10.77,Materials,3154358.33,25.87,1.21,3.2,20521.0,1733.0,16.0,Cement,0,85.29411764705883,77.94117647058823,20.588235294117645,38.23529411764706,85.0,65.0,35.294117647058826,44.11764705882353,19.25,-8.48
981,SHRIRAMFIN,Mar 2013,20.87,31.0,19.94,4.5497,0.707,0.1483,-8400.0,41.0,12.0,3.2326,11.0,33386.0,-8359.0,,,,,Financials,,,,,7009.0,1463.0,11.0,Consumer Finance,0,8.333333333333332,22.22222222222222,44.44444444444444,52.77777777777778,,,36.11111111111111,59.375,,
982,SHRIRAMFIN,Mar 2014,16.02,24.0,15.96,4.5394,0.4732,0.162,-4167.0,112.0,11.0,3.7489,12.0,38630.0,-4055.0,,,,,Financials,,,,,8476.0,1358.0,12.0,Consumer Finance,0,55.55555555555556,63.888888888888886,5.555555555555555,36.11111111111111,,,33.33333333333333,75.0,,
983,SHRIRAMFIN,Mar 2015,11.2,18.0,11.09,5.0394,0.3598,0.1476,-9656.0,45.0,8.0,4.0819,22.0,46695.0,-9611.0,,,,,Financials,,,,,9177.0,1028.0,22.0,Consumer Finance,0,91.66666666666666,100.0,47.22222222222222,61.111111111111114,,,50.0,90.625,,
984,SHRIRAMFIN,Mar 2016,11.43,18.0,11.64,4.8929,0.3591,0.1523,-5543.0,36.0,9.0,4.4828,19.0,49790.0,-5507.0,,,,,Financials,,,,,10359.0,1184.0,19.0,Consumer Finance,0,83.33333333333334,94.44444444444444,25.0,41.66666666666667,,,41.66666666666667,93.75,,
985,SHRIRAMFIN,Mar 2017,11.61,18.0,11.17,4.6841,0.378,0.1465,-2679.0,2.0,10.0,4.9921,7.0,53080.0,-2677.0,,,,,Financials,,,,,10903.0,1266.0,7.0,Consumer Finance,0,88.88888888888889,91.66666666666666,55.55555555555556,25.0,,,38.88888888888889,81.25,,
986,SHRIRAMFIN,Mar 2018,18.88,28.0,18.62,5.9993,0.6135,0.1387,-13056.0,86.0,20.0,6.0308,10.0,82131.0,-13142.0,14.01,11.74,10.76,12.17,Financials,,,,,13502.0,2549.0,10.0,Consumer Finance,0,22.22222222222222,38.88888888888889,69.44444444444444,72.22222222222221,78.94736842105263,100.0,72.22222222222221,68.75,,
987,SHRIRAMFIN,Mar 2019,16.58,24.0,16.14,5.5074,0.5052,0.1474,-5611.0,76.0,20.0,7.0322,11.0,87914.0,-5535.0,12.88,13.66,12.7,13.08,Financials,594898.99,79.88,0.51,1.36,15536.0,2576.0,11.0,Consumer Finance,0,47.22222222222222,55.55555555555556,50.0,44.44444444444444,84.21052631578947,94.73684210526315,61.111111111111114,71.875,,
988,SHRIRAMFIN,Mar 2020,15.17,22.0,13.85,5.2219,0.4305,0.1449,-2519.0,55.0,20.0,7.9921,5.0,94735.0,-2464.0,12.53,19.57,20.11,17.4,Financials,513251.36,11.8,11.36,1.14,16561.0,2512.0,5.0,Consumer Finance,0,72.22222222222221,72.22222222222221,61.111111111111114,19.444444444444446,89.47368421052632,68.42105263157895,58.333333333333336,78.125,38.95,-21.550000000000004
989,SHRIRAMFIN,Mar 2021,14.34,20.0,11.51,4.9061,0.3758,0.1341,-4264.0,25.0,18.0,8.5838,18.0,106546.0,-4239.0,10.96,16.11,14.87,13.98,Financials,652156.9,37.85,14.56,1.87,17422.0,2499.0,18.0,Consumer Finance,0,86.11111111111111,75.0,77.77777777777779,38.88888888888889,100.0,89.47368421052632,44.44444444444444,87.5,27.55,-13.57
990,SHRIRAMFIN,Mar 2022,14.13,19.0,10.43,4.4011,0.377,0.1353,-8893.0,34.0,20.0,9.6292,20.0,114846.0,-8859.0,12.05,16.54,14.87,14.49,Financials,816109.58,27.14,10.02,0.61,19255.0,2721.0,20.0,Consumer Finance,0,94.44444444444444,77.77777777777779,75.0,55.55555555555556,94.73684210526315,84.21052631578947,30.555555555555557,84.375,28.45,-13.959999999999999
991,SHRIRAMFIN,Mar 2023,19.74,29.0,13.84,3.7737,0.6788,0.1448,-12549.0,5076.0,32.0,11.6342,22.0,164202.0,-17625.0,17.69,18.75,9.86,15.43,Financials,721018.22,56.67,6.47,1.85,30492.0,6020.0,22.0,Consumer Finance,0,75.0,33.33333333333333,63.888888888888886,69.44444444444444,57.89473684210527,78.94736842105263,11.11111111111111,62.5,32.31,-16.880000000000003
992,SHRIRAMFIN,Mar 2024,20.33,29.0,15.12,3.994,0.6767,0.1466,-31359.0,258.0,39.0,13.0178,23.0,195496.0,-31101.0,18.56,23.49,14.29,18.78,Financials,868933.47,68.53,7.91,1.86,36388.0,7399.0,23.0,Consumer Finance,0,69.44444444444444,27.77777777777778,52.77777777777778,86.11111111111111,42.10526315789473,52.63157894736842,22.22222222222222,65.625,27.08,-8.299999999999997
993,SIEMENS,Sep 2011,7.26,10.0,22.75,0.0,56.5385,1.1769,267.0,264.0,,5.6118,24.0,0.0,3.0,,,,,Industrials,,,,,11955.0,868.0,24.0,Industrial Equipment,1,45.83333333333333,91.66666666666666,33.33333333333333,50.0,,,29.166666666666668,85.71428571428571,,
994,SIEMENS,Sep 2014,5.65,1.0,13.78,0.0,35.6129,1.0377,738.0,130.0,17.0,6.162,35.0,0.0,608.0,,,,,Industrials,,,,,10678.0,603.0,35.0,Industrial Equipment,1,79.16666666666666,100.0,58.333333333333336,33.33333333333333,,,29.166666666666668,100.0,,
995,SIEMENS,Sep 2015,11.11,9.0,22.94,0.0049,64.7,0.9988,1220.0,646.0,33.0,7.207,30.0,25.0,574.0,,,,,Industrials,,,,,10563.0,1174.0,30.0,Industrial Equipment,1,41.66666666666667,41.66666666666667,62.5,12.5,,,66.66666666666666,76.19047619047619,,
996,SIEMENS,Sep 2016,26.89,9.0,42.83,0.0037,379.7273,0.9041,750.0,237.0,82.0,9.5817,41.0,25.0,513.0,,,,,Industrials,,,,,10837.0,2914.0,41.0,Industrial Equipment,1,4.166666666666666,4.166666666666666,66.66666666666666,29.166666666666668,,,62.5,4.761904761904762,,
997,SIEMENS,Sep 2017,10.28,10.0,14.79,0.0,234.25,0.8422,1894.0,1321.0,32.0,10.831,22.0,0.0,573.0,,,,,Industrials,,,,,11065.0,1137.0,22.0,Industrial Equipment,1,75.0,45.83333333333333,87.5,4.166666666666666,,,29.166666666666668,14.285714285714285,,
998,SIEMENS,Sep 2018,7.04,10.0,10.86,0.0,200.875,0.8925,-74.0,174.0,25.0,11.6887,28.0,0.0,100.0,1.37,0.75,,,Industrials,,,,,12795.0,901.0,28.0,Industrial Equipment,1,91.66666666666666,95.83333333333334,75.0,70.83333333333334,92.85714285714286,85.71428571428571,29.166666666666668,23.809523809523807,,
999,SIEMENS,Sep 2019,8.4,11.0,12.14,0.0,157.3333,0.8519,138.0,1135.0,31.0,12.7451,23.0,0.0,1273.0,4.15,12.76,12.77,9.89,Industrials,951918.38,23.09,1.05,3.89,13084.0,1099.0,23.0,Industrial Equipment,1,87.5,79.16666666666666,83.33333333333334,58.333333333333336,78.57142857142857,71.42857142857143,29.166666666666668,33.33333333333333,9.89,0.0
1000,SIEMENS,Sep 2020,7.73,10.0,8.1,0.0,43.9333,0.6271,1591.0,871.0,22.0,13.369,32.0,0.0,720.0,-1.2,-8.11,-7.79,-5.7,Industrials,821304.84,41.13,10.16,0.26,9946.0,769.0,32.0,Industrial Equipment,1,100.0,87.5,100.0,8.333333333333332,100.0,92.85714285714286,29.166666666666668,95.23809523809523,-5.7,0.0
1001,SIEMENS,Sep 2021,8.25,11.0,10.52,0.0004,73.875,0.7326,-967.0,2389.0,31.0,14.5732,26.0,4.0,1422.0,4.02,-17.87,-17.68,-10.51,Industrials,911257.72,10.54,5.57,0.59,13198.0,1089.0,26.0,Industrial Equipment,1,95.83333333333334,83.33333333333334,95.83333333333334,91.66666666666666,85.71428571428571,100.0,58.333333333333336,61.904761904761905,-10.51,0.0
1002,SIEMENS,Sep 2022,9.56,12.0,13.29,0.0157,65.1944,0.8025,944.0,34.0,43.0,16.3521,23.0,182.0,978.0,7.84,6.3,6.09,6.74,Industrials,882073.22,76.63,4.67,1.8,16138.0,1543.0,23.0,Industrial Equipment,1,83.33333333333334,62.5,91.66666666666666,25.0,71.42857142857143,78.57142857142857,75.0,71.42857142857143,6.74,0.0
1003,SIEMENS,Sep 2023,10.03,13.0,14.99,0.0134,129.6957,0.9034,641.0,759.0,55.0,18.4324,18.0,175.0,1400.0,8.85,16.84,17.08,14.26,Industrials,1145547.03,48.76,12.77,3.14,19554.0,1962.0,18.0,Industrial Equipment,1,70.83333333333334,50.0,70.83333333333334,41.66666666666667,64.28571428571429,64.28571428571429,70.83333333333334,47.61904761904761,14.26,0.0
1004,SIEMENS,Sep 2024,12.22,14.0,17.7,0.0182,67.15,0.8791,1168.0,502.0,76.0,21.6296,16.0,279.0,1670.0,11.19,19.85,19.64,16.89,Industrials,1191331.95,33.32,9.25,3.69,22240.0,2718.0,16.0,Industrial Equipment,1,66.66666666666666,33.33333333333333,79.16666666666666,16.666666666666664,21.428571428571427,42.857142857142854,79.16666666666666,66.66666666666666,16.89,0.0
1005,SUNPHARMA,Mar 2013,31.17,43.0,23.14,0.0173,109.1628,0.5463,982.0,2375.0,14.0,14.4135,9.0,260.0,3357.0,,,,,Healthcare,,,,,11131.0,3469.0,9.0,Pharmaceuticals,1,23.333333333333332,3.3333333333333335,81.66666666666667,48.333333333333336,,,21.666666666666668,25.0,,
1006,SUNPHARMA,Mar 2014,24.12,44.0,20.94,0.1382,114.4318,0.5527,1783.0,2176.0,15.0,8.9493,10.0,2561.0,3959.0,,,,,Healthcare,,,,,16080.0,3879.0,10.0,Pharmaceuticals,1,35.0,21.666666666666668,80.0,25.0,,,43.333333333333336,23.333333333333332,,
1007,SUNPHARMA,Mar 2015,19.99,29.0,21.36,0.3509,14.1226,0.5622,4114.0,1502.0,22.0,12.3855,14.0,8996.0,5616.0,,,,,Healthcare,,,,,27392.0,5476.0,14.0,Pharmaceuticals,1,30.0,28.333333333333332,76.66666666666667,6.666666666666667,,,70.0,81.66666666666667,,
1008,SUNPHARMA,Mar 2016,19.86,29.0,17.15,0.2576,15.5488,0.5139,2737.0,3949.0,19.0,13.6859,5.0,8497.0,6686.0,,,,,Healthcare,,,,,28487.0,5658.0,5.0,Pharmaceuticals,1,46.666666666666664,31.666666666666664,90.0,15.0,,,56.666666666666664,78.33333333333333,,
1009,SUNPHARMA,Mar 2017,24.85,32.0,21.41,0.2683,26.78,0.5169,2896.0,4186.0,29.0,15.2667,12.0,9832.0,7082.0,,,,,Healthcare,,,,,31578.0,7846.0,12.0,Pharmaceuticals,1,28.333333333333332,20.0,88.33333333333333,13.333333333333334,,,60.0,70.0,,
1010,SUNPHARMA,Mar 2018,9.6,21.0,6.63,0.271,10.61,0.412,803.0,3104.0,9.0,15.9642,23.0,10385.0,3907.0,18.93,-6.03,-8.46,1.48,Healthcare,,,,,26489.0,2542.0,23.0,Pharmaceuticals,1,98.33333333333333,83.33333333333334,100.0,51.66666666666667,2.857142857142857,85.71428571428571,61.66666666666667,85.0,1.48,0.0
1011,SUNPHARMA,Mar 2019,11.04,22.0,7.75,0.2539,11.0252,0.45,1886.0,310.0,11.0,17.2538,25.0,10514.0,2196.0,12.57,-3.73,-6.01,0.94,Healthcare,758612.89,74.3,10.71,2.39,29066.0,3208.0,25.0,Pharmaceuticals,1,93.33333333333333,75.0,96.66666666666667,21.666666666666668,31.428571428571427,80.0,55.00000000000001,83.33333333333334,0.94,0.0
1012,SUNPHARMA,Mar 2020,12.7,21.0,9.22,0.1837,24.3069,0.4815,4330.0,2225.0,16.0,18.8604,25.0,8315.0,6555.0,3.69,-5.29,-6.17,-2.59,Healthcare,714309.02,42.97,2.81,2.91,32838.0,4172.0,25.0,Pharmaceuticals,1,90.0,63.33333333333333,95.0,5.0,88.57142857142857,82.85714285714286,53.333333333333336,73.33333333333333,-2.59,0.0
1013,SUNPHARMA,Mar 2021,6.78,25.0,4.89,0.0833,35.6099,0.4954,6577.0,407.0,12.0,19.3596,62.0,3869.0,6170.0,3.29,-16.68,-8.78,-7.39,Healthcare,794888.64,12.16,2.14,4.45,33498.0,2272.0,62.0,Pharmaceuticals,1,100.0,96.66666666666667,93.33333333333333,3.3333333333333335,94.28571428571428,100.0,35.0,53.333333333333336,-7.39,0.0
1014,SUNPHARMA,Mar 2022,8.77,27.0,7.06,0.0269,53.1732,0.554,3429.0,5556.0,14.0,20.0046,73.0,1290.0,8985.0,4.13,-15.46,-13.55,-8.29,Healthcare,812572.94,11.76,9.71,0.79,38654.0,3389.0,73.0,Pharmaceuticals,1,96.66666666666667,91.66666666666666,78.33333333333333,8.333333333333332,80.0,97.14285714285714,25.0,38.333333333333336,-8.29,0.0
1015,SUNPHARMA,Mar 2023,19.4,27.0,15.2,0.123,70.4012,0.5437,-2261.0,7220.0,35.0,23.3313,33.0,6886.0,4959.0,10.62,27.34,31.21,23.06,Healthcare,1064162.39,24.58,7.54,1.57,43886.0,8513.0,33.0,Pharmaceuticals,1,53.333333333333336,35.0,84.16666666666667,96.66666666666667,45.714285714285715,8.571428571428571,40.0,26.666666666666668,23.06,0.0
1016,SUNPHARMA,Mar 2024,19.82,28.0,15.09,0.0514,58.3319,0.5685,11372.0,763.0,40.0,26.5279,34.0,3274.0,12135.0,10.78,24.54,29.46,21.59,Healthcare,1339586.09,37.9,6.71,3.88,48497.0,9610.0,34.0,Pharmaceuticals,1,55.00000000000001,33.33333333333333,73.33333333333333,1.6666666666666667,42.857142857142854,11.428571428571429,30.0,30.0,21.59,0.0
1017,TATACONSUM,Mar 2013,6.05,10.0,9.25,0.2888,9.8333,0.8359,197.0,24.0,6.0,7.7581,36.0,1389.0,173.0,,,,,Consumer Staples,,,,,7351.0,445.0,36.0,FMCG,0,85.71428571428571,92.85714285714286,60.71428571428571,90.47619047619048,,,80.95238095238095,95.23809523809523,,
1018,TATACONSUM,Mar 2014,6.59,10.0,8.72,0.2459,10.5977,0.7807,421.0,1.0,7.0,9.4339,29.0,1438.0,422.0,,,,,Consumer Staples,,,,,7738.0,510.0,29.0,FMCG,0,86.90476190476191,90.47619047619048,69.04761904761905,71.42857142857143,,,77.38095238095238,91.66666666666666,,
1019,TATACONSUM,Mar 2015,3.42,10.0,4.97,0.241,8.7195,0.8451,211.0,207.0,4.0,8.8597,6.0,1324.0,418.0,,,,,Consumer Staples,,,,,7993.0,273.0,6.0,FMCG,0,96.42857142857143,97.61904761904762,57.14285714285714,88.09523809523809,,,76.19047619047619,97.61904761904762,,
1020,TATACONSUM,Mar 2016,-0.5599999999999999,6.0,-0.59,0.2167,3.453,0.6707,261.0,145.0,0.0,9.9159,-999.0,1354.0,116.0,,,,,Consumer Staples,,,,,6637.0,-37.0,-999.0,FMCG,0,98.80952380952381,98.80952380952381,88.09523809523809,83.33333333333334,,,73.80952380952381,98.80952380952381,,
1021,TATACONSUM,Mar 2017,6.710000000000001,12.0,7.26,0.1256,20.4419,0.7099,886.0,145.0,6.0,9.9444,38.0,787.0,741.0,,,,,Consumer Staples,,,,,6780.0,455.0,38.0,FMCG,0,91.66666666666666,89.28571428571429,83.33333333333334,59.523809523809526,,,58.333333333333336,67.85714285714286,,
1022,TATACONSUM,Mar 2018,8.16,12.0,7.91,0.1519,17.5385,0.6515,325.0,31.0,8.0,11.1603,30.0,1068.0,356.0,-1.5,4.55,5.92,2.99,Consumer Staples,,,,,6815.0,556.0,30.0,FMCG,0,89.28571428571429,84.52380952380952,92.85714285714286,76.19047619047619,100.0,95.74468085106383,64.28571428571429,76.19047619047619,5.98,-2.99
1023,TATACONSUM,Mar 2019,6.3,11.0,6.23,0.1556,11.6667,0.6665,263.0,53.0,6.0,11.6381,39.0,1141.0,210.0,-1.29,-2.17,-3.04,-2.17,Consumer Staples,298527.54,20.52,1.59,0.99,7252.0,457.0,39.0,FMCG,0,95.23809523809523,91.66666666666666,90.47619047619048,82.14285714285714,97.95918367346938,100.0,65.47619047619048,88.09523809523809,8.08,-10.25
1024,TATACONSUM,Mar 2020,4.77,13.0,3.330000000000001,0.1148,16.3623,0.5217,460.0,622.0,5.0,15.0163,54.0,1586.0,1082.0,3.81,11.0,4.56,6.46,Consumer Staples,307664.97,14.67,8.63,4.35,9637.0,460.0,54.0,FMCG,0,97.61904761904762,95.23809523809523,100.0,67.85714285714286,91.83673469387756,53.191489361702125,53.57142857142857,80.95238095238095,7.57,-1.1100000000000003
1025,TATACONSUM,Mar 2021,8.02,13.0,6.4,0.1124,22.3973,0.5738,1310.0,346.0,9.0,15.7978,44.0,1634.0,1656.0,11.82,,,3.94,Consumer Staples,314022.94,66.35,4.55,3.75,11602.0,930.0,44.0,FMCG,0,94.04761904761905,85.71428571428571,97.61904761904762,48.80952380952381,10.204081632653061,,52.38095238095239,61.904761904761905,11.41,-7.470000000000001
1026,TATACONSUM,Mar 2022,8.17,14.0,6.7,0.0933,20.7701,0.5896,199.0,1317.0,10.0,16.4587,60.0,1412.0,1516.0,12.88,17.41,10.76,13.68,Consumer Staples,304809.07,9.49,3.65,0.87,12425.0,1015.0,60.0,FMCG,0,92.85714285714286,83.33333333333334,96.42857142857143,89.28571428571429,8.16326530612245,19.148936170212767,45.23809523809524,65.47619047619048,12.28,1.4000000000000004
1027,TATACONSUM,Mar 2023,9.58,13.0,8.110000000000001,0.0983,16.8,0.6055,627.0,834.0,12.0,17.5022,65.0,1600.0,1461.0,15.13,18.88,8.45,14.15,Consumer Staples,365505.69,77.06,7.38,1.85,13783.0,1320.0,65.0,FMCG,0,88.09523809523809,80.95238095238095,95.23809523809523,61.904761904761905,4.081632653061225,12.76595744680851,46.42857142857143,79.76190476190477,12.6,1.5500000000000007
1028,TATACONSUM,Mar 2024,7.99,15.0,7.57,0.2165,25.3218,0.5454,26.0,1911.0,12.0,16.9021,64.0,3477.0,1937.0,15.96,21.6,14.87,17.48,Consumer Staples,350543.35,54.79,7.14,1.87,15206.0,1215.0,64.0,FMCG,0,90.47619047619048,86.90476190476191,98.80952380952381,94.04761904761905,2.0408163265306123,10.638297872340425,72.61904761904762,54.761904761904766,10.04,7.440000000000001
1029,TATAMOTORS,Mar 2013,5.28,13.0,26.51,1.4272,6.9688,1.1216,-806.0,22969.0,35.0,5.8992,6.0,53716.0,22163.0,,,,,Consumer Discretionary,,,,,188793.0,9976.0,6.0,Automobiles,0,20.481927710843372,68.67469879518072,49.39759036144578,77.10843373493977,,,71.08433734939759,67.46987951807229,,
1030,TATAMOTORS,Mar 2014,6.03,15.0,21.42,0.9244,7.306,1.066,8160.0,27991.0,48.0,10.187,5.0,60642.0,36151.0,,,,,Consumer Discretionary,,,,,232834.0,14050.0,5.0,Automobiles,0,43.373493975903614,62.65060240963856,51.80722891566265,4.819277108433735,,,63.85542168674698,66.26506024096386,,
1031,TATAMOTORS,Mar 2015,5.35,15.0,25.01,1.3083,8.2191,1.1089,-701.0,36232.0,48.0,8.7363,0.0,73610.0,35531.0,,,,,Consumer Discretionary,,,,,263159.0,14073.0,0.0,Automobiles,0,26.506024096385545,67.46987951807229,50.602409638554214,73.49397590361446,,,68.67469879518072,61.44578313253012,,
1032,TATAMOTORS,Mar 2016,4.279999999999999,14.0,14.79,0.8785,7.3072,1.0375,1206.0,36694.0,40.0,11.6277,1.0,69360.0,37900.0,,,,,Consumer Discretionary,,,,,273046.0,11678.0,1.0,Automobiles,0,74.69879518072288,75.90361445783132,54.81927710843374,43.373493975903614,,,62.65060240963856,65.06024096385542,,
1033,TATAMOTORS,Mar 2017,2.8,11.0,13.02,1.3538,7.4228,0.9894,-9372.0,39571.0,26.0,8.5511,0.0,78604.0,30199.0,,,,,Consumer Discretionary,,,,,269693.0,7557.0,0.0,Automobiles,0,83.13253012048193,89.1566265060241,61.44578313253012,96.3855421686747,,,69.87951807228916,63.85542168674698,,
1034,TATAMOTORS,Mar 2018,3.12,11.0,9.53,0.9321,7.9861,0.8911,-1282.0,25139.0,31.0,14.0542,0.0,88950.0,23857.0,9.08,-1.84,-2.4,1.61,Consumer Discretionary,,,,,291550.0,9091.0,0.0,Automobiles,0,89.1566265060241,86.74698795180723,73.49397590361446,78.3132530120482,27.083333333333332,85.71428571428571,65.06024096385542,62.65060240963856,21.56,-19.95
1035,TATAMOTORS,Mar 2019,-9.51,8.0,-47.73,1.7643,-0.3511,0.9877,-1987.0,20878.0,-100.0,8.8629,0.0,106175.0,18891.0,5.34,,,1.78,Consumer Discretionary,1047137.5,26.23,11.5,3.67,301938.0,-28724.0,0.0,Automobiles,0,100.0,100.0,62.65060240963856,80.72289156626506,65.625,,83.13253012048193,100.0,19.26,-17.48
1036,TATAMOTORS,Mar 2020,-4.590000000000001,7.0,-18.98,1.9783,2.4974,0.8154,-6482.0,33115.0,-39.0,8.761,0.0,124788.0,26633.0,-0.16,,,-0.05,Consumer Discretionary,919827.57,14.79,1.74,1.73,261068.0,-11975.0,0.0,Automobiles,0,96.3855421686747,97.59036144578313,80.72289156626506,93.97590361445783,95.83333333333334,,86.74698795180723,96.3855421686747,8.31,-8.360000000000001
1037,TATAMOTORS,Mar 2021,-5.36,13.0,-24.25,2.5726,2.6144,0.7313,3329.0,25672.0,-41.0,7.2124,0.0,142131.0,29001.0,-1.76,,,-0.59,Consumer Discretionary,1182658.61,29.26,10.95,3.6,249795.0,-13395.0,0.0,Automobiles,0,97.59036144578313,98.79518072289156,87.95180722891565,15.66265060240964,100.0,,89.1566265060241,93.97590361445783,-1.58,0.9900000000000001
1038,TATAMOTORS,Mar 2022,-4.06,9.0,-25.38,3.2865,2.9149,0.8462,9839.0,4444.0,-34.0,5.8174,0.0,146449.0,14283.0,0.64,,,0.21,Consumer Discretionary,1385832.42,56.26,6.18,4.15,278454.0,-11309.0,0.0,Automobiles,0,98.79518072289156,96.3855421686747,77.10843373493977,3.614457831325301,93.75,,95.18072289156626,90.36144578313254,-6.5,6.71
1039,TATAMOTORS,Mar 2023,0.7799999999999999,9.0,5.94,2.9591,3.7633,1.0337,19971.0,15417.0,7.0,5.9167,32.0,134113.0,35388.0,3.48,-21.62,-25.74,-14.63,Consumer Discretionary,1427382.48,34.17,1.87,2.69,345967.0,2690.0,32.0,Automobiles,0,92.7710843373494,93.97590361445783,56.62650602409639,2.4096385542168677,75.0,100.0,92.7710843373494,78.3132530120482,3.38,-18.01
1040,TATAMOTORS,Mar 2024,7.26,14.0,37.46,1.2631,6.5302,1.1851,45133.0,22782.0,94.0,11.0859,7.0,107262.0,67915.0,7.72,,,2.57,Consumer Discretionary,1504106.64,67.07,0.93,3.65,437928.0,31807.0,7.0,Automobiles,0,2.4096385542168677,56.62650602409639,43.373493975903614,1.2048192771084338,41.66666666666667,,67.46987951807229,69.87951807228916,11.22,-8.65
1041,TATAPOWER,Mar 2013,0.37,17.0,1.0,3.0711,2.2597,0.4933,-740.0,4026.0,0.0,5.2046,-319.0,37882.0,3286.0,,,,,Energy,,,,,33177.0,123.0,-319.0,Power & Utilities,0,83.75,85.0,3.75,72.5,,,75.0,68.75,,
1042,TATAPOWER,Mar 2014,0.03,19.0,0.1,3.2395,2.077,0.5005,2874.0,3609.0,-1.0,5.2325,-114.0,40173.0,6483.0,,,,,Energy,,,,,35726.0,12.0,-114.0,Power & Utilities,0,86.25,86.25,2.5,43.75,,,76.25,72.5,,
1043,TATAPOWER,Mar 2015,1.36,19.0,3.19,2.8361,1.9889,0.4468,2116.0,3865.0,1.0,5.303,210.0,40607.0,5981.0,,,,,Energy,,,,,33593.0,457.0,210.0,Power & Utilities,0,82.5,82.5,8.75,52.5,,,72.5,77.5,,
1044,TATAPOWER,Mar 2016,2.66,7.0,6.76,3.3396,1.9051,0.421,5610.0,1805.0,2.0,4.3085,53.0,38849.0,7415.0,,,,,Energy,,,,,29494.0,786.0,53.0,Power & Utilities,0,73.75,80.0,13.750000000000002,20.0,,,77.5,80.0,,
1045,TATAPOWER,Mar 2017,3.99,20.0,8.32,3.6942,2.0119,0.3331,-359.0,7373.0,3.0,4.8941,39.0,48815.0,7014.0,,,,,Energy,,,,,27588.0,1100.0,39.0,Power & Utilities,0,66.25,78.75,31.25,71.25,,,80.0,76.25,,
1046,TATAPOWER,Mar 2018,9.73,9.0,15.92,2.9629,2.3613,0.3277,4852.0,1512.0,9.0,6.0737,15.0,48589.0,6364.0,-4.15,84.24,,26.7,Energy,,,,,26840.0,2611.0,15.0,Power & Utilities,0,16.25,61.25000000000001,37.5,23.75,97.77777777777777,5.555555555555555,73.75,67.5,-0.87,27.57
1047,TATAPOWER,Mar 2019,8.72,10.0,14.24,2.6499,2.4595,0.3554,4302.0,272.0,9.0,6.7796,15.0,48506.0,4574.0,-3.51,193.33,,63.27,Energy,1458746.25,22.32,3.71,4.06,29881.0,2606.0,15.0,Power & Utilities,0,23.75,66.25,22.5,30.0,95.55555555555556,2.7777777777777777,68.75,66.25,4.15,59.120000000000005
1048,TATAPOWER,Mar 2020,4.52,23.0,6.73,2.6544,2.0216,0.3249,6882.0,493.0,4.0,7.2467,41.0,51936.0,7375.0,-2.81,23.56,31.95,17.57,Energy,1402442.85,14.5,4.29,2.29,29136.0,1316.0,41.0,Power & Utilities,0,75.0,76.25,40.0,17.5,93.33333333333333,11.11111111111111,70.0,75.0,4.58,12.99
1049,TATAPOWER,Mar 2021,4.399999999999999,21.0,6.45,2.0924,2.1686,0.3315,9338.0,993.0,4.0,6.9759,44.0,46708.0,8345.0,2.09,12.86,14.87,9.94,Energy,1511545.08,72.1,1.81,4.17,32703.0,1439.0,44.0,Power & Utilities,0,76.25,77.5,35.0,15.0,75.55555555555556,41.66666666666667,56.25,70.0,7.3,2.6399999999999997
1050,TATAPOWER,Mar 2022,5.04,16.0,9.610000000000001,2.2812,2.4662,0.3804,443.0,6250.0,5.0,7.0131,32.0,51195.0,6693.0,9.19,14.41,10.76,11.45,Energy,1446057.42,58.26,0.71,2.73,42816.0,2156.0,32.0,Power & Utilities,0,60.0,73.75,18.75,65.0,40.0,33.33333333333333,57.49999999999999,65.0,9.6,1.8499999999999996
1051,TATAPOWER,Mar 2023,6.909999999999999,14.0,13.23,1.8384,3.0348,0.4302,-97.0,7263.0,10.0,8.9962,19.0,52923.0,7166.0,15.48,7.85,2.13,8.49,Energy,1592398.68,24.7,10.29,1.75,55109.0,3810.0,19.0,Power & Utilities,0,29.375,71.25,12.5,68.75,22.22222222222222,66.66666666666666,53.75,57.49999999999999,11.42,-2.9299999999999997
1052,TATAPOWER,Mar 2024,6.97,17.0,13.23,1.6593,3.0544,0.4419,3569.0,9027.0,12.0,10.1113,17.0,53689.0,12596.0,15.51,10.43,5.92,10.62,Energy,1647269.48,14.5,3.48,0.49,61449.0,4280.0,17.0,Power & Utilities,0,29.375,70.0,10.0,33.75,20.0,47.22222222222222,47.5,56.25,9.8,0.8199999999999985
1053,TATASTEEL,Mar 2013,-5.4,3.0,-21.28,2.0054,1.3634,0.9172,936.0,13099.0,-6.0,3.5193,-11.0,68529.0,14035.0,,,,,Materials,,,,,134712.0,-7272.0,-11.0,Steel,1,100.0,93.75,6.25,68.75,,,89.58333333333334,89.58333333333334,,
1054,TATASTEEL,Mar 2014,2.47,11.0,9.04,2.0139,3.8967,0.866,-2232.0,15378.0,3.0,4.1743,27.0,81629.0,13146.0,,,,,Materials,,,,,148614.0,3665.0,27.0,Steel,1,45.83333333333333,62.5,12.5,77.08333333333334,,,91.66666666666666,52.083333333333336,,
1055,TATASTEEL,Mar 2015,-2.82,2.0,-12.56,2.5743,1.9396,0.8768,2859.0,9021.0,-3.0,3.2285,-20.0,80701.0,11880.0,,,,,Materials,,,,,139504.0,-3939.0,-20.0,Steel,1,97.91666666666666,85.41666666666666,10.416666666666668,58.333333333333336,,,100.0,75.0,,
1056,TATASTEEL,Mar 2016,-0.49,-1.0,-1.14,1.8748,2.303,0.5765,2661.0,8794.0,0.0,4.5085,-203.0,81987.0,11455.0,,,,,Materials,,,,,101965.0,-497.0,-203.0,Steel,1,75.0,75.0,72.91666666666666,62.5,,,85.41666666666666,70.83333333333334,,
1057,TATASTEEL,Mar 2017,-3.71,12.0,-11.02,2.195,1.8444,0.6512,1334.0,9490.0,-4.0,3.8989,-23.0,83014.0,10824.0,,,,,Materials,,,,,112299.0,-4169.0,-23.0,Steel,1,95.83333333333334,87.5,58.333333333333336,66.66666666666666,,,95.83333333333334,79.16666666666666,,
1058,TATASTEEL,Mar 2018,14.4,17.0,29.15,1.5138,5.9269,0.5905,-3707.0,11730.0,12.0,5.3162,9.0,92147.0,8023.0,-1.76,,,-0.59,Materials,,,,,123249.0,17743.0,9.0,Steel,1,6.25,6.25,70.83333333333334,85.41666666666666,100.0,,62.5,35.41666666666667,-0.59,0.0
1059,TATASTEEL,Mar 2019,5.79,19.0,13.23,1.4627,4.0264,0.6774,-3840.0,29176.0,9.0,6.0197,15.0,100816.0,25336.0,1.19,20.01,24.57,15.26,Materials,363770.91,55.54,7.39,4.32,157669.0,9122.0,15.0,Steel,1,27.083333333333332,31.25,47.91666666666667,87.5,92.85714285714286,50.0,60.416666666666664,47.91666666666667,15.26,0.0
1060,TATASTEEL,Mar 2020,0.84,12.0,1.6,1.5811,1.9354,0.5612,6157.0,14012.0,1.0,6.4259,74.0,116328.0,20169.0,0.04,,,0.01,Materials,339775.94,73.73,10.62,1.42,139817.0,1174.0,74.0,Steel,1,70.83333333333334,68.75,75.0,39.58333333333333,96.42857142857143,,66.66666666666666,77.08333333333334,0.01,0.0
1061,TATASTEEL,Mar 2021,5.24,20.0,11.03,1.1921,4.0337,0.6408,34890.0,9437.0,6.0,6.1969,40.0,88501.0,44327.0,8.92,,,2.97,Materials,293941.16,52.14,11.02,3.68,156294.0,8190.0,40.0,Steel,1,33.33333333333333,37.5,60.416666666666664,2.083333333333333,64.28571428571429,,39.58333333333333,45.83333333333333,2.97,0.0
1062,TATASTEEL,Mar 2022,17.11,26.0,36.48,0.6603,11.862,0.8638,33476.0,10905.0,33.0,9.3729,16.0,75561.0,44381.0,16.79,,,5.6,Materials,358418.76,33.03,9.76,0.52,243959.0,41749.0,16.0,Steel,1,2.083333333333333,2.083333333333333,14.583333333333334,4.166666666666666,17.857142857142858,,12.5,22.916666666666664,5.6,0.0
1063,TATASTEEL,Mar 2023,3.32,13.0,7.829999999999999,0.8235,5.3769,0.8527,3504.0,18179.0,7.0,8.4424,50.0,84893.0,21683.0,14.58,-14.57,-10.22,-3.4,Materials,320309.06,19.23,3.0,2.75,243353.0,8075.0,50.0,Steel,1,52.083333333333336,50.0,18.75,47.91666666666667,25.0,100.0,14.583333333333334,37.5,-3.4,0.0
1064,TATASTEEL,Mar 2024,-2.14,10.0,-5.33,0.9462,2.1634,0.8509,6048.0,14253.0,-4.0,7.3805,-101.0,87082.0,20301.0,7.77,,,2.59,Materials,369110.65,48.97,9.23,1.0,229171.0,-4910.0,-101.0,Steel,1,85.41666666666666,83.33333333333334,20.833333333333336,41.66666666666667,71.42857142857143,,22.916666666666664,72.91666666666666,2.59,0.0
1065,TCS,Mar 2013,22.35,29.0,36.52,0.0086,400.375,1.2129,5577.0,6038.0,36.0,19.6663,31.0,332.0,11615.0,,,,,Information Technology,,,,,62989.0,14076.0,31.0,IT Services,1,20.33898305084746,10.16949152542373,35.59322033898305,47.45762711864407,,,28.8135593220339,16.363636363636363,,
1066,TCS,Mar 2014,23.63,31.0,39.3,0.006,686.9231,1.2242,5299.0,9452.0,49.0,25.0995,33.0,297.0,14751.0,,,,,Information Technology,,,,,81809.0,19332.0,33.0,IT Services,1,13.559322033898304,1.694915254237288,33.89830508474576,52.54237288135594,,,25.423728813559322,12.727272727272727,,
1067,TCS,Mar 2015,21.19,26.0,39.62,0.0071,271.1731,1.2909,17562.0,1807.0,51.0,25.8342,78.0,358.0,19369.0,,,,,Information Technology,,,,,94648.0,20060.0,78.0,IT Services,1,10.16949152542373,18.64406779661017,22.033898305084744,20.33898305084746,,,27.11864406779661,18.181818181818183,,
1068,TCS,Mar 2016,22.4,28.0,34.23999999999999,0.0034,1023.0606,1.2305,14099.0,5010.0,62.0,36.0772,35.0,245.0,19109.0,,,,,Information Technology,,,,,108646.0,24338.0,35.0,IT Services,1,23.728813559322035,8.47457627118644,32.20338983050847,32.20338983050847,,,22.88135593220339,9.090909090909092,,
1069,TCS,Mar 2017,22.34,27.0,30.57,0.0034,1141.625,1.1528,8328.0,16895.0,67.0,43.7635,35.0,289.0,25223.0,,,,,Information Technology,,,,,117966.0,26357.0,35.0,IT Services,1,35.59322033898305,11.864406779661017,49.152542372881356,38.983050847457626,,,22.88135593220339,7.2727272727272725,,
1070,TCS,Mar 2018,21.02,26.0,30.4,0.0029,695.3462,1.171,28171.0,3104.0,67.0,44.5696,37.0,247.0,25067.0,14.34,12.95,13.23,13.51,Information Technology,,,,,123104.0,25880.0,37.0,IT Services,1,37.28813559322034,20.33898305084746,44.06779661016949,11.864406779661017,31.428571428571427,31.428571428571427,20.33898305084746,10.909090909090908,13.51,0.0
1071,TCS,Mar 2019,21.55,27.0,35.29,0.0007,221.298,1.2859,30238.0,1645.0,84.0,23.8523,36.0,62.0,28593.0,12.35,10.3,11.38,11.34,Information Technology,286225.25,47.53,2.11,0.8,146463.0,31562.0,36.0,IT Services,1,22.033898305084744,15.254237288135593,25.423728813559322,10.16949152542373,60.0,45.714285714285715,18.64406779661017,20.0,11.34,0.0
1072,TCS,Mar 2020,20.67,27.0,38.57,0.0972,50.5422,1.3065,41337.0,8968.0,86.0,22.4336,85.0,8174.0,32369.0,10.64,10.1,11.02,10.59,Information Technology,290730.69,57.2,0.61,0.05,156949.0,32447.0,85.0,IT Services,1,15.254237288135593,23.728813559322035,20.33898305084746,5.084745762711865,74.28571428571429,48.57142857142857,71.1864406779661,67.27272727272727,10.59,0.0
1073,TCS,Mar 2021,19.83,28.0,37.66999999999999,0.0902,76.0785,1.263,30846.0,7956.0,88.0,23.3603,43.0,7795.0,38802.0,8.61,5.99,7.26,7.29,Information Technology,351038.19,79.57,11.14,3.62,164177.0,32562.0,43.0,IT Services,1,18.64406779661017,32.20338983050847,28.8135593220339,8.47457627118644,94.28571428571428,94.28571428571428,64.40677966101694,50.90909090909091,7.29,0.0
1074,TCS,Mar 2022,20.05,28.0,43.13,0.0877,72.7997,1.3607,39211.0,738.0,105.0,24.3549,41.0,7818.0,39949.0,10.2,7.84,9.4,9.15,Information Technology,422088.96,46.18,8.56,0.81,191754.0,38449.0,41.0,IT Services,1,6.779661016949152,28.8135593220339,18.64406779661017,6.779661016949152,85.71428571428571,77.14285714285715,61.016949152542374,52.72727272727272,9.15,0.0
1075,TCS,Mar 2023,18.76,26.0,46.78,0.085,80.4981,1.5782,42513.0,548.0,115.0,24.706,100.0,7688.0,41965.0,12.86,10.33,11.41,11.53,Information Technology,405916.42,8.74,13.8,3.1,225458.0,42303.0,100.0,IT Services,1,5.084745762711865,38.983050847457626,10.16949152542373,3.389830508474576,51.42857142857142,42.857142857142854,59.32203389830508,47.27272727272727,11.53,0.0
1076,TCS,Mar 2024,19.14,27.0,50.94,0.0886,87.0951,1.6559,50429.0,6091.0,127.0,24.997,58.0,8021.0,44338.0,10.46,7.87,8.62,8.98,Information Technology,461188.15,78.69,6.08,1.62,240893.0,46099.0,58.0,IT Services,1,3.389830508474576,35.59322033898305,6.779661016949152,1.694915254237288,80.0,74.28571428571429,62.71186440677966,43.63636363636363,8.98,0.0
1078,TECHM,Mar 2013,19.02,21.0,24.09,0.2543,12.4369,0.765,233.0,622.0,25.0,4.2391,5.0,1380.0,855.0,,,,,Information Technology,,,,,6873.0,1307.0,5.0,IT Services,0,64.40677966101694,37.28813559322034,100.0,96.61016949152543,,,100.0,100.0,,
1080,TECHM,Mar 2014,16.29,22.0,33.35,0.0395,55.2,1.1795,1887.0,291.0,32.0,3.9239,15.0,363.0,1596.0,,,,,Information Technology,,,,,18802.0,3062.0,15.0,IT Services,0,27.11864406779661,54.23728813559322,38.983050847457626,67.79661016949152,,,38.983050847457626,63.63636363636363,,
1082,TECHM,Mar 2015,11.75,19.0,21.71,0.0572,62.3043,1.1397,583.0,1865.0,27.0,2.5517,22.0,700.0,2448.0,,,,,Information Technology,,,,,22621.0,2659.0,22.0,IT Services,0,79.66101694915254,89.83050847457628,52.54237288135594,88.13559322033898,,,42.3728813559322,58.18181818181818,,
1084,TECHM,Mar 2016,11.43,16.0,20.75,0.0748,48.5876,1.1762,1684.0,1453.0,31.0,3.3466,35.0,1091.0,3137.0,,,,,Information Technology,,,,,26494.0,3027.0,35.0,IT Services,0,88.13559322033898,93.22033898305084,42.3728813559322,71.1864406779661,,,52.54237288135594,70.9090909090909,,
1086,TECHM,Mar 2017,9.78,14.0,17.35,0.0831,38.4419,1.1184,1178.0,2893.0,29.0,3.7442,28.0,1366.0,4071.0,,,,,Information Technology,,,,,29141.0,2851.0,28.0,IT Services,0,98.30508474576271,96.61016949152543,55.932203389830505,76.27118644067797,,,55.932203389830505,83.63636363636363,,
1088,TECHM,Mar 2018,12.3,15.0,20.09,0.1272,37.821,1.0112,235.0,3319.0,39.0,4.2631,33.0,2397.0,3554.0,34.96,23.7,9.3,22.65,Information Technology,,,,,30773.0,3786.0,33.0,IT Services,0,89.83050847457628,88.13559322033898,72.88135593220339,94.91525423728814,5.714285714285714,11.428571428571429,91.52542372881356,87.27272727272727,13.51,9.139999999999999
1090,TECHM,Mar 2019,12.35,18.0,21.14,0.0984,51.1654,1.0387,2328.0,2104.0,44.0,4.5687,29.0,1996.0,4432.0,13.07,6.97,6.58,8.87,Information Technology,1639903.22,8.39,4.82,2.04,34742.0,4289.0,29.0,IT Services,0,83.05084745762711,86.4406779661017,69.49152542372882,64.40677966101694,48.57142857142857,88.57142857142857,76.27118644067797,65.45454545454545,11.34,-2.4700000000000006
1092,TECHM,Mar 2020,10.57,15.0,17.87,0.1682,34.8698,0.9879,5439.0,1081.0,42.0,5.003,32.0,3670.0,4358.0,10.26,7.94,9.24,9.15,Information Technology,1800162.47,60.09,4.41,0.8,36868.0,3897.0,32.0,IT Services,0,93.22033898305084,94.91525423728814,77.96610169491525,49.152542372881356,82.85714285714286,71.42857142857143,94.91525423728814,90.9090909090909,10.59,-1.4399999999999995
1094,TECHM,Mar 2021,11.5,18.0,17.51,0.1167,43.5862,0.9559,2661.0,5433.0,46.0,5.6899,89.0,2901.0,8094.0,7.4,7.54,8.21,7.72,Information Technology,1860679.7,51.58,1.63,2.69,37855.0,4353.0,89.0,IT Services,0,94.91525423728814,91.52542372881356,83.05084745762711,62.71186440677966,100.0,85.71428571428571,89.83050847457628,78.18181818181819,7.29,0.4299999999999997
1096,TECHM,Mar 2022,12.61,18.0,20.94,0.0974,56.0429,1.0052,5765.0,480.0,57.0,6.1244,47.0,2618.0,5285.0,8.91,14.58,14.47,12.65,Information Technology,2390842.75,47.31,13.71,4.31,44646.0,5630.0,47.0,IT Services,0,84.7457627118644,84.7457627118644,74.57627118644068,44.06779661016949,91.42857142857143,28.57142857142857,72.88135593220339,61.81818181818181,9.15,3.5
1098,TECHM,Mar 2023,9.11,15.0,17.39,0.0981,26.773,1.1629,5346.0,226.0,50.0,6.3464,91.0,2740.0,5572.0,11.61,5.11,5.09,7.27,Information Technology,3048920.3,41.79,3.57,3.25,53290.0,4857.0,91.0,IT Services,0,96.61016949152543,98.30508474576271,45.76271186440678,50.847457627118644,68.57142857142857,97.14285714285714,74.57627118644068,96.36363636363636,11.53,-4.26
1100,TECHM,Mar 2024,4.61,9.0,8.99,0.0951,13.8597,1.205,5058.0,1318.0,24.0,6.0474,150.0,2537.0,6376.0,8.4,-10.99,-11.42,-4.67,Information Technology,3021095.64,57.4,7.43,0.64,51996.0,2397.0,150.0,IT Services,0,100.0,100.0,37.28813559322034,55.932203389830505,97.14285714285714,100.0,69.49152542372882,98.18181818181819,8.98,-13.65
1101,TITAN,Mar 2013,7.16,10.0,36.8,0.0,21.8235,1.7204,411.0,142.0,8.0,2.2135,26.0,0.0,553.0,,,,,Consumer Discretionary,,,,,10123.0,725.0,26.0,Jewellery,1,16.666666666666664,25.0,33.33333333333333,58.333333333333336,,,8.333333333333332,41.66666666666667,,
1102,TITAN,Mar 2014,6.73,10.0,29.13,0.3199,13.3793,1.7881,-826.0,271.0,8.0,2.8348,25.0,807.0,-555.0,,,,,Consumer Discretionary,,,,,10927.0,735.0,25.0,Jewellery,1,25.0,75.0,16.666666666666664,100.0,,,33.33333333333333,83.33333333333334,,
1103,TITAN,Mar 2015,6.850000000000001,10.0,26.46,0.0324,15.0617,2.0302,385.0,118.0,9.0,3.4652,25.0,100.0,503.0,,,,,Consumer Discretionary,,,,,11913.0,816.0,25.0,Jewellery,1,41.66666666666667,50.0,8.333333333333332,66.66666666666666,,,25.0,75.0,,
1104,TITAN,Mar 2016,5.99,8.0,19.25,0.0322,24.0,1.778,417.0,159.0,8.0,3.9404,29.0,113.0,576.0,,,,,Consumer Discretionary,,,,,11276.0,675.0,29.0,Jewellery,1,83.33333333333334,83.33333333333334,25.0,50.0,,,16.666666666666664,33.33333333333333,,
1105,TITAN,Mar 2017,5.26,9.0,16.47,0.4446,29.5263,1.5772,759.0,953.0,8.0,4.7562,32.0,1882.0,1712.0,,,,,Consumer Discretionary,,,,,13261.0,697.0,32.0,Jewellery,1,91.66666666666666,91.66666666666666,66.66666666666666,25.0,,,58.333333333333336,25.0,,
1106,TITAN,Mar 2018,6.84,10.0,21.65,0.3322,32.3396,1.6931,47.0,98.0,13.0,5.7191,29.0,1691.0,-51.0,9.75,8.73,10.2,9.56,Consumer Discretionary,,,,,16120.0,1102.0,29.0,Jewellery,1,75.0,62.5,41.66666666666667,75.0,100.0,85.71428571428571,41.66666666666667,16.666666666666664,9.56,0.0
1107,TITAN,Mar 2019,7.02,10.0,22.88,0.3942,40.9811,1.6891,446.0,797.0,16.0,6.8202,32.0,2393.0,1243.0,12.6,13.58,14.87,13.68,Consumer Discretionary,1135740.07,63.2,11.39,0.44,19779.0,1389.0,32.0,Jewellery,1,58.333333333333336,41.66666666666667,50.0,33.33333333333333,71.42857142857143,57.14285714285714,50.0,8.333333333333332,13.68,0.0
1108,TITAN,Mar 2020,7.090000000000001,12.0,22.39,0.5341,15.759,1.5543,-113.0,235.0,17.0,7.4933,24.0,3562.0,-348.0,12.06,12.84,13.56,12.82,Consumer Discretionary,1301076.74,18.73,5.89,4.25,21052.0,1493.0,24.0,Jewellery,1,66.66666666666666,33.33333333333333,75.0,83.33333333333334,85.71428571428571,71.42857142857143,66.66666666666666,66.66666666666666,12.82,0.0
1109,TITAN,Mar 2021,4.5,8.0,12.99,0.752,9.3842,1.3162,1340.0,2799.0,11.0,8.4236,37.0,5638.0,4139.0,13.93,7.61,6.58,9.37,Consumer Discretionary,1401305.03,26.55,3.88,2.22,21644.0,974.0,37.0,Jewellery,1,100.0,100.0,100.0,16.666666666666664,57.14285714285714,100.0,75.0,100.0,9.37,0.0
1110,TITAN,Mar 2022,7.630000000000001,12.0,23.63,0.782,16.1514,1.3592,441.0,1165.0,24.0,10.4528,31.0,7275.0,-724.0,16.78,25.82,24.57,22.39,Consumer Discretionary,1599747.79,72.03,9.49,4.44,28799.0,2198.0,31.0,Jewellery,1,50.0,16.666666666666664,91.66666666666666,41.66666666666667,42.857142857142854,14.285714285714285,83.33333333333334,58.333333333333336,22.39,0.0
1111,TITAN,Mar 2023,8.07,12.0,27.63,0.7904,17.2933,1.5017,-444.0,1814.0,37.0,13.3157,27.0,9367.0,1370.0,20.28,24.33,23.27,22.63,Consumer Discretionary,1862221.59,28.61,3.98,2.29,40575.0,3274.0,27.0,Jewellery,1,33.33333333333333,8.333333333333332,83.33333333333334,91.66666666666666,28.57142857142857,28.57142857142857,91.66666666666666,50.0,22.63,0.0
1112,TITAN,Mar 2024,6.84,10.0,37.22,1.6531,9.412,1.6193,1506.0,189.0,39.0,10.5539,28.0,15528.0,1695.0,20.9,20.27,19.51,20.23,Consumer Discretionary,1793769.72,10.13,10.51,3.1,51084.0,3496.0,28.0,Jewellery,1,8.333333333333332,62.5,58.333333333333336,8.333333333333332,14.285714285714285,42.857142857142854,100.0,91.66666666666666,20.23,0.0
1113,TORNTPHARM,Mar 2013,13.58,22.0,30.59,0.4873,20.5294,0.8535,-94.0,247.0,13.0,3.3857,45.0,693.0,153.0,,,,,Healthcare,,,,,3203.0,435.0,45.0,Pharmaceuticals,0,5.0,56.666666666666664,3.3333333333333335,88.33333333333333,,,78.33333333333333,75.0,,
1114,TORNTPHARM,Mar 2014,15.92,23.0,34.89,0.5949,16.7627,0.8307,181.0,418.0,20.0,2.2388,25.0,1132.0,599.0,,,,,Healthcare,,,,,4172.0,664.0,25.0,Pharmaceuticals,0,3.3333333333333335,45.0,6.666666666666667,78.33333333333333,,,86.66666666666667,76.66666666666667,,
1115,TORNTPHARM,Mar 2015,16.2,22.0,30.15,1.1,7.4629,0.5928,-1303.0,2113.0,22.0,2.9306,25.0,2740.0,810.0,,,,,Healthcare,,,,,4636.0,751.0,25.0,Pharmaceuticals,0,6.666666666666667,40.0,68.33333333333333,95.0,,,95.0,93.33333333333333,,
1116,TORNTPHARM,Mar 2016,25.92,41.0,49.6,0.6732,15.0272,0.7525,1873.0,869.0,51.0,4.1106,34.0,2352.0,2742.0,,,,,Healthcare,,,,,6687.0,1733.0,34.0,Pharmaceuticals,0,1.6666666666666667,16.666666666666664,25.0,23.333333333333332,,,88.33333333333333,80.0,,
1117,TORNTPHARM,Mar 2017,16.06,24.0,21.47,0.5769,7.767,0.6058,211.0,798.0,28.0,5.1188,25.0,2510.0,1009.0,,,,,Healthcare,,,,,5816.0,934.0,25.0,Pharmaceuticals,0,25.0,43.333333333333336,66.66666666666666,76.66666666666667,,,81.66666666666667,91.66666666666666,,
1118,TORNTPHARM,Mar 2018,11.39,23.0,14.67,1.3978,5.3506,0.4177,-3783.0,4677.0,20.0,5.4388,35.0,6462.0,894.0,13.19,9.28,9.0,10.49,Healthcare,,,,,5950.0,678.0,35.0,Pharmaceuticals,0,58.333333333333336,73.33333333333333,98.33333333333333,100.0,14.285714285714285,48.57142857142857,100.0,96.66666666666667,1.48,9.01
1119,TORNTPHARM,Mar 2019,5.680000000000001,26.0,9.229999999999999,1.2779,3.3393,0.5437,1552.0,246.0,13.0,5.5588,66.0,6038.0,1798.0,12.96,-8.07,-8.25,-1.12,Healthcare,961478.14,78.75,1.44,2.04,7673.0,436.0,66.0,Pharmaceuticals,0,88.33333333333333,100.0,84.16666666666667,35.0,20.0,91.42857142857143,98.33333333333333,100.0,0.94,-2.06
1120,TORNTPHARM,Mar 2020,12.91,27.0,21.25,1.199,5.0798,0.5667,1622.0,229.0,30.0,5.6753,53.0,5784.0,1393.0,11.36,6.42,6.4,8.06,Healthcare,1212490.1,65.62,1.87,0.96,7939.0,1025.0,53.0,Pharmaceuticals,0,33.33333333333333,60.0,75.0,30.0,40.0,54.285714285714285,96.66666666666667,98.33333333333333,-2.59,10.65
1121,TORNTPHARM,Mar 2021,15.64,31.0,21.45,0.8349,7.187,0.5687,1561.0,444.0,37.0,6.8682,47.0,4874.0,2005.0,3.66,-6.3,-6.22,-2.95,Healthcare,1046185.12,42.51,11.26,0.51,8005.0,1252.0,47.0,Pharmaceuticals,0,26.666666666666668,46.666666666666664,71.66666666666667,33.33333333333333,91.42857142857143,88.57142857142857,91.66666666666666,95.0,-7.39,4.4399999999999995
1122,TORNTPHARM,Mar 2022,9.13,29.0,13.05,0.6837,8.4039,0.6592,1607.0,196.0,23.0,7.0035,105.0,4070.0,1803.0,7.9,-3.61,-3.86,0.14,Healthcare,1227158.01,51.26,10.52,3.52,8508.0,777.0,105.0,Pharmaceuticals,0,65.0,86.66666666666667,53.333333333333336,31.666666666666664,71.42857142857143,77.14285714285715,90.0,90.0,-8.29,8.43
1123,TORNTPHARM,Mar 2023,12.94,30.0,20.09,0.8662,8.6697,0.6585,33.0,2335.0,37.0,3.6675,60.0,5369.0,2368.0,10.09,12.92,13.09,12.03,Healthcare,1641817.42,38.01,12.97,0.58,9620.0,1245.0,60.0,Pharmaceuticals,0,36.666666666666664,58.333333333333336,55.00000000000001,81.66666666666667,48.57142857142857,31.428571428571427,93.33333333333333,88.33333333333333,23.06,-11.03
1124,TORNTPHARM,Mar 2024,15.44,31.0,24.15,0.5866,9.9266,0.7396,3106.0,160.0,49.0,4.0568,57.0,4022.0,3266.0,6.93,30.59,30.39,22.64,Healthcare,1870170.39,46.4,6.43,1.22,10728.0,1656.0,57.0,Pharmaceuticals,0,16.666666666666664,50.0,26.666666666666668,11.666666666666666,74.28571428571429,5.714285714285714,85.0,86.66666666666667,21.59,1.0500000000000007
1125,TRENT,Mar 2013,-1.27,0.0,-2.19,0.2786,2.1724,0.9651,-245.0,276.0,-1.0,3.7303,-87.0,343.0,31.0,,,,,Consumer Discretionary,,,,,2132.0,-27.0,-87.0,Retail,0,95.83333333333334,95.83333333333334,75.0,79.16666666666666,,,58.333333333333336,95.83333333333334,,
1126,TRENT,Mar 2014,-0.8099999999999999,0.0,-1.92,0.335,3.1154,1.2051,-94.0,48.0,-1.0,3.003,-125.0,332.0,-46.0,,,,,Consumer Discretionary,,,,,2333.0,-19.0,-125.0,Retail,0,91.66666666666666,91.66666666666666,58.333333333333336,62.5,,,66.66666666666666,83.33333333333334,,
1127,TRENT,Mar 2015,5.65,4.0,9.07,0.1878,13.4545,1.0349,-316.0,306.0,4.0,4.3091,26.0,267.0,-10.0,,,,,Consumer Discretionary,,,,,2284.0,129.0,26.0,Retail,0,58.333333333333336,8.333333333333332,62.5,87.5,,,41.66666666666667,33.33333333333333,,
1128,TRENT,Mar 2016,3.26,5.0,3.76,0.2732,3.6667,0.7816,11.0,98.0,2.0,4.4364,54.0,400.0,109.0,,,,,Consumer Discretionary,,,,,1686.0,55.0,54.0,Retail,0,83.33333333333334,75.0,87.5,50.0,,,54.166666666666664,75.0,,
1129,TRENT,Mar 2017,4.69,7.0,5.489999999999999,0.2534,4.6739,0.8155,58.0,44.0,3.0,4.6879,39.0,392.0,102.0,,,,,Consumer Discretionary,,,,,1812.0,85.0,39.0,Retail,0,70.83333333333334,37.5,83.33333333333334,45.83333333333333,,,50.0,70.83333333333334,,
1130,TRENT,Mar 2018,4.03,10.0,5.45,0.2451,5.3409,0.9234,73.0,4.0,3.0,4.8333,44.0,391.0,77.0,0.23,,,0.08,Consumer Discretionary,,,,,2157.0,87.0,44.0,Retail,0,75.0,52.083333333333336,79.16666666666666,41.66666666666667,100.0,,45.83333333333333,62.5,44.73,-44.65
1131,TRENT,Mar 2019,3.61,9.0,5.77,0.3001,5.3137,1.0277,-16.0,37.0,3.0,4.9879,45.0,494.0,21.0,2.43,,,0.81,Consumer Discretionary,709354.25,70.85,12.21,3.78,2630.0,95.0,45.0,Retail,0,66.66666666666666,62.5,66.66666666666666,54.166666666666664,92.85714285714286,,62.5,66.66666666666666,36.97,-36.16
1132,TRENT,Mar 2020,3.04,15.0,4.44,0.1256,2.5703,0.633,-448.0,809.0,3.0,6.6333,29.0,300.0,361.0,8.82,-3.85,-5.59,-0.21,Consumer Discretionary,704799.66,50.52,9.53,1.25,3486.0,106.0,29.0,Retail,0,79.16666666666666,79.16666666666666,91.66666666666666,91.66666666666666,85.71428571428571,90.9090909090909,33.33333333333333,87.5,37.58,-37.79
1133,TRENT,Mar 2021,-6.98,4.0,-7.829999999999999,0.1297,1.1992,0.453,303.0,18.0,-4.0,6.425,-15.0,300.0,285.0,8.99,,,3.0,Consumer Discretionary,700098.06,78.02,14.33,1.37,2593.0,-181.0,-15.0,Retail,0,100.0,100.0,100.0,20.833333333333336,78.57142857142857,,37.5,100.0,24.71,-21.71
1134,TRENT,Mar 2022,0.7799999999999999,13.0,1.48,1.9987,2.2985,0.5822,114.0,56.0,3.0,6.5667,57.0,4725.0,58.0,19.94,-16.26,0.0,1.23,Consumer Discretionary,607706.78,68.1,13.78,1.2,4498.0,35.0,57.0,Retail,0,87.5,87.5,95.83333333333334,33.33333333333333,71.42857142857143,100.0,100.0,91.66666666666666,23.37,-22.14
1135,TRENT,Mar 2023,4.78,14.0,15.18,1.7196,3.5575,1.0198,492.0,103.0,13.0,7.2111,18.0,4464.0,595.0,30.75,35.27,34.08,33.37,Consumer Discretionary,583656.73,65.94,9.88,2.62,8242.0,394.0,18.0,Retail,0,29.166666666666668,33.33333333333333,70.83333333333334,12.5,35.714285714285715,45.45454545454545,95.83333333333334,79.16666666666666,23.58,9.79
1136,TRENT,Mar 2024,11.94,16.0,36.31,0.4309,8.0435,1.7279,841.0,508.0,42.0,11.3,8.0,1753.0,1349.0,36.31,73.11,69.52,59.65,Consumer Discretionary,571322.04,8.65,11.82,3.46,12375.0,1477.0,8.0,Retail,0,4.166666666666666,4.166666666666666,54.166666666666664,8.333333333333332,7.142857142857142,9.090909090909092,75.0,41.66666666666667,22.06,37.59
1137,TVSMOTOR,Mar 2013,2.64,6.0,22.02,1.188,5.5146,2.2212,344.0,120.0,4.0,1.8729,30.0,1068.0,464.0,,,,,Consumer Discretionary,,,,,7510.0,198.0,30.0,Automobiles,0,40.963855421686745,90.36144578313254,6.024096385542169,54.21686746987952,,,66.26506024096386,71.08433734939759,,
1138,TVSMOTOR,Mar 2014,2.23,6.0,16.11,0.627,6.7,2.3084,235.0,235.0,4.0,2.4188,37.0,728.0,470.0,,,,,Consumer Discretionary,,,,,8384.0,187.0,37.0,Automobiles,0,67.46987951807229,91.56626506024097,3.614457831325301,60.24096385542169,,,60.24096385542169,68.67469879518072,,
1139,TVSMOTOR,Mar 2015,3.2,6.0,24.75,0.8445,11.0484,2.2442,-332.0,415.0,7.0,2.7604,28.0,1119.0,83.0,,,,,Consumer Discretionary,,,,,10256.0,328.0,28.0,Automobiles,0,28.915662650602407,84.33734939759037,4.819277108433735,71.08433734939759,,,61.44578313253012,60.24096385542169,,
1140,TVSMOTOR,Mar 2016,3.77,7.0,23.58,0.5998,13.0286,2.2108,331.0,605.0,9.0,3.7896,28.0,1091.0,936.0,,,,,Consumer Discretionary,,,,,11377.0,429.0,28.0,Automobiles,0,33.734939759036145,80.72289156626506,7.228915662650602,56.62650602409639,,,59.036144578313255,59.036144578313255,,
1141,TVSMOTOR,Mar 2017,4.08,7.0,22.96,0.5913,17.2333,2.0338,-20.0,709.0,11.0,4.6188,23.0,1311.0,689.0,,,,,Consumer Discretionary,,,,,12463.0,509.0,23.0,Automobiles,0,34.93975903614458,78.3132530120482,9.63855421686747,65.06024096385542,,,57.831325301204814,57.831325301204814,,
1142,TVSMOTOR,Mar 2018,4.07,10.0,24.83,2.587,4.858,1.2388,-741.0,1095.0,14.0,5.5792,24.0,6928.0,354.0,16.82,27.42,28.47,24.24,Consumer Discretionary,,,,,16340.0,665.0,24.0,Automobiles,0,27.710843373493976,79.51807228915662,38.55421686746988,75.90361445783132,4.166666666666666,9.523809523809524,90.36144578313254,72.28915662650603,21.56,2.6799999999999997
1143,TVSMOTOR,Mar 2019,3.6,11.0,22.86,2.9322,3.3002,1.2075,-2022.0,1104.0,15.0,6.6063,24.0,9298.0,-918.0,19.18,31.13,30.26,26.86,Consumer Discretionary,143093.33,15.6,6.89,3.67,20160.0,725.0,24.0,Automobiles,0,36.144578313253014,81.92771084337349,40.963855421686745,81.92771084337349,2.083333333333333,7.142857142857142,91.56626506024097,85.54216867469879,19.26,7.599999999999998
1144,TVSMOTOR,Mar 2020,3.43,12.0,19.71,3.5306,2.662,0.9781,-717.0,1090.0,13.0,6.8396,27.0,11591.0,373.0,12.94,14.55,13.18,13.56,Consumer Discretionary,170247.22,24.28,4.64,1.29,18849.0,647.0,27.0,Automobiles,0,54.21686746987952,83.13253012048193,65.06024096385542,74.69879518072288,14.583333333333334,23.809523809523807,96.3855421686747,92.7710843373494,8.31,5.25
1145,TVSMOTOR,Mar 2021,3.13,11.0,15.89,3.1824,2.5743,0.8882,269.0,882.0,13.0,7.9729,28.0,12179.0,1151.0,11.29,7.22,7.63,8.71,Consumer Discretionary,206731.04,68.15,7.31,1.86,19421.0,608.0,28.0,Automobiles,0,68.67469879518072,85.54216867469879,74.69879518072288,57.831325301204814,18.75,64.28571428571429,93.97590361445783,95.18072289156626,-1.58,10.290000000000001
1146,TVSMOTOR,Mar 2022,3.0,11.0,16.61,3.597,2.9255,0.9048,-3046.0,1471.0,16.0,9.1667,24.0,15827.0,-1575.0,14.34,7.51,7.78,9.88,Consumer Discretionary,249058.89,8.52,13.87,4.22,24355.0,731.0,24.0,Automobiles,0,65.06024096385542,87.95180722891565,71.08433734939759,84.33734939759037,8.333333333333332,58.333333333333336,97.59036144578313,89.1566265060241,-6.5,16.380000000000003
1147,TVSMOTOR,Mar 2023,4.09,13.0,23.78,4.0647,3.0431,0.9129,-5713.0,1308.0,28.0,11.4688,18.0,22376.0,-4405.0,14.37,14.5,14.87,14.58,Consumer Discretionary,215205.91,46.5,7.83,1.07,31974.0,1309.0,18.0,Automobiles,0,32.53012048192771,77.10843373493977,69.87951807228916,92.7710843373494,6.25,26.190476190476193,100.0,86.74698795180723,3.38,11.2
1148,TVSMOTOR,Mar 2024,4.54,14.0,26.22,3.8334,2.9077,0.9315,-2254.0,1001.0,36.0,14.1333,23.0,26006.0,-1253.0,14.19,19.67,19.14,17.67,Consumer Discretionary,266591.41,46.1,5.62,3.07,39145.0,1779.0,23.0,Automobiles,0,22.89156626506024,73.49397590361446,68.67469879518072,83.13253012048193,10.416666666666668,19.047619047619047,98.79518072289156,91.56626506024097,11.22,6.450000000000001
1149,ULTRACEMCO,Mar 2013,13.1,24.0,17.65,0.4821,20.4087,0.6935,-744.0,4362.0,98.0,5.558,9.0,7342.0,3618.0,,,,,,,,,,20514.0,2688.0,9.0,Cement,1,5.88235294117647,38.23529411764706,35.294117647058826,88.23529411764706,,,82.35294117647058,38.23529411764706,,
1150,ULTRACEMCO,Mar 2014,10.68,19.0,12.88,0.4267,12.0693,0.6441,1113.0,2342.0,80.0,6.2708,11.0,7332.0,3455.0,,,,,,,,,,20730.0,2213.0,11.0,Cement,1,44.11764705882353,58.82352941176471,58.82352941176471,58.82352941176471,,,79.41176470588235,67.64705882352942,,
1151,ULTRACEMCO,Mar 2015,9.02,19.0,11.04,0.5162,8.1346,0.6125,2046.0,2144.0,76.0,6.9493,12.0,9829.0,4190.0,,,,,,,,,,23306.0,2102.0,12.0,Cement,1,70.58823529411765,70.58823529411765,76.47058823529412,35.294117647058826,,,91.17647058823529,91.17647058823529,,
1152,ULTRACEMCO,Mar 2016,9.86,19.0,11.3,0.4838,9.4788,0.6106,853.0,3673.0,90.0,8.0091,11.0,10616.0,4526.0,,,,,,,,,,25153.0,2480.0,11.0,Cement,1,64.70588235294117,67.64705882352942,82.35294117647058,67.64705882352942,,,85.29411764705883,79.41176470588235,,
1153,ULTRACEMCO,Mar 2017,10.7,21.0,11.13,0.3474,9.1562,0.6012,2504.0,2501.0,99.0,8.8698,10.0,8474.0,5005.0,,,,,,,,,,25375.0,2714.0,10.0,Cement,1,67.64705882352942,55.88235294117647,85.29411764705883,29.411764705882355,,,73.52941176470588,82.35294117647058,,
1154,ULTRACEMCO,Mar 2018,7.180000000000001,20.0,8.43,0.7384,5.1591,0.5422,5754.0,1866.0,81.0,9.5935,13.0,19480.0,3888.0,8.59,-3.72,-3.74,0.38,,,,,,30979.0,2224.0,13.0,Cement,1,82.35294117647058,91.17647058823529,88.23529411764706,8.823529411764707,90.0,100.0,97.05882352941177,94.11764705882352,0.38,0.0
1155,ULTRACEMCO,Mar 2019,5.79,18.0,7.109999999999999,0.7507,4.329,0.5418,7121.0,1165.0,88.0,12.2731,13.0,25337.0,5956.0,14.87,1.64,1.92,6.14,,,,,,41462.0,2400.0,13.0,Cement,1,100.0,100.0,91.17647058823529,5.88235294117647,50.0,90.0,100.0,100.0,6.14,0.0
1156,ULTRACEMCO,Mar 2020,13.55,22.0,14.73,0.5896,4.9684,0.5356,4780.0,4192.0,199.0,13.51,7.0,23019.0,8972.0,12.73,22.3,21.23,18.75,,,,,,42430.0,5751.0,7.0,Cement,1,23.52941176470588,29.411764705882355,94.11764705882352,11.76470588235294,55.00000000000001,20.0,94.11764705882352,97.05882352941177,18.75,0.0
1157,ULTRACEMCO,Mar 2021,12.21,26.0,12.36,0.4917,8.2012,0.519,3644.0,8856.0,189.0,15.2855,20.0,21719.0,12500.0,12.2,17.11,16.0,15.1,,,,,,44726.0,5462.0,20.0,Cement,1,50.0,47.05882352941176,97.05882352941177,14.705882352941178,70.0,45.0,88.23529411764706,88.23529411764706,15.1,0.0
1158,ULTRACEMCO,Mar 2022,13.94,22.0,14.54,0.224,12.8921,0.6276,11540.0,2257.0,254.0,17.4519,15.0,11299.0,9283.0,15.69,22.0,20.74,19.48,,,,,,52599.0,7334.0,15.0,Cement,1,32.35294117647059,23.52941176470588,70.58823529411765,2.941176470588235,35.0,25.0,58.82352941176471,64.70588235294117,19.48,0.0
1159,ULTRACEMCO,Mar 2023,8.02,17.0,9.34,0.2036,13.52,0.6921,1881.0,7188.0,175.0,18.7976,22.0,11058.0,9069.0,15.34,17.93,16.66,16.64,,,,,,63240.0,5073.0,22.0,Cement,1,79.41176470588235,88.23529411764706,38.23529411764706,41.17647058823529,45.0,40.0,55.88235294117647,58.82352941176471,16.64,0.0
1160,ULTRACEMCO,Mar 2024,9.879999999999999,18.0,11.63,0.1893,13.9835,0.7035,2109.0,8789.0,243.0,20.8401,29.0,11403.0,10898.0,11.33,23.89,22.53,19.25,,,,,,70908.0,7004.0,29.0,Cement,1,55.88235294117647,64.70588235294117,29.411764705882355,32.35294117647059,80.0,15.0,52.94117647058824,52.94117647058824,19.25,0.0
1161,UNIONBANK,Mar 2013,8.53,1.0,12.39,16.6054,0.1817,0.0804,-4588.0,343.0,36.0,2.901,22.0,287589.0,-4245.0,,,,,,,,,,25169.0,2146.0,22.0,Public Sector Banks,0,33.33333333333333,29.166666666666668,33.33333333333333,75.0,,,85.41666666666666,77.77777777777779,,
1162,UNIONBANK,Mar 2014,5.74,-3.0,9.049999999999999,17.5528,0.1043,0.0828,2207.0,363.0,27.0,2.9578,15.0,327078.0,2570.0,,,,,,,,,,29394.0,1687.0,15.0,Public Sector Banks,0,41.66666666666667,43.75,29.166666666666668,54.166666666666664,,,95.83333333333334,83.33333333333334,,
1163,UNIONBANK,Mar 2015,5.510000000000001,-3.0,8.9,17.7204,0.1262,0.0839,-3885.0,318.0,28.0,3.1288,22.0,352618.0,-3567.0,,,,,,,,,,32164.0,1771.0,22.0,Public Sector Banks,0,45.83333333333333,45.83333333333333,27.083333333333332,70.83333333333334,,,97.91666666666666,80.55555555555556,,
1164,UNIONBANK,Mar 2016,4.17,-6.0,5.84,16.2597,0.084,0.0793,72.0,9.0,20.0,3.3549,10.0,374754.0,81.0,,,,,,,,,,32316.0,1347.0,10.0,Public Sector Banks,0,58.333333333333336,53.125,35.41666666666667,58.333333333333336,,,81.25,86.11111111111111,,
1165,UNIONBANK,Mar 2017,1.75,-15.0,2.38,17.3669,0.0252,0.072,-6904.0,280.0,8.0,3.507,0.0,418420.0,-6624.0,,,,,,,,,,32817.0,573.0,0.0,Public Sector Banks,0,68.75,70.83333333333334,44.79166666666667,79.16666666666666,,,93.75,91.66666666666666,,
1166,UNIONBANK,Mar 2018,-15.82,-36.0,-20.64,18.0567,-0.2658,0.0671,5782.0,315.0,-45.0,2.1601,0.0,455969.0,6097.0,5.54,,,1.85,,,,,,32952.0,-5212.0,0.0,Public Sector Banks,0,93.75,95.83333333333334,61.458333333333336,43.75,64.28571428571429,,100.0,100.0,,
1167,UNIONBANK,Mar 2019,-8.52,-25.0,-10.89,17.1702,-0.1489,0.0688,-8075.0,297.0,-17.0,1.5222,0.0,460780.0,-7778.0,3.14,,,1.05,,,,,,34314.0,-2922.0,0.0,Public Sector Banks,0,89.58333333333334,89.58333333333334,54.166666666666664,83.33333333333334,82.14285714285714,,91.66666666666666,97.22222222222221,,
1168,UNIONBANK,Mar 2020,-8.33,-25.0,-9.180000000000001,14.8617,-0.1445,0.0675,-81.0,4.0,-9.0,0.993,0.0,505150.0,-77.0,3.11,,,1.04,,,,,,37479.0,-3121.0,0.0,Public Sector Banks,0,85.41666666666666,87.5,56.25,60.416666666666664,85.71428571428571,,50.0,94.44444444444444,,
1169,UNIONBANK,Mar 2021,4.130000000000001,-16.0,4.42,15.1005,0.0734,0.064,19926.0,601.0,4.0,1.0104,0.0,977576.0,20527.0,16.49,16.28,-27.52,1.75,,,,,,69311.0,2863.0,0.0,Public Sector Banks,0,62.5,56.25,75.0,16.666666666666664,17.857142857142858,63.63636363636363,58.333333333333336,88.88888888888889,,
1170,UNIONBANK,Mar 2022,7.720000000000001,-6.0,7.430000000000001,15.3203,0.2317,0.0572,35781.0,558.0,8.0,1.0367,25.0,1085613.0,36339.0,15.76,55.83,0.0,23.86,,,,,,68230.0,5265.0,25.0,Public Sector Banks,0,54.166666666666664,35.41666666666667,95.83333333333334,6.25,25.0,27.27272727272727,64.58333333333334,75.0,,
1171,UNIONBANK,Mar 2023,10.49,-4.0,10.8,14.7589,0.2684,0.063,3495.0,2561.0,12.0,1.1529,24.0,1163059.0,6056.0,19.76,,,6.59,,,,,,81163.0,8512.0,24.0,Public Sector Banks,0,37.5,20.833333333333336,77.08333333333334,50.0,7.142857142857142,,45.83333333333333,72.22222222222221,,
1172,UNIONBANK,Mar 2024,13.75,5.0,14.14,12.8237,0.3536,0.0716,18536.0,1394.0,18.0,1.2785,20.0,1251568.0,19930.0,23.95,,,7.98,,,,,,100376.0,13797.0,20.0,Public Sector Banks,0,29.166666666666668,8.333333333333332,47.91666666666667,20.833333333333336,3.571428571428571,,31.25,69.44444444444444,,
1173,INDIGO,Mar 2013,8.55,855.0,17886.36,2.5,28.2331,353.9615,-149.0,1890.0,25647.0,1.1,70.0,11.0,1741.0,,,,,Consumer Discretionary,,,,,9203.0,787.0,70.0,Airlines,1,8.333333333333332,50.0,8.333333333333332,83.33333333333334,,,91.66666666666666,33.33333333333333,,
1174,INDIGO,Mar 2014,4.26,433.0,10772.73,3.1818,27.335,317.6286,-1319.0,2914.0,15454.0,1.1,80.0,14.0,1595.0,,,,,Consumer Discretionary,,,,,11117.0,474.0,80.0,Airlines,1,16.666666666666664,58.333333333333336,16.666666666666664,100.0,,,100.0,41.66666666666667,,
1175,INDIGO,Mar 2015,9.36,1904.0,4939.39,0.1515,30.4709,228.2787,1444.0,940.0,42481.0,6.6,83.0,4.0,2384.0,,,,,Consumer Discretionary,,,,,13925.0,1304.0,83.0,Airlines,1,25.0,33.33333333333333,25.0,58.333333333333336,,,50.0,25.0,,
1176,INDIGO,Mar 2016,12.3,3164.0,1534.78,0.0618,25.235,82.3469,1779.0,1337.0,55.0,32.35,27.0,8.0,3116.0,,,,,Consumer Discretionary,,,,,16140.0,1986.0,27.0,Airlines,1,50.0,8.333333333333332,50.0,41.66666666666667,,,41.66666666666667,50.0,,
1177,INDIGO,Mar 2017,8.93,2219.0,1692.86,0.5306,20.7529,75.5285,749.0,3033.0,46.0,0.3379,74.0,52.0,3782.0,,,,,Consumer Discretionary,,,,,18580.0,1659.0,74.0,Airlines,1,41.66666666666667,41.66666666666667,66.66666666666666,66.66666666666666,,,66.66666666666666,83.33333333333334,,
1178,INDIGO,Mar 2018,9.74,3030.0,2242.0,0.54,21.1235,82.5125,-249.0,4152.0,58.0,0.3448,10.0,54.0,3903.0,20.13,23.29,-70.43,-9.0,Consumer Discretionary,,,,,23021.0,2242.0,10.0,Airlines,1,33.33333333333333,25.0,41.66666666666667,91.66666666666666,42.857142857142854,66.66666666666666,75.0,75.0,-9.0,0.0
1179,INDIGO,Mar 2019,0.5499999999999999,-151.0,120.93,0.6822,21.6204,76.3995,634.0,2526.0,4.0,0.4448,123.0,88.0,3160.0,20.72,-19.93,-80.83,-26.68,Consumer Discretionary,1427895.35,60.24,6.95,3.21,28497.0,156.0,123.0,Airlines,1,66.66666666666666,66.66666666666666,58.333333333333336,75.0,28.57142857142857,100.0,83.33333333333334,66.66666666666666,-26.68,0.0
1180,INDIGO,Mar 2020,-0.69,4069.0,-138.55,0.419,20.7041,84.7299,2370.0,4573.0,-6.0,0.6172,0.0,75.0,6943.0,20.76,,,6.92,Consumer Discretionary,1232702.22,41.91,14.04,2.83,35756.0,-248.0,0.0,Airlines,1,91.66666666666666,83.33333333333334,33.33333333333333,33.33333333333333,14.285714285714285,,58.333333333333336,91.66666666666666,6.92,0.0
1181,INDIGO,Mar 2021,-42.15,2.0,-1094.15,0.016,14.1293,18.053,1608.0,3228.0,-151.0,1.175,0.0,9.0,-1620.0,-1.93,,,-0.64,Consumer Discretionary,1055244.71,51.42,10.87,0.66,14641.0,-6171.0,0.0,Airlines,1,100.0,100.0,100.0,50.0,100.0,,16.666666666666664,100.0,-0.64,0.0
1182,INDIGO,Mar 2022,-1.22,558.0,-48.77,0.0185,35.0,28.1859,3591.0,1527.0,-160.0,1.3542,0.0,12.0,2064.0,6.89,,,2.3,Consumer Discretionary,1034978.53,19.25,10.95,3.07,25931.0,-317.0,0.0,Airlines,1,83.33333333333334,91.66666666666666,91.66666666666666,25.0,85.71428571428571,,25.0,8.333333333333332,2.3,0.0
1183,INDIGO,Mar 2023,-0.58,6521.0,-40.8,0.0154,33.4997,51.2674,8664.0,4039.0,-8.0,1.6187,0.0,12.0,12703.0,18.79,,,6.26,Consumer Discretionary,997429.81,55.98,3.2,2.22,54446.0,-317.0,0.0,Airlines,1,75.0,75.0,83.33333333333334,16.666666666666664,71.42857142857143,,8.333333333333332,16.666666666666664,6.26,0.0
1184,INDIGO,Mar 2024,11.85,16331.0,892.57,0.0186,22.6126,56.3863,9424.0,11759.0,212.0,1.9062,0.0,17.0,21183.0,19.31,120.69,121.24,87.08,Consumer Discretionary,1040632.92,76.23,7.87,4.27,68904.0,8167.0,0.0,Airlines,1,58.333333333333336,16.666666666666664,75.0,8.333333333333332,57.14285714285714,33.33333333333333,33.33333333333333,58.333333333333336,87.08,0.0
